prob_topic_0,prob_topic_1,prob_topic_2,prob_topic_3,prob_topic_6,prob_topic_7,prob_topic_8,prob_topic_9,original_index,placekeys_y,timestamps_y,sentiment score
0.7036943246626853,5.388585196291705e-98,0.0450741834176933,3.348011673471096e-98,0.0012962833262965,0.0015162415040117,6.264212318121915e-97,7.079401598477828e-70,1000000.0,zzy-222@5sb-5p7-r8v,2023-07-26 21:25:08,0.0166666666666666
0.4867406218872692,0.0,0.0248747482369395,0.0,0.0,0.0010070972167561,0.0,0.0,1000001.0,zzy-222@5sb-5p7-r8v,2022-06-07 03:44:08,0.4619047619047619
0.8448432533435641,6.181502e-317,0.0400429029587636,3.843181e-317,2.99797877e-315,0.0018740513497415,1.34081373e-316,1.324706754e-315,1000002.0,zzy-222@5sb-5p7-r8v,2023-10-08 23:25:46,0.3281249999999999
0.9921040652958402,5.690543841934425e-110,2.0708788885675734e-96,3.525574152871545e-110,4.048695655904442e-109,1.4957440303301195e-97,6.957735373367984e-110,3.108991453655496e-109,1000003.0,zzy-222@5sb-5p7-r8v,2023-08-12 00:42:56,0.2228571428571428
0.7017560542764828,1.2852012882645847e-79,0.0390587971437137,8.035592579168211e-80,2.387168703607756e-64,0.001652387582967,6.224409358864258e-79,2.0943951923530515e-73,1000004.0,zzy-222@5sb-5p7-r8v,2022-09-04 23:38:02,0.2700852272727273
0.999306438816182,7.182967520321365e-06,0.0005739337928331,4.455234494398304e-06,5.892767772593049e-06,3.137090223939947e-05,3.676314893035155e-06,5.248754193139099e-06,1000005.0,zzy-222@5sb-5p7-r8v,2023-06-17 16:15:40,-0.3305555555555555
0.7846030088628919,0.0,0.0443330495151279,0.0,0.0,0.0015477604858371,0.0,0.0,1000006.0,zzy-222@5sb-5p7-r8v,2023-04-30 00:29:47,0.4375
0.8861809902329757,5.6735294863094714e-77,0.0329471447890451,3.5271674609318765e-77,8.444885303321185e-76,0.0020804947939569,9.803563194469088e-77,5.2345999962113134e-76,1000007.0,zzy-222@5sb-5p7-r8v,2023-09-16 23:37:19,0.4055555555555555
0.9999999981732752,0.0,0.0,0.0,0.0,0.0,0.0,0.0,1000008.0,zzy-222@5sb-5p7-r8v,2023-06-13 22:29:28,0.5666666666666668
0.380577580790324,5.764348773120057e-259,0.0195270426993165,3.588501407962567e-259,1.402157162828043e-256,0.0007839424574142,1.3943467338681082e-258,3.702681623170151e-257,1000009.0,zzy-222@5sb-5p7-r8v,2024-05-12 23:11:05,0.15
0.380577580790324,5.764348773120057e-259,0.0195270426993165,3.588501407962567e-259,1.402157162828043e-256,0.0007839424574142,1.3943467338681082e-258,3.702681623170151e-257,1000009.0,zzw-222@5sb-5kp-249,2024-05-12 23:11:05,0.15
0.7679174815229679,1.1839710740839294e-196,0.0446098553305831,7.361501714641624e-197,1.5626010631913326e-193,0.0016571472150226,3.279756322868872e-196,2.0410999833803306e-194,1000010.0,zzy-222@5sb-5p7-r8v,2023-11-11 23:51:49,0.2805555555555555
0.7679174815229679,1.1839710740839294e-196,0.0446098553305831,7.361501714641624e-197,1.5626010631913326e-193,0.0016571472150226,3.279756322868872e-196,2.0410999833803306e-194,1000010.0,222-222@5sb-5kn-zzz,2023-11-11 23:51:49,0.2805555555555555
0.7679174815229679,1.1839710740839294e-196,0.0446098553305831,7.361501714641624e-197,1.5626010631913326e-193,0.0016571472150226,3.279756322868872e-196,2.0410999833803306e-194,1000010.0,zzw-222@5sb-5kp-249,2023-11-11 23:51:49,0.2805555555555555
0.7679174815229679,1.1839710740839294e-196,0.0446098553305831,7.361501714641624e-197,1.5626010631913326e-193,0.0016571472150226,3.279756322868872e-196,2.0410999833803306e-194,1000010.0,zzw-222@5sb-5kp-249,2023-11-11 23:51:49,0.2805555555555555
0.7679174815229679,1.1839710740839294e-196,0.0446098553305831,7.361501714641624e-197,1.5626010631913326e-193,0.0016571472150226,3.279756322868872e-196,2.0410999833803306e-194,1000010.0,222-222@5sb-5kn-zzz,2023-11-11 23:51:49,0.2805555555555555
0.7679174815229679,1.1839710740839294e-196,0.0446098553305831,7.361501714641624e-197,1.5626010631913326e-193,0.0016571472150226,3.279756322868872e-196,2.0410999833803306e-194,1000010.0,zzy-222@5sb-5p7-r8v,2023-11-11 23:51:49,0.2805555555555555
0.7679174815229679,1.1839710740839294e-196,0.0446098553305831,7.361501714641624e-197,1.5626010631913326e-193,0.0016571472150226,3.279756322868872e-196,2.0410999833803306e-194,1000010.0,222-222@5sb-5kn-zzz,2023-11-11 23:51:49,0.2805555555555555
0.3866303326619764,6.113834445378152e-131,0.0229487766362431,3.8034889792941465e-131,6.307406418754578e-127,0.0007739117068532,2.154824434152208e-130,2.9808309831355274e-128,1000011.0,zzy-222@5sb-5p7-r8v,2023-10-08 23:23:13,0.1880952380952381
0.3866303326619764,6.113834445378152e-131,0.0229487766362431,3.8034889792941465e-131,6.307406418754578e-127,0.0007739117068532,2.154824434152208e-130,2.9808309831355274e-128,1000011.0,222-222@5sb-5kn-zzz,2023-10-08 23:23:13,0.1880952380952381
0.3866303326619764,6.113834445378152e-131,0.0229487766362431,3.8034889792941465e-131,6.307406418754578e-127,0.0007739117068532,2.154824434152208e-130,2.9808309831355274e-128,1000011.0,zzw-222@5sb-5kp-249,2023-10-08 23:23:13,0.1880952380952381
0.3866303326619764,6.113834445378152e-131,0.0229487766362431,3.8034889792941465e-131,6.307406418754578e-127,0.0007739117068532,2.154824434152208e-130,2.9808309831355274e-128,1000011.0,zzw-222@5sb-5kp-249,2023-10-08 23:23:13,0.1880952380952381
0.3866303326619764,6.113834445378152e-131,0.0229487766362431,3.8034889792941465e-131,6.307406418754578e-127,0.0007739117068532,2.154824434152208e-130,2.9808309831355274e-128,1000011.0,222-222@5sb-5kn-zzz,2023-10-08 23:23:13,0.1880952380952381
0.3866303326619764,6.113834445378152e-131,0.0229487766362431,3.8034889792941465e-131,6.307406418754578e-127,0.0007739117068532,2.154824434152208e-130,2.9808309831355274e-128,1000011.0,zzy-222@5sb-5p7-r8v,2023-10-08 23:23:13,0.1880952380952381
0.3866303326619764,6.113834445378152e-131,0.0229487766362431,3.8034889792941465e-131,6.307406418754578e-127,0.0007739117068532,2.154824434152208e-130,2.9808309831355274e-128,1000011.0,222-222@5sb-5kn-zzz,2023-10-08 23:23:13,0.1880952380952381
0.247840340962601,0.0,0.0115904929526767,0.0,0.0,0.0005623197327758,0.0,0.0,1000012.0,zzy-222@5sb-5p7-r8v,2018-09-24 01:49:31,0.2833333333333333
0.247840340962601,0.0,0.0115904929526767,0.0,0.0,0.0005623197327758,0.0,0.0,1000012.0,222-222@5sb-5kn-zzz,2018-09-24 01:49:31,0.2833333333333333
0.247840340962601,0.0,0.0115904929526767,0.0,0.0,0.0005623197327758,0.0,0.0,1000012.0,zzw-222@5sb-5kp-249,2018-09-24 01:49:31,0.2833333333333333
0.247840340962601,0.0,0.0115904929526767,0.0,0.0,0.0005623197327758,0.0,0.0,1000012.0,zzw-222@5sb-5kp-249,2018-09-24 01:49:31,0.2833333333333333
0.247840340962601,0.0,0.0115904929526767,0.0,0.0,0.0005623197327758,0.0,0.0,1000012.0,222-222@5sb-5kn-zzz,2018-09-24 01:49:31,0.2833333333333333
0.247840340962601,0.0,0.0115904929526767,0.0,0.0,0.0005623197327758,0.0,0.0,1000012.0,zzy-222@5sb-5p7-r8v,2018-09-24 01:49:31,0.2833333333333333
0.247840340962601,0.0,0.0115904929526767,0.0,0.0,0.0005623197327758,0.0,0.0,1000012.0,222-222@5sb-5kn-zzz,2018-09-24 01:49:31,0.2833333333333333
0.8236638053661897,4.495022733293106e-301,0.0539133827097313,2.8108230258059027e-301,7.68680283475787e-287,0.0022196060837749,2.1233803906894078e-300,3.466949132434171e-295,1000013.0,zzy-222@5sb-5p7-r8v,2024-06-02 01:09:23,0.1666666666666666
0.8236638053661897,4.495022733293106e-301,0.0539133827097313,2.8108230258059027e-301,7.68680283475787e-287,0.0022196060837749,2.1233803906894078e-300,3.466949132434171e-295,1000013.0,222-222@5sb-5kn-zzz,2024-06-02 01:09:23,0.1666666666666666
0.8236638053661897,4.495022733293106e-301,0.0539133827097313,2.8108230258059027e-301,7.68680283475787e-287,0.0022196060837749,2.1233803906894078e-300,3.466949132434171e-295,1000013.0,zzw-222@5sb-5kp-249,2024-06-02 01:09:23,0.1666666666666666
0.8236638053661897,4.495022733293106e-301,0.0539133827097313,2.8108230258059027e-301,7.68680283475787e-287,0.0022196060837749,2.1233803906894078e-300,3.466949132434171e-295,1000013.0,zzw-222@5sb-5kp-249,2024-06-02 01:09:23,0.1666666666666666
0.8236638053661897,4.495022733293106e-301,0.0539133827097313,2.8108230258059027e-301,7.68680283475787e-287,0.0022196060837749,2.1233803906894078e-300,3.466949132434171e-295,1000013.0,222-222@5sb-5kn-zzz,2024-06-02 01:09:23,0.1666666666666666
0.8236638053661897,4.495022733293106e-301,0.0539133827097313,2.8108230258059027e-301,7.68680283475787e-287,0.0022196060837749,2.1233803906894078e-300,3.466949132434171e-295,1000013.0,zzy-222@5sb-5p7-r8v,2024-06-02 01:09:23,0.1666666666666666
0.8236638053661897,4.495022733293106e-301,0.0539133827097313,2.8108230258059027e-301,7.68680283475787e-287,0.0022196060837749,2.1233803906894078e-300,3.466949132434171e-295,1000013.0,222-222@5sb-5kn-zzz,2024-06-02 01:09:23,0.1666666666666666
0.8094002051165992,1.0171751744068676e-76,0.0462636646964668,6.324805201450272e-77,2.994822923922913e-76,0.0047801800602115,8.579650762271329e-77,2.6526560352543948e-76,1000014.0,zzy-222@5sb-5p7-r8v,2023-10-24 20:35:08,0.1428571428571428
0.8094002051165992,1.0171751744068676e-76,0.0462636646964668,6.324805201450272e-77,2.994822923922913e-76,0.0047801800602115,8.579650762271329e-77,2.6526560352543948e-76,1000014.0,222-222@5sb-5kn-zzz,2023-10-24 20:35:08,0.1428571428571428
0.8094002051165992,1.0171751744068676e-76,0.0462636646964668,6.324805201450272e-77,2.994822923922913e-76,0.0047801800602115,8.579650762271329e-77,2.6526560352543948e-76,1000014.0,zzw-222@5sb-5kp-249,2023-10-24 20:35:08,0.1428571428571428
0.8094002051165992,1.0171751744068676e-76,0.0462636646964668,6.324805201450272e-77,2.994822923922913e-76,0.0047801800602115,8.579650762271329e-77,2.6526560352543948e-76,1000014.0,zzw-222@5sb-5kp-249,2023-10-24 20:35:08,0.1428571428571428
0.8094002051165992,1.0171751744068676e-76,0.0462636646964668,6.324805201450272e-77,2.994822923922913e-76,0.0047801800602115,8.579650762271329e-77,2.6526560352543948e-76,1000014.0,222-222@5sb-5kn-zzz,2023-10-24 20:35:08,0.1428571428571428
0.8094002051165992,1.0171751744068676e-76,0.0462636646964668,6.324805201450272e-77,2.994822923922913e-76,0.0047801800602115,8.579650762271329e-77,2.6526560352543948e-76,1000014.0,zzy-222@5sb-5p7-r8v,2023-10-24 20:35:08,0.1428571428571428
0.8094002051165992,1.0171751744068676e-76,0.0462636646964668,6.324805201450272e-77,2.994822923922913e-76,0.0047801800602115,8.579650762271329e-77,2.6526560352543948e-76,1000014.0,222-222@5sb-5kn-zzz,2023-10-24 20:35:08,0.1428571428571428
0.9999999988150688,5.922690187159036e-52,4.473040206166841e-50,3.683458476651686e-52,5.674080270592327e-52,2.368746496145404e-51,3.349503967575011e-52,5.209756353057888e-52,1000015.0,zzy-222@5sb-5p7-r8v,2024-05-15 23:21:32,-0.2625
0.9999999988150688,5.922690187159036e-52,4.473040206166841e-50,3.683458476651686e-52,5.674080270592327e-52,2.368746496145404e-51,3.349503967575011e-52,5.209756353057888e-52,1000015.0,222-222@5sb-5kn-zzz,2024-05-15 23:21:32,-0.2625
0.9999999988150688,5.922690187159036e-52,4.473040206166841e-50,3.683458476651686e-52,5.674080270592327e-52,2.368746496145404e-51,3.349503967575011e-52,5.209756353057888e-52,1000015.0,zzw-222@5sb-5kp-249,2024-05-15 23:21:32,-0.2625
0.9999999988150688,5.922690187159036e-52,4.473040206166841e-50,3.683458476651686e-52,5.674080270592327e-52,2.368746496145404e-51,3.349503967575011e-52,5.209756353057888e-52,1000015.0,zzw-222@5sb-5kp-249,2024-05-15 23:21:32,-0.2625
0.9999999988150688,5.922690187159036e-52,4.473040206166841e-50,3.683458476651686e-52,5.674080270592327e-52,2.368746496145404e-51,3.349503967575011e-52,5.209756353057888e-52,1000015.0,222-222@5sb-5kn-zzz,2024-05-15 23:21:32,-0.2625
0.9999999988150688,5.922690187159036e-52,4.473040206166841e-50,3.683458476651686e-52,5.674080270592327e-52,2.368746496145404e-51,3.349503967575011e-52,5.209756353057888e-52,1000015.0,zzy-222@5sb-5p7-r8v,2024-05-15 23:21:32,-0.2625
0.9999999988150688,5.922690187159036e-52,4.473040206166841e-50,3.683458476651686e-52,5.674080270592327e-52,2.368746496145404e-51,3.349503967575011e-52,5.209756353057888e-52,1000015.0,222-222@5sb-5kn-zzz,2024-05-15 23:21:32,-0.2625
0.6665953698215851,0.0,0.02028695406305,0.0,0.0,0.0018414805619143,0.0,0.0,1000016.0,zzy-222@5sb-5p7-r8v,2024-03-28 21:10:21,0.11
0.6665953698215851,0.0,0.02028695406305,0.0,0.0,0.0018414805619143,0.0,0.0,1000016.0,222-222@5sb-5kn-zzz,2024-03-28 21:10:21,0.11
0.6665953698215851,0.0,0.02028695406305,0.0,0.0,0.0018414805619143,0.0,0.0,1000016.0,zzw-222@5sb-5kp-249,2024-03-28 21:10:21,0.11
0.6665953698215851,0.0,0.02028695406305,0.0,0.0,0.0018414805619143,0.0,0.0,1000016.0,zzw-222@5sb-5kp-249,2024-03-28 21:10:21,0.11
0.6665953698215851,0.0,0.02028695406305,0.0,0.0,0.0018414805619143,0.0,0.0,1000016.0,222-222@5sb-5kn-zzz,2024-03-28 21:10:21,0.11
0.6665953698215851,0.0,0.02028695406305,0.0,0.0,0.0018414805619143,0.0,0.0,1000016.0,zzy-222@5sb-5p7-r8v,2024-03-28 21:10:21,0.11
0.6665953698215851,0.0,0.02028695406305,0.0,0.0,0.0018414805619143,0.0,0.0,1000016.0,222-222@5sb-5kn-zzz,2024-03-28 21:10:21,0.11
0.9953886635842416,4.799530570409173e-05,0.0037109741155234,2.984832312668079e-05,4.640420431929597e-05,0.0001905681996115,2.7414084831178024e-05,4.30272640640659e-05,1000017.0,zzy-222@5sb-5p7-r8v,2024-05-24 00:49:17,-0.0875
0.9953886635842416,4.799530570409173e-05,0.0037109741155234,2.984832312668079e-05,4.640420431929597e-05,0.0001905681996115,2.7414084831178024e-05,4.30272640640659e-05,1000017.0,222-222@5sb-5kn-zzz,2024-05-24 00:49:17,-0.0875
0.9953886635842416,4.799530570409173e-05,0.0037109741155234,2.984832312668079e-05,4.640420431929597e-05,0.0001905681996115,2.7414084831178024e-05,4.30272640640659e-05,1000017.0,zzw-222@5sb-5kp-249,2024-05-24 00:49:17,-0.0875
0.9953886635842416,4.799530570409173e-05,0.0037109741155234,2.984832312668079e-05,4.640420431929597e-05,0.0001905681996115,2.7414084831178024e-05,4.30272640640659e-05,1000017.0,zzw-222@5sb-5kp-249,2024-05-24 00:49:17,-0.0875
0.9953886635842416,4.799530570409173e-05,0.0037109741155234,2.984832312668079e-05,4.640420431929597e-05,0.0001905681996115,2.7414084831178024e-05,4.30272640640659e-05,1000017.0,222-222@5sb-5kn-zzz,2024-05-24 00:49:17,-0.0875
0.9953886635842416,4.799530570409173e-05,0.0037109741155234,2.984832312668079e-05,4.640420431929597e-05,0.0001905681996115,2.7414084831178024e-05,4.30272640640659e-05,1000017.0,zzy-222@5sb-5p7-r8v,2024-05-24 00:49:17,-0.0875
0.9953886635842416,4.799530570409173e-05,0.0037109741155234,2.984832312668079e-05,4.640420431929597e-05,0.0001905681996115,2.7414084831178024e-05,4.30272640640659e-05,1000017.0,222-222@5sb-5kn-zzz,2024-05-24 00:49:17,-0.0875
0.9515660419584168,7.516487963801293e-18,1.0685641903612889e-13,4.684179379260616e-18,1.5602858212211297e-17,7.881701505531592e-15,8.184175660673111e-18,1.408055270200438e-17,1000018.0,zzy-222@5sb-5p7-r8v,2024-03-10 14:54:21,0.2249999999999999
0.9515660419584168,7.516487963801293e-18,1.0685641903612889e-13,4.684179379260616e-18,1.5602858212211297e-17,7.881701505531592e-15,8.184175660673111e-18,1.408055270200438e-17,1000018.0,222-222@5sb-5kn-zzz,2024-03-10 14:54:21,0.2249999999999999
0.9515660419584168,7.516487963801293e-18,1.0685641903612889e-13,4.684179379260616e-18,1.5602858212211297e-17,7.881701505531592e-15,8.184175660673111e-18,1.408055270200438e-17,1000018.0,zzw-222@5sb-5kp-249,2024-03-10 14:54:21,0.2249999999999999
0.9515660419584168,7.516487963801293e-18,1.0685641903612889e-13,4.684179379260616e-18,1.5602858212211297e-17,7.881701505531592e-15,8.184175660673111e-18,1.408055270200438e-17,1000018.0,zzw-222@5sb-5kp-249,2024-03-10 14:54:21,0.2249999999999999
0.9515660419584168,7.516487963801293e-18,1.0685641903612889e-13,4.684179379260616e-18,1.5602858212211297e-17,7.881701505531592e-15,8.184175660673111e-18,1.408055270200438e-17,1000018.0,222-222@5sb-5kn-zzz,2024-03-10 14:54:21,0.2249999999999999
0.9515660419584168,7.516487963801293e-18,1.0685641903612889e-13,4.684179379260616e-18,1.5602858212211297e-17,7.881701505531592e-15,8.184175660673111e-18,1.408055270200438e-17,1000018.0,zzy-222@5sb-5p7-r8v,2024-03-10 14:54:21,0.2249999999999999
0.9515660419584168,7.516487963801293e-18,1.0685641903612889e-13,4.684179379260616e-18,1.5602858212211297e-17,7.881701505531592e-15,8.184175660673111e-18,1.408055270200438e-17,1000018.0,222-222@5sb-5kn-zzz,2024-03-10 14:54:21,0.2249999999999999
0.999999999111086,0.0,0.0,0.0,0.0,0.0,0.0,0.0,1000019.0,zzw-222@8g9-fgk-bkz,2024-05-24 16:38:04,0.0342592592592592
0.999999999111086,0.0,0.0,0.0,0.0,0.0,0.0,0.0,1000019.0,zzw-222@8g9-fgk-bkz,2024-05-24 16:38:04,0.0342592592592592
0.999999999111086,0.0,0.0,0.0,0.0,0.0,0.0,0.0,1000019.0,zzw-222@8g9-fgk-bkz,2024-05-24 16:38:04,0.0342592592592592
0.8354391385118655,3.498802581902001e-204,1.6126250401425088e-184,2.170641948319468e-204,1.423631092807673e-203,1.4666043264142171e-185,3.9132623617024754e-204,1.313106859379958e-203,1000020.0,zzw-222@8g9-fgk-bkz,2024-03-12 03:01:57,0.4130303030303031
0.8354391385118655,3.498802581902001e-204,1.6126250401425088e-184,2.170641948319468e-204,1.423631092807673e-203,1.4666043264142171e-185,3.9132623617024754e-204,1.313106859379958e-203,1000020.0,zzw-222@8g9-fgk-bkz,2024-03-12 03:01:57,0.4130303030303031
0.8354391385118655,3.498802581902001e-204,1.6126250401425088e-184,2.170641948319468e-204,1.423631092807673e-203,1.4666043264142171e-185,3.9132623617024754e-204,1.313106859379958e-203,1000020.0,zzw-222@8g9-fgk-bkz,2024-03-12 03:01:57,0.4130303030303031
0.9126408763071658,0.0038664832959969,0.0647172074687241,0.002394294117505,0.0023154416515332,0.0027230714707109,0.0019222784596353,0.0017884553240435,1000021.0,zzw-222@8g9-fgk-bkz,2024-04-09 12:44:51,0.1365800865800865
0.9126408763071658,0.0038664832959969,0.0647172074687241,0.002394294117505,0.0023154416515332,0.0027230714707109,0.0019222784596353,0.0017884553240435,1000021.0,zzw-222@8g9-fgk-bkz,2024-04-09 12:44:51,0.1365800865800865
0.9126408763071658,0.0038664832959969,0.0647172074687241,0.002394294117505,0.0023154416515332,0.0027230714707109,0.0019222784596353,0.0017884553240435,1000021.0,zzw-222@8g9-fgk-bkz,2024-04-09 12:44:51,0.1365800865800865
0.8594740592187115,2.480379405955114e-06,9.59653215531486e-05,1.5351128046434638e-06,2.015182039816991e-06,4.294570873214512e-06,1.5460057872623774e-06,1.7042709172301202e-06,1000022.0,zzw-222@8g9-fgk-bkz,2024-04-26 11:50:05,0.5657142857142857
0.8594740592187115,2.480379405955114e-06,9.59653215531486e-05,1.5351128046434638e-06,2.015182039816991e-06,4.294570873214512e-06,1.5460057872623774e-06,1.7042709172301202e-06,1000022.0,zzw-222@8g9-fgk-bkz,2024-04-26 11:50:05,0.5657142857142857
0.8594740592187115,2.480379405955114e-06,9.59653215531486e-05,1.5351128046434638e-06,2.015182039816991e-06,4.294570873214512e-06,1.5460057872623774e-06,1.7042709172301202e-06,1000022.0,zzw-222@8g9-fgk-bkz,2024-04-26 11:50:05,0.5657142857142857
0.8125783922565338,0.0,0.0332961289282185,0.0,0.0,0.0018806762183791,0.0,0.0,1000023.0,zzw-222@8g9-fgk-bkz,2024-05-17 01:40:11,0.322
0.8125783922565338,0.0,0.0332961289282185,0.0,0.0,0.0018806762183791,0.0,0.0,1000023.0,zzw-222@8g9-fgk-bkz,2024-05-17 01:40:11,0.322
0.8125783922565338,0.0,0.0332961289282185,0.0,0.0,0.0018806762183791,0.0,0.0,1000023.0,zzw-222@8g9-fgk-bkz,2024-05-17 01:40:11,0.322
0.8252257869592454,5.615542509775281e-08,0.0001308721274745,3.480924062188359e-08,9.50734426211468e-08,1.017265841061662e-05,4.9199239834513466e-08,8.958360789259361e-08,1000024.0,zzw-222@8g9-fgk-bkz,2024-02-19 18:48:40,0.4333333333333333
0.8252257869592454,5.615542509775281e-08,0.0001308721274745,3.480924062188359e-08,9.50734426211468e-08,1.017265841061662e-05,4.9199239834513466e-08,8.958360789259361e-08,1000024.0,zzw-222@8g9-fgk-bkz,2024-02-19 18:48:40,0.4333333333333333
0.8252257869592454,5.615542509775281e-08,0.0001308721274745,3.480924062188359e-08,9.50734426211468e-08,1.017265841061662e-05,4.9199239834513466e-08,8.958360789259361e-08,1000024.0,zzw-222@8g9-fgk-bkz,2024-02-19 18:48:40,0.4333333333333333
0.260434878415594,0.0,0.0118277912983571,0.0,0.0,0.0005553418418015,0.0,0.0,1000025.0,zzw-222@8g9-fgk-bkz,2024-01-06 03:52:15,0.2336309523809523
0.260434878415594,0.0,0.0118277912983571,0.0,0.0,0.0005553418418015,0.0,0.0,1000025.0,zzw-222@8g9-fgk-bkz,2024-01-06 03:52:15,0.2336309523809523
0.260434878415594,0.0,0.0118277912983571,0.0,0.0,0.0005553418418015,0.0,0.0,1000025.0,zzw-222@8g9-fgk-bkz,2024-01-06 03:52:15,0.2336309523809523
0.1012669982582931,0.0,0.0044273699653496,0.0,0.0,0.0002498831880437,0.0,0.0,1000026.0,zzw-222@8g9-fgk-bkz,2024-03-28 12:00:39,0.45
0.1012669982582931,0.0,0.0044273699653496,0.0,0.0,0.0002498831880437,0.0,0.0,1000026.0,zzw-222@8g9-fgk-bkz,2024-03-28 12:00:39,0.45
0.1012669982582931,0.0,0.0044273699653496,0.0,0.0,0.0002498831880437,0.0,0.0,1000026.0,zzw-222@8g9-fgk-bkz,2024-03-28 12:00:39,0.45
0.7856984101102986,8.526877105624843e-226,0.0403368021612223,5.27933290545947e-226,2.7889664834415634e-222,0.0016180171518256,2.0637687446592968e-225,2.6383907926997267e-223,1000027.0,zzw-222@8g9-fgk-bkz,2023-10-19 22:53:10,0.4083333333333334
0.7856984101102986,8.526877105624843e-226,0.0403368021612223,5.27933290545947e-226,2.7889664834415634e-222,0.0016180171518256,2.0637687446592968e-225,2.6383907926997267e-223,1000027.0,zzw-222@8g9-fgk-bkz,2023-10-19 22:53:10,0.4083333333333334
0.7856984101102986,8.526877105624843e-226,0.0403368021612223,5.27933290545947e-226,2.7889664834415634e-222,0.0016180171518256,2.0637687446592968e-225,2.6383907926997267e-223,1000027.0,zzw-222@8g9-fgk-bkz,2023-10-19 22:53:10,0.4083333333333334
0.7493686878056751,0.0,0.0230688058523856,0.0,0.0,0.0022638192612225,0.0,0.0,1000028.0,zzy-222@5r7-fjf-92k,2023-07-20 21:45:13,-0.1142857142857143
0.7493686878056751,0.0,0.0230688058523856,0.0,0.0,0.0022638192612225,0.0,0.0,1000028.0,zzy-222@5r7-fjf-92k,2023-07-20 21:45:13,-0.1142857142857143
0.7493686878056751,0.0,0.0230688058523856,0.0,0.0,0.0022638192612225,0.0,0.0,1000028.0,zzy-222@5r7-fjf-92k,2023-07-20 21:45:13,-0.1142857142857143
0.9999999982140432,6.185341121710223e-92,9.623609088830108e-87,3.822724449122047e-92,1.3766567393130084e-91,9.948585541110186e-88,4.3703522410262006e-92,1.4469001868882649e-91,1000029.0,zzy-222@5r7-fjf-92k,2018-08-16 01:48:38,0.4269230769230769
0.9999999982140432,6.185341121710223e-92,9.623609088830108e-87,3.822724449122047e-92,1.3766567393130084e-91,9.948585541110186e-88,4.3703522410262006e-92,1.4469001868882649e-91,1000029.0,zzy-222@5r7-fjf-92k,2018-08-16 01:48:38,0.4269230769230769
0.9999999982140432,6.185341121710223e-92,9.623609088830108e-87,3.822724449122047e-92,1.3766567393130084e-91,9.948585541110186e-88,4.3703522410262006e-92,1.4469001868882649e-91,1000029.0,zzy-222@5r7-fjf-92k,2018-08-16 01:48:38,0.4269230769230769
0.999999998536234,2.435764964729584e-94,9.205350577731002e-92,1.5079655861998715e-94,3.105223658203029e-94,7.653996943518906e-93,1.4090523968103622e-94,3.300656643990141e-94,1000030.0,zzy-222@5r7-fjf-92k,2023-10-27 23:07:40,0.2863636363636364
0.999999998536234,2.435764964729584e-94,9.205350577731002e-92,1.5079655861998715e-94,3.105223658203029e-94,7.653996943518906e-93,1.4090523968103622e-94,3.300656643990141e-94,1000030.0,zzy-222@5r7-fjf-92k,2023-10-27 23:07:40,0.2863636363636364
0.999999998536234,2.435764964729584e-94,9.205350577731002e-92,1.5079655861998715e-94,3.105223658203029e-94,7.653996943518906e-93,1.4090523968103622e-94,3.300656643990141e-94,1000030.0,zzy-222@5r7-fjf-92k,2023-10-27 23:07:40,0.2863636363636364
0.8386353434623791,5.117455635205198e-37,0.043015113226887,3.1699754842054222e-37,3.461376584428265e-32,0.0017862538553146,1.3781820746737866e-36,6.603652312886793e-34,1000031.0,zzy-222@5r7-fjf-92k,2024-02-16 17:56:50,0.0625
0.8386353434623791,5.117455635205198e-37,0.043015113226887,3.1699754842054222e-37,3.461376584428265e-32,0.0017862538553146,1.3781820746737866e-36,6.603652312886793e-34,1000031.0,zzy-222@5r7-fjf-92k,2024-02-16 17:56:50,0.0625
0.8386353434623791,5.117455635205198e-37,0.043015113226887,3.1699754842054222e-37,3.461376584428265e-32,0.0017862538553146,1.3781820746737866e-36,6.603652312886793e-34,1000031.0,zzy-222@5r7-fjf-92k,2024-02-16 17:56:50,0.0625
0.549292657768583,0.0,0.015109995842096,0.0,0.0,0.0014561567274537,0.0,0.0,1000032.0,zzy-222@5r7-fjf-92k,2023-05-03 00:43:23,0.5428571428571428
0.549292657768583,0.0,0.015109995842096,0.0,0.0,0.0014561567274537,0.0,0.0,1000032.0,zzy-222@5r7-fjf-92k,2023-05-03 00:43:23,0.5428571428571428
0.549292657768583,0.0,0.015109995842096,0.0,0.0,0.0014561567274537,0.0,0.0,1000032.0,zzy-222@5r7-fjf-92k,2023-05-03 00:43:23,0.5428571428571428
0.0153131389267219,1.5322557966934572e-53,0.0009767671813026,9.615692884193795e-54,2.686881831639116e-05,3.218949849644471e-05,1.0756216871102532e-52,7.190505667957496e-42,1000033.0,zzy-222@5r7-fjf-92k,2016-11-16 03:32:50,0.3142857142857143
0.0153131389267219,1.5322557966934572e-53,0.0009767671813026,9.615692884193795e-54,2.686881831639116e-05,3.218949849644471e-05,1.0756216871102532e-52,7.190505667957496e-42,1000033.0,zzy-222@5r7-fjf-92k,2016-11-16 03:32:50,0.3142857142857143
0.0153131389267219,1.5322557966934572e-53,0.0009767671813026,9.615692884193795e-54,2.686881831639116e-05,3.218949849644471e-05,1.0756216871102532e-52,7.190505667957496e-42,1000033.0,zzy-222@5r7-fjf-92k,2016-11-16 03:32:50,0.3142857142857143
0.6678148055801405,7.185403861234518e-265,0.0210157614142684,4.454556531633242e-265,5.8385434127571625e-264,0.0020136290373876,7.352117828842384e-265,5.127884482417793e-264,1000034.0,zzy-222@5r7-fjf-92k,2022-09-01 16:43:37,0.0829365079365079
0.6678148055801405,7.185403861234518e-265,0.0210157614142684,4.454556531633242e-265,5.8385434127571625e-264,0.0020136290373876,7.352117828842384e-265,5.127884482417793e-264,1000034.0,zzy-222@5r7-fjf-92k,2022-09-01 16:43:37,0.0829365079365079
0.6678148055801405,7.185403861234518e-265,0.0210157614142684,4.454556531633242e-265,5.8385434127571625e-264,0.0020136290373876,7.352117828842384e-265,5.127884482417793e-264,1000034.0,zzy-222@5r7-fjf-92k,2022-09-01 16:43:37,0.0829365079365079
0.0450611327580269,0.0,0.0027284016069515,0.0,7.701689083310543e-05,0.0001175261904371,0.0,0.0001211835647545,1000035.0,zzy-222@5r7-fjf-92k,2023-06-05 05:11:08,0.1555555555555555
0.0450611327580269,0.0,0.0027284016069515,0.0,7.701689083310543e-05,0.0001175261904371,0.0,0.0001211835647545,1000035.0,zzy-222@5r7-fjf-92k,2023-06-05 05:11:08,0.1555555555555555
0.0450611327580269,0.0,0.0027284016069515,0.0,7.701689083310543e-05,0.0001175261904371,0.0,0.0001211835647545,1000035.0,zzy-222@5r7-fjf-92k,2023-06-05 05:11:08,0.1555555555555555
0.7427623791225361,2.6186356400430275e-88,0.0480509558742174,1.6299028496618104e-88,0.0012522535886493,0.0015579059099269,5.60951877730516e-87,0.002162746344066,1000036.0,zzy-222@5r7-fjf-92k,2023-08-14 13:20:53,0.4714285714285714
0.7427623791225361,2.6186356400430275e-88,0.0480509558742174,1.6299028496618104e-88,0.0012522535886493,0.0015579059099269,5.60951877730516e-87,0.002162746344066,1000036.0,zzy-222@5r7-fjf-92k,2023-08-14 13:20:53,0.4714285714285714
0.7427623791225361,2.6186356400430275e-88,0.0480509558742174,1.6299028496618104e-88,0.0012522535886493,0.0015579059099269,5.60951877730516e-87,0.002162746344066,1000036.0,zzy-222@5r7-fjf-92k,2023-08-14 13:20:53,0.4714285714285714
0.9344073240566146,3.5669960394675553e-13,1.1953109911433582e-10,2.223843008434308e-13,5.401842991378004e-13,5.798083438155908e-12,3.0841432681210253e-13,4.433142057596113e-13,1000037.0,zzy-222@8fb-w9g-x89,2022-08-05 16:09:55,0.3299999999999999
0.9344073240566146,3.5669960394675553e-13,1.1953109911433582e-10,2.223843008434308e-13,5.401842991378004e-13,5.798083438155908e-12,3.0841432681210253e-13,4.433142057596113e-13,1000037.0,222-222@8fb-tn2-fxq,2022-08-05 16:09:55,0.3299999999999999
0.9344073240566146,3.5669960394675553e-13,1.1953109911433582e-10,2.223843008434308e-13,5.401842991378004e-13,5.798083438155908e-12,3.0841432681210253e-13,4.433142057596113e-13,1000037.0,zzy-222@8fb-w9g-x89,2022-08-05 16:09:55,0.3299999999999999
0.9344073240566146,3.5669960394675553e-13,1.1953109911433582e-10,2.223843008434308e-13,5.401842991378004e-13,5.798083438155908e-12,3.0841432681210253e-13,4.433142057596113e-13,1000037.0,zzy-222@8fb-w9g-x89,2022-08-05 16:09:55,0.3299999999999999
0.9344073240566146,3.5669960394675553e-13,1.1953109911433582e-10,2.223843008434308e-13,5.401842991378004e-13,5.798083438155908e-12,3.0841432681210253e-13,4.433142057596113e-13,1000037.0,zzy-222@8fb-w9g-x89,2022-08-05 16:09:55,0.3299999999999999
0.9344073240566146,3.5669960394675553e-13,1.1953109911433582e-10,2.223843008434308e-13,5.401842991378004e-13,5.798083438155908e-12,3.0841432681210253e-13,4.433142057596113e-13,1000037.0,222-222@8fb-tn2-fxq,2022-08-05 16:09:55,0.3299999999999999
0.2462849054520532,0.0,0.0132112071954947,0.0,0.0,0.0007368744591279,0.0,0.0,1000038.0,zzy-222@8fb-w9g-x89,2022-07-14 16:25:15,0.1502777777777777
0.2462849054520532,0.0,0.0132112071954947,0.0,0.0,0.0007368744591279,0.0,0.0,1000038.0,222-222@8fb-tn2-fxq,2022-07-14 16:25:15,0.1502777777777777
0.2462849054520532,0.0,0.0132112071954947,0.0,0.0,0.0007368744591279,0.0,0.0,1000038.0,zzy-222@8fb-w9g-x89,2022-07-14 16:25:15,0.1502777777777777
0.2462849054520532,0.0,0.0132112071954947,0.0,0.0,0.0007368744591279,0.0,0.0,1000038.0,zzy-222@8fb-w9g-x89,2022-07-14 16:25:15,0.1502777777777777
0.2462849054520532,0.0,0.0132112071954947,0.0,0.0,0.0007368744591279,0.0,0.0,1000038.0,zzy-222@8fb-w9g-x89,2022-07-14 16:25:15,0.1502777777777777
0.2462849054520532,0.0,0.0132112071954947,0.0,0.0,0.0007368744591279,0.0,0.0,1000038.0,222-222@8fb-tn2-fxq,2022-07-14 16:25:15,0.1502777777777777
0.6700483918246197,0.0,0.0224875488987085,0.0,0.0,0.0020038439338391,0.0,0.0,1000039.0,zzy-222@8fb-w9g-x89,2018-11-07 12:00:11,0.4472222222222222
0.6700483918246197,0.0,0.0224875488987085,0.0,0.0,0.0020038439338391,0.0,0.0,1000039.0,zzy-222@8fb-w9g-x89,2018-11-07 12:00:11,0.4472222222222222
0.9999999992509292,1.115882220515693e-12,2.468641081856792e-11,6.957179465642925e-13,7.679309846107703e-13,9.469423842691858e-13,6.056459445993798e-13,5.414311278599708e-13,1000040.0,zzy-222@8fb-w9g-x89,2019-09-28 17:23:04,0.4
0.9999999992509292,1.115882220515693e-12,2.468641081856792e-11,6.957179465642925e-13,7.679309846107703e-13,9.469423842691858e-13,6.056459445993798e-13,5.414311278599708e-13,1000040.0,zzy-222@8fb-w9g-x89,2019-09-28 17:23:04,0.4
0.8869834845502732,4.09486919433539e-162,0.0988251867123536,2.59536864287326e-162,2.4820383770677536e-158,0.0021533251000349,1.3022458962456157e-161,1.571077794063947e-159,1000041.0,zzy-222@8fb-w9g-x89,2019-06-15 23:28:18,0.0
0.8869834845502732,4.09486919433539e-162,0.0988251867123536,2.59536864287326e-162,2.4820383770677536e-158,0.0021533251000349,1.3022458962456157e-161,1.571077794063947e-159,1000041.0,zzy-222@8fb-w9g-x89,2019-06-15 23:28:18,0.0
0.9999999984633534,0.0,0.0,0.0,0.0,0.0,0.0,0.0,1000042.0,zzy-222@8fb-w9g-x89,2023-06-24 22:52:40,0.5333333333333333
0.9999999984633534,0.0,0.0,0.0,0.0,0.0,0.0,0.0,1000042.0,222-222@8fb-tn2-fxq,2023-06-24 22:52:40,0.5333333333333333
0.9999999984633534,0.0,0.0,0.0,0.0,0.0,0.0,0.0,1000042.0,zzy-222@8fb-w9g-x89,2023-06-24 22:52:40,0.5333333333333333
0.9999999984633534,0.0,0.0,0.0,0.0,0.0,0.0,0.0,1000042.0,zzy-222@8fb-w9g-x89,2023-06-24 22:52:40,0.5333333333333333
0.9999999984633534,0.0,0.0,0.0,0.0,0.0,0.0,0.0,1000042.0,zzy-222@8fb-w9g-x89,2023-06-24 22:52:40,0.5333333333333333
0.9999999984633534,0.0,0.0,0.0,0.0,0.0,0.0,0.0,1000042.0,222-222@8fb-tn2-fxq,2023-06-24 22:52:40,0.5333333333333333
0.8896756020248687,1.4238248089009605e-74,0.0293558519379775,8.87454314394452e-75,1.9197881762034416e-73,0.0022333359780994,1.6704401607680385e-74,1.785365538578433e-73,1000043.0,zzy-222@8fb-w9g-x89,2022-07-12 21:43:42,1.0
0.8896756020248687,1.4238248089009605e-74,0.0293558519379775,8.87454314394452e-75,1.9197881762034416e-73,0.0022333359780994,1.6704401607680385e-74,1.785365538578433e-73,1000043.0,222-222@8fb-tn2-fxq,2022-07-12 21:43:42,1.0
0.8896756020248687,1.4238248089009605e-74,0.0293558519379775,8.87454314394452e-75,1.9197881762034416e-73,0.0022333359780994,1.6704401607680385e-74,1.785365538578433e-73,1000043.0,zzy-222@8fb-w9g-x89,2022-07-12 21:43:42,1.0
0.8896756020248687,1.4238248089009605e-74,0.0293558519379775,8.87454314394452e-75,1.9197881762034416e-73,0.0022333359780994,1.6704401607680385e-74,1.785365538578433e-73,1000043.0,zzy-222@8fb-w9g-x89,2022-07-12 21:43:42,1.0
0.8896756020248687,1.4238248089009605e-74,0.0293558519379775,8.87454314394452e-75,1.9197881762034416e-73,0.0022333359780994,1.6704401607680385e-74,1.785365538578433e-73,1000043.0,zzy-222@8fb-w9g-x89,2022-07-12 21:43:42,1.0
0.8896756020248687,1.4238248089009605e-74,0.0293558519379775,8.87454314394452e-75,1.9197881762034416e-73,0.0022333359780994,1.6704401607680385e-74,1.785365538578433e-73,1000043.0,222-222@8fb-tn2-fxq,2022-07-12 21:43:42,1.0
0.9999999991060754,6.400991543653639e-26,1.9354299285040582e-24,3.983036221115358e-26,5.048317211830242e-26,7.453529953021998e-26,3.7712078928290384e-26,3.501314097576982e-26,1000044.0,zzy-222@8fb-w9g-x89,2023-11-18 13:38:49,0.19375
0.9999999991060754,6.400991543653639e-26,1.9354299285040582e-24,3.983036221115358e-26,5.048317211830242e-26,7.453529953021998e-26,3.7712078928290384e-26,3.501314097576982e-26,1000044.0,zzy-222@8fb-w9g-x89,2023-11-18 13:38:49,0.19375
0.7822486067400014,0.0,0.0463178423447359,0.0,0.0,0.0015416351407903,0.0,0.0,1000045.0,zzy-222@8fb-w9g-x89,2024-04-17 18:36:10,0.6000000000000001
0.7822486067400014,0.0,0.0463178423447359,0.0,0.0,0.0015416351407903,0.0,0.0,1000045.0,zzy-222@8fb-w9g-x89,2024-04-17 18:36:10,0.6000000000000001
0.7749959745840751,7.632279123993787e-05,0.0258461712700561,4.76005190238144e-05,0.000120834127259,0.0012385186000905,7.146708495395321e-05,8.91017064183575e-05,1000046.0,zzy-222@8fb-w9g-x89,2023-08-02 03:05:55,0.5333333333333333
0.7749959745840751,7.632279123993787e-05,0.0258461712700561,4.76005190238144e-05,0.000120834127259,0.0012385186000905,7.146708495395321e-05,8.91017064183575e-05,1000046.0,zzy-222@8fb-w9g-x89,2023-08-02 03:05:55,0.5333333333333333
0.9999999993165996,0.0,0.0,0.0,0.0,0.0,0.0,0.0,1000047.0,zzy-222@8fb-w9g-x89,2023-01-17 12:50:23,0.8
0.9999999993165996,0.0,0.0,0.0,0.0,0.0,0.0,0.0,1000047.0,zzy-222@63j-cws-5xq,2024-05-13 22:31:31,0.8
0.9999999993165996,0.0,0.0,0.0,0.0,0.0,0.0,0.0,1000047.0,zzy-222@8fb-w9g-x89,2023-01-17 12:50:23,0.8
0.911198175258795,3.861876998491759e-139,0.0527484723401586,2.4029730782529887e-139,2.283466082371506e-136,0.0036891519100128,7.045492788628324e-139,3.442320229060549e-137,1000048.0,226-222@5z4-rvr-b8v,2024-05-17 17:50:50,0.0305555555555555
0.1714024115664796,0.0,0.0088946312672628,0.0,0.0,0.000512153950102,0.0,0.0,1000049.0,226-222@5z4-rvr-b8v,2023-12-17 05:53:39,0.7591836734693878
0.9999999989496052,0.0,0.0,0.0,0.0,0.0,0.0,0.0,1000050.0,226-222@5z4-rvr-b8v,2024-03-24 07:44:16,0.0858974358974359
0.635616427881452,0.0012711928262858,0.0362670358767187,0.0007998321942176,0.0009189968541435,0.0015314459888301,0.0006316262540293,0.0007053169215396,1000051.0,226-222@5z4-rvr-b8v,2024-01-22 21:57:22,0.4420454545454545
0.6894364815813947,0.0,0.0336340518080298,0.0,0.0,0.0021324692565668,0.0,0.0,1000052.0,226-222@5z4-rvr-b8v,2024-01-14 02:54:46,0.2321428571428571
0.89796488275186,0.0,0.0470369668718632,0.0,0.0,0.0,0.0,0.0,1000053.0,226-222@5z4-rvr-b8v,2024-03-30 17:42:22,-0.0866258741258741
0.9737272434274586,1.5840852005613558e-113,1.0846516937059677e-103,9.859974287975868e-114,2.170683215060536e-113,1.596457143735942e-110,1.0039771243339256e-113,1.9619863324523385e-113,1000054.0,226-222@5z4-rvr-b8v,2024-01-18 00:49:00,-0.1253205128205128
0.9154898534448886,0.0,0.0473660414607933,0.0,0.0,0.0048003798518024,0.0,0.0,1000055.0,226-222@5z4-rvr-b8v,2023-12-26 18:09:26,-0.0303030303030303
0.915441736442232,0.0,0.0359708050304971,0.0,0.0,0.0034355131575332,0.0,0.0,1000056.0,226-222@5z4-rvr-b8v,2024-04-03 07:58:44,0.3214285714285714
0.8013494015742156,2.3788200593297242e-14,0.0045344163501341,1.4786421152740668e-14,1.1768312376091406e-13,0.0003696350959351,2.404211886626537e-14,1.1869654547124334e-13,1000057.0,zzw-222@8th-x9z-ty9,2023-02-15 18:40:37,0.6338383838383838
0.8013494015742156,2.3788200593297242e-14,0.0045344163501341,1.4786421152740668e-14,1.1768312376091406e-13,0.0003696350959351,2.404211886626537e-14,1.1869654547124334e-13,1000057.0,zzw-222@8th-x9z-ty9,2023-02-15 18:40:37,0.6338383838383838
0.9905204365256642,1.4082865015792924e-91,3.5004858176872484e-88,8.667516069194298e-92,1.7390129282007828e-91,2.5669297882734355e-88,8.045690536038478e-92,1.8000553263039297e-91,1000058.0,zzw-222@8th-x9z-ty9,2024-04-08 21:56:26,0.1661458333333333
0.9905204365256642,1.4082865015792924e-91,3.5004858176872484e-88,8.667516069194298e-92,1.7390129282007828e-91,2.5669297882734355e-88,8.045690536038478e-92,1.8000553263039297e-91,1000058.0,zzw-222@8th-x9z-ty9,2024-04-08 21:56:26,0.1661458333333333
0.9999965924544292,2.7477593990757768e-08,2.7075948483991483e-06,1.700576466010696e-08,2.7063368196946377e-08,1.8209188893376733e-07,1.3974152068458158e-08,2.8048031698254463e-08,1000059.0,zzw-222@8th-x9z-ty9,2024-03-01 20:46:46,0.3137052341597796
0.9999965924544292,2.7477593990757768e-08,2.7075948483991483e-06,1.700576466010696e-08,2.7063368196946377e-08,1.8209188893376733e-07,1.3974152068458158e-08,2.8048031698254463e-08,1000059.0,zzw-222@8th-x9z-ty9,2024-03-01 20:46:46,0.3137052341597796
0.9999965924544292,2.7477593990757768e-08,2.7075948483991483e-06,1.700576466010696e-08,2.7063368196946377e-08,1.8209188893376733e-07,1.3974152068458158e-08,2.8048031698254463e-08,1000059.0,zzw-222@8th-x9z-ty9,2024-03-01 20:46:46,0.3137052341597796
0.5545155934997823,0.0009618576412791,0.0290960878170691,0.0005965479377152,0.000667150376124,0.0014613174862363,0.000432580424675,0.0006651893438003,1000060.0,zzw-222@8th-x9z-ty9,2024-04-30 02:24:52,0.0791666666666666
0.5545155934997823,0.0009618576412791,0.0290960878170691,0.0005965479377152,0.000667150376124,0.0014613174862363,0.000432580424675,0.0006651893438003,1000060.0,zzw-222@8th-x9z-ty9,2024-04-30 02:24:52,0.0791666666666666
0.5545155934997823,0.0009618576412791,0.0290960878170691,0.0005965479377152,0.000667150376124,0.0014613174862363,0.000432580424675,0.0006651893438003,1000060.0,zzw-222@8th-x9z-ty9,2024-04-30 02:24:52,0.0791666666666666
0.8447480764031402,0.0,0.0333427248641697,0.0,0.0,0.0019443273507714,0.0,0.0,1000061.0,zzw-222@8th-x9z-ty9,2024-04-13 05:50:52,0.5888888888888889
0.8447480764031402,0.0,0.0333427248641697,0.0,0.0,0.0019443273507714,0.0,0.0,1000061.0,zzw-222@8th-x9z-ty9,2024-04-13 05:50:52,0.5888888888888889
0.8447480764031402,0.0,0.0333427248641697,0.0,0.0,0.0019443273507714,0.0,0.0,1000061.0,zzw-222@8th-x9z-ty9,2024-04-13 05:50:52,0.5888888888888889
0.0803148134535779,1.7313721130597185e-187,0.0033060648034522,1.0735954689311458e-187,1.4025528375419403e-185,0.0001905172798554,2.5898487541397123e-187,6.3032087205669035e-186,1000062.0,zzw-222@8th-x9z-ty9,2023-09-22 19:58:14,0.3938311688311688
0.0803148134535779,1.7313721130597185e-187,0.0033060648034522,1.0735954689311458e-187,1.4025528375419403e-185,0.0001905172798554,2.5898487541397123e-187,6.3032087205669035e-186,1000062.0,zzw-222@8th-x9z-ty9,2023-09-22 19:58:14,0.3938311688311688
0.0803148134535779,1.7313721130597185e-187,0.0033060648034522,1.0735954689311458e-187,1.4025528375419403e-185,0.0001905172798554,2.5898487541397123e-187,6.3032087205669035e-186,1000062.0,zzw-222@8th-x9z-ty9,2023-09-22 19:58:14,0.3938311688311688
0.9999999982569776,2.096123452738166e-34,3.7473741117141545e-30,1.2996922748078764e-34,4.123583185472179e-34,3.581828957382996e-31,1.436232368731425e-34,4.369839367580053e-34,1000063.0,zzw-222@8th-x9z-ty9,2024-03-28 19:24:20,0.165
0.9999999982569776,2.096123452738166e-34,3.7473741117141545e-30,1.2996922748078764e-34,4.123583185472179e-34,3.581828957382996e-31,1.436232368731425e-34,4.369839367580053e-34,1000063.0,zzw-222@8th-x9z-ty9,2024-03-28 19:24:20,0.165
0.9999999982569776,2.096123452738166e-34,3.7473741117141545e-30,1.2996922748078764e-34,4.123583185472179e-34,3.581828957382996e-31,1.436232368731425e-34,4.369839367580053e-34,1000063.0,zzw-222@8th-x9z-ty9,2024-03-28 19:24:20,0.165
0.9999999982243144,1.5756387068013525e-233,2.5853355951400157e-228,9.767571560558913e-234,3.5790882840435377e-233,2.5602496232292227e-229,1.1279285707603486e-233,3.7208010700047516e-233,1000064.0,zzw-222@8th-x9z-ty9,2024-05-01 18:13:05,0.1833333333333333
0.9999999982243144,1.5756387068013525e-233,2.5853355951400157e-228,9.767571560558913e-234,3.5790882840435377e-233,2.5602496232292227e-229,1.1279285707603486e-233,3.7208010700047516e-233,1000064.0,zzw-222@8th-x9z-ty9,2024-05-01 18:13:05,0.1833333333333333
0.9999999982243144,1.5756387068013525e-233,2.5853355951400157e-228,9.767571560558913e-234,3.5790882840435377e-233,2.5602496232292227e-229,1.1279285707603486e-233,3.7208010700047516e-233,1000064.0,zzw-222@8th-x9z-ty9,2024-05-01 18:13:05,0.1833333333333333
0.8105031965384317,0.0,0.0411783141010801,0.0,0.0,0.0017941658585897,0.0,0.0,1000065.0,zzw-222@8th-x9z-ty9,2023-09-19 16:17:09,0.2666666666666666
0.8105031965384317,0.0,0.0411783141010801,0.0,0.0,0.0017941658585897,0.0,0.0,1000065.0,zzw-222@8th-x9z-ty9,2023-09-19 16:17:09,0.2666666666666666
0.8105031965384317,0.0,0.0411783141010801,0.0,0.0,0.0017941658585897,0.0,0.0,1000065.0,zzw-222@8th-x9z-ty9,2023-09-19 16:17:09,0.2666666666666666
0.9999999982463572,6.735508480332693e-28,1.1438546942659816e-23,4.157200024063315e-28,1.300025382635034e-27,1.1345529411965189e-24,4.520216814816699e-28,1.3005787681399782e-27,1000066.0,zzw-222@8th-x9z-ty9,2023-07-20 23:59:59,-0.0649553571428571
0.9999999982463572,6.735508480332693e-28,1.1438546942659816e-23,4.157200024063315e-28,1.300025382635034e-27,1.1345529411965189e-24,4.520216814816699e-28,1.3005787681399782e-27,1000066.0,zzw-222@8th-x9z-ty9,2023-07-20 23:59:59,-0.0649553571428571
0.9999999982463572,6.735508480332693e-28,1.1438546942659816e-23,4.157200024063315e-28,1.300025382635034e-27,1.1345529411965189e-24,4.520216814816699e-28,1.3005787681399782e-27,1000066.0,zzw-222@8th-x9z-ty9,2023-07-20 23:59:59,-0.0649553571428571
0.9515559360950198,0.0,0.0392779534740242,0.0,0.0,0.0024333220803241,0.0,0.0,1000067.0,zzw-222@8th-x9z-ty9,2023-09-02 18:36:58,0.16
0.9515559360950198,0.0,0.0392779534740242,0.0,0.0,0.0024333220803241,0.0,0.0,1000067.0,zzw-222@8th-x9z-ty9,2023-09-02 18:36:58,0.16
0.9515559360950198,0.0,0.0392779534740242,0.0,0.0,0.0024333220803241,0.0,0.0,1000067.0,zzw-222@8th-x9z-ty9,2023-09-02 18:36:58,0.16
0.1987049350500778,7.587970306198796e-151,0.0100580934509387,4.692839245060456e-151,1.5495596431239398e-140,0.0005396492593507,2.6192305296637385e-150,7.6647077672752665e-146,1000068.0,222-222@3bh-zth-5vf,2022-02-09 18:02:42,0.5885281385281386
0.7012964853093044,4.52638800218395e-70,0.0333028122940895,2.8098379638856133e-70,1.5288331972074434e-67,0.0022013184385219,7.487343381195345e-70,3.3271293600447357e-68,1000069.0,222-222@3bh-zth-5vf,2022-03-04 00:22:54,0.6
0.8405602909659202,3.044778014628745e-49,0.0471463815331887,1.9011157939362464e-49,2.0370910386331818e-44,0.0029804957264866,7.496720988640886e-49,3.670880884566854e-46,1000070.0,222-222@3bh-zth-5vf,2024-01-20 18:14:28,0.16
0.8887031174502839,6.654782443814775e-282,0.0357581409509688,4.105032870701817e-282,8.529113960174274e-280,0.0022063890522742,1.01393437423287e-281,2.913189344545389e-280,1000071.0,222-222@3bh-zth-5vf,2015-08-15 04:34:08,0.4666666666666667
0.8182564915847723,2.0050143902049245e-31,0.0593831569702761,1.2621888381907798e-31,1.4941456761298367e-26,0.0022312184294741,6.2373464051672495e-31,2.438963896123247e-28,1000072.0,222-222@3bh-zth-5vf,2019-08-21 19:17:09,1.0
0.0013039372757769,0.8180916296677551,0.0001283514330445,2.3048984916571783e-05,1.2087517539286012e-05,8.269303089988134e-06,3.7209965815618114e-06,3.4158714590896327e-06,1000073.0,222-222@3bh-zth-5vf,2017-09-11 07:59:33,0.0
0.7059567199496699,7.214137516393106e-189,0.0359242867792245,4.471061489828604e-189,1.343416809170692e-181,0.0018280429281949,2.378677115549922e-188,9.046608283297784e-185,1000074.0,222-222@3bh-zth-5vf,2023-08-22 19:48:25,0.5285714285714286
0.7017487944607662,5.114434433482182e-46,0.0390424176199839,3.162268141675319e-46,0.0012167408251117,0.0017161751598126,4.536605841601916e-45,6.435338433292118e-18,1000075.0,222-222@3bh-zth-5vf,2023-07-24 19:53:09,0.36328125
0.6998855817611561,0.0,0.0226764225874206,0.0,0.0,0.0021281857281669,0.0,0.0,1000076.0,222-222@3bh-zth-5vf,2022-08-19 16:10:05,0.3664160401002506
0.502646319828247,0.0,0.0155488795695933,0.0,0.0,0.001764555690111,0.0,0.0,1000077.0,222-222@3bh-zth-5vf,2021-11-24 18:38:45,0.4312499999999999
0.8794841115734291,0.0,0.0370177609623618,0.0,0.0,0.0023236867110088,0.0,0.0,1000078.0,222-222@3bh-zth-5vf,2023-06-06 01:16:53,0.3738095238095238
0.9049224710410508,3.969343215345336e-09,1.577609885966497e-07,2.449573564657041e-09,2.9313852350863987e-09,2.6258254156153946e-08,1.7230690755496587e-09,2.578965032009448e-09,1000079.0,222-222@3bh-zth-5vf,2021-06-28 01:02:36,0.5499999999999999
0.061822158152148,2.6355400628059217e-165,0.0024513961076456,1.6265087566460045e-165,7.679305436044021e-164,0.0001828895638912,3.267472483711405e-165,4.0262780660550754e-164,1000080.0,222-222@3bh-zth-5vf,2017-09-14 16:23:30,0.4124999999999999
0.9999999991844408,2.802350305166548e-15,6.69195531942386e-14,1.7286204264396948e-15,1.806391271415148e-15,6.32776622518531e-15,1.1056818452141831e-15,1.5105864555738545e-15,1000081.0,222-222@3bh-zth-5vf,2018-07-06 17:33:58,0.35
0.8068655279906348,2.196389830882125e-96,4.0654611599473495e-93,1.3547999403960893e-96,2.662637132004739e-96,1.3605379295929068e-89,1.2235480564916548e-96,2.54842854573289e-96,1000082.0,222-222@3bh-zth-5vf,2019-07-31 04:16:54,0.64
0.9359945168034028,4.275984456778684e-43,1.393229037104772e-40,2.6406496629368042e-43,4.411654686254869e-43,1.1816736261714975e-39,2.2014060697016122e-43,4.011921510019161e-43,1000083.0,222-222@3bh-zth-5vf,2019-06-27 11:19:57,0.3853333333333333
0.9662942648579094,8.67159907654925e-26,3.414973212775183e-24,5.343802524199218e-26,6.376268491497136e-26,5.762193021777131e-25,3.717722782922808e-26,5.532153757608907e-26,1000084.0,222-222@3bh-zth-5vf,2023-08-08 02:41:11,0.3418181818181818
0.9074929975644612,1.7782073887553227e-09,6.938330092136016e-08,1.0947262747263615e-09,1.303301713554215e-09,1.1599655552065356e-08,7.582970608176693e-10,1.1199091844885992e-09,1000085.0,222-222@3bh-zth-5vf,2023-07-12 00:23:02,0.4285714285714285
0.819155709496704,4.281191373759849e-05,0.0016981368796763,2.638738084491129e-05,3.154922830502286e-05,0.0002859728667105,1.853317260942038e-05,2.7576171641435773e-05,1000086.0,222-222@3bh-zth-5vf,2022-03-27 18:10:57,0.3919999999999999
0.79329065936187,2.2650581530102e-34,4.099394695939279e-31,1.3953064587043471e-34,2.7078753666086994e-34,1.4100276610432251e-27,1.2489249649039402e-34,2.5179342060357397e-34,1000087.0,222-222@3bh-zth-5vf,2022-01-25 04:25:41,0.2918831168831168
0.8794823519611863,8.2636577784023e-311,0.0346701142881262,5.100925668832e-311,3.5856177435746e-310,0.0044401002179384,7.0214823602563e-311,2.9182233020221e-310,1000088.0,222-222@3bh-zth-5vf,2022-07-07 23:27:28,0.56
0.9058908450477628,4.1436106999357074e-17,1.3379916578868202e-14,2.552185595235233e-17,4.2490852544275116e-17,1.1047939501721177e-13,2.1257176834101506e-17,3.90080759293149e-17,1000089.0,222-222@3bh-zth-5vf,2018-07-04 05:27:22,0.2056372549019608
0.8583630731429486,1.20219109005933e-09,1.2076216445853233e-07,7.396223170121381e-10,1.052906325506066e-09,9.025961321992893e-08,5.5891289585336e-10,9.238209073345023e-10,1000090.0,222-222@3bh-zth-5vf,2022-06-30 02:56:12,0.3571428571428571
0.0119690847457344,0.9862158371539582,0.0011766544516271,0.0002662364767322,0.0001065910426951,7.845763896950107e-05,3.3438117764794966e-05,3.1595347079021866e-05,1000091.0,222-222@3bh-zth-5vf,2023-10-30 14:36:47,0.0
0.5208369160462297,0.0,0.0206692061728002,0.0,0.0,0.0025770592026232,0.0,0.0,1000092.0,222-222@3bh-zth-5vf,2023-08-10 19:36:30,0.3705555555555556
0.9999999991976444,5.38065780543246e-21,1.2778392574616664e-19,3.313844640416034e-21,3.4583497782787846e-21,1.2036440505039904e-20,2.096767808741722e-21,2.88362544152097e-21,1000093.0,222-222@3bh-zth-5vf,2021-07-09 05:25:53,0.552
0.9248086055982188,0.0,0.0446666795584732,0.0,0.0,0.0025565377047748,0.0,0.0,1000094.0,222-222@3bh-zth-5vf,2023-07-31 04:06:34,0.4245454545454545
0.9248086055982188,0.0,0.0446666795584732,0.0,0.0,0.0025565377047748,0.0,0.0,1000094.0,zzw-222@3bh-zvc-n89,2023-07-31 04:06:34,0.4245454545454545
0.9542330068469616,0.0,0.0304841936110591,0.0,0.0,0.0028392192308573,0.0,0.0,1000095.0,222-222@3bh-zth-5vf,2023-07-16 03:59:43,0.5453703703703704
0.9542330068469616,0.0,0.0304841936110591,0.0,0.0,0.0028392192308573,0.0,0.0,1000095.0,zzw-222@3bh-zvc-n89,2023-07-16 03:59:43,0.5453703703703704
0.9542330068469616,0.0,0.0304841936110591,0.0,0.0,0.0028392192308573,0.0,0.0,1000095.0,zzw-222@3bh-zvc-n89,2023-07-16 03:59:43,0.5453703703703704
0.9542330068469616,0.0,0.0304841936110591,0.0,0.0,0.0028392192308573,0.0,0.0,1000095.0,zzw-222@3bh-zvc-n89,2023-07-16 03:59:43,0.5453703703703704
0.8657187785622398,2.175896684226996e-10,2.271626090567213e-08,1.3407863164734135e-10,1.931224655378868e-10,1.6549020785475312e-08,1.0458715148923692e-10,1.7869315961669572e-10,1000096.0,222-222@3bh-zth-5vf,2023-08-16 01:46:12,0.2352941176470588
0.8657187785622398,2.175896684226996e-10,2.271626090567213e-08,1.3407863164734135e-10,1.931224655378868e-10,1.6549020785475312e-08,1.0458715148923692e-10,1.7869315961669572e-10,1000096.0,zzw-222@3bh-zvc-n89,2023-08-16 01:46:12,0.2352941176470588
0.8657187785622398,2.175896684226996e-10,2.271626090567213e-08,1.3407863164734135e-10,1.931224655378868e-10,1.6549020785475312e-08,1.0458715148923692e-10,1.7869315961669572e-10,1000096.0,zzw-222@3bh-zvc-n89,2023-08-16 01:46:12,0.2352941176470588
0.8657187785622398,2.175896684226996e-10,2.271626090567213e-08,1.3407863164734135e-10,1.931224655378868e-10,1.6549020785475312e-08,1.0458715148923692e-10,1.7869315961669572e-10,1000096.0,zzw-222@3bh-zvc-n89,2023-08-16 01:46:12,0.2352941176470588
0.9999999993446343,7.844272148051525e-103,1.4867848064949104e-101,4.834728892924556e-103,4.70056627532421e-103,1.166610252002021e-102,2.915843155821827e-103,3.802874124711418e-103,1000097.0,222-222@3bh-zth-5vf,2023-06-27 03:51:49,0.2646520146520146
0.9999999993446343,7.844272148051525e-103,1.4867848064949104e-101,4.834728892924556e-103,4.70056627532421e-103,1.166610252002021e-102,2.915843155821827e-103,3.802874124711418e-103,1000097.0,zzw-222@3bh-zvc-n89,2023-06-27 03:51:49,0.2646520146520146
0.9999999993446343,7.844272148051525e-103,1.4867848064949104e-101,4.834728892924556e-103,4.70056627532421e-103,1.166610252002021e-102,2.915843155821827e-103,3.802874124711418e-103,1000097.0,zzw-222@3bh-zvc-n89,2023-06-27 03:51:49,0.2646520146520146
0.9999999993446343,7.844272148051525e-103,1.4867848064949104e-101,4.834728892924556e-103,4.70056627532421e-103,1.166610252002021e-102,2.915843155821827e-103,3.802874124711418e-103,1000097.0,zzw-222@3bh-zvc-n89,2023-06-27 03:51:49,0.2646520146520146
0.8823173825871918,1.8966421510777698e-07,7.38569276715673e-06,1.1686974861345281e-07,1.3847138895616414e-07,1.2673334006352802e-06,8.02083217809748e-08,1.1961111761045844e-07,1000098.0,222-222@3bh-zth-5vf,2023-08-01 02:20:10,0.3190476190476191
0.8823173825871918,1.8966421510777698e-07,7.38569276715673e-06,1.1686974861345281e-07,1.3847138895616414e-07,1.2673334006352802e-06,8.02083217809748e-08,1.1961111761045844e-07,1000098.0,zzw-222@3bh-zvc-n89,2023-08-01 02:20:10,0.3190476190476191
0.8823173825871918,1.8966421510777698e-07,7.38569276715673e-06,1.1686974861345281e-07,1.3847138895616414e-07,1.2673334006352802e-06,8.02083217809748e-08,1.1961111761045844e-07,1000098.0,zzw-222@3bh-zvc-n89,2023-08-01 02:20:10,0.3190476190476191
0.8823173825871918,1.8966421510777698e-07,7.38569276715673e-06,1.1686974861345281e-07,1.3847138895616414e-07,1.2673334006352802e-06,8.02083217809748e-08,1.1961111761045844e-07,1000098.0,zzw-222@3bh-zvc-n89,2023-08-01 02:20:10,0.3190476190476191
0.7944332864916496,2.3260081134052677e-76,2.049633917197306e-71,1.4347220843157156e-76,3.4540929993554764e-76,6.85974533578911e-36,1.4131291292436736e-76,3.3298078708076297e-76,1000099.0,222-222@3bh-zth-5vf,2022-09-01 21:24:51,0.65
0.7944332864916496,2.3260081134052677e-76,2.049633917197306e-71,1.4347220843157156e-76,3.4540929993554764e-76,6.85974533578911e-36,1.4131291292436736e-76,3.3298078708076297e-76,1000099.0,zzw-222@3bh-zvc-n89,2022-09-01 21:24:51,0.65
0.7944332864916496,2.3260081134052677e-76,2.049633917197306e-71,1.4347220843157156e-76,3.4540929993554764e-76,6.85974533578911e-36,1.4131291292436736e-76,3.3298078708076297e-76,1000099.0,zzw-222@3bh-zvc-n89,2022-09-01 21:24:51,0.65
0.7944332864916496,2.3260081134052677e-76,2.049633917197306e-71,1.4347220843157156e-76,3.4540929993554764e-76,6.85974533578911e-36,1.4131291292436736e-76,3.3298078708076297e-76,1000099.0,zzw-222@3bh-zvc-n89,2022-09-01 21:24:51,0.65
0.7107011709411925,0.0,0.0291472315925069,0.0,0.0,0.0021604726833725,0.0,0.0,1000100.0,222-222@3bh-zth-5vf,2023-08-07 02:48:05,0.2207589285714285
0.7107011709411925,0.0,0.0291472315925069,0.0,0.0,0.0021604726833725,0.0,0.0,1000100.0,zzw-222@3bh-zvc-n89,2023-08-07 02:48:05,0.2207589285714285
0.7107011709411925,0.0,0.0291472315925069,0.0,0.0,0.0021604726833725,0.0,0.0,1000100.0,zzw-222@3bh-zvc-n89,2023-08-07 02:48:05,0.2207589285714285
0.7107011709411925,0.0,0.0291472315925069,0.0,0.0,0.0021604726833725,0.0,0.0,1000100.0,zzw-222@3bh-zvc-n89,2023-08-07 02:48:05,0.2207589285714285
0.5485911389042495,0.0,0.0166120622190418,0.0,0.0,0.0019032368965703,0.0,0.0,1000101.0,222-222@3bh-zth-5vf,2023-08-22 01:37:57,0.5625
0.5485911389042495,0.0,0.0166120622190418,0.0,0.0,0.0019032368965703,0.0,0.0,1000101.0,zzw-222@3bh-zvc-n89,2023-08-22 01:37:57,0.5625
0.5485911389042495,0.0,0.0166120622190418,0.0,0.0,0.0019032368965703,0.0,0.0,1000101.0,zzw-222@3bh-zvc-n89,2023-08-22 01:37:57,0.5625
0.5485911389042495,0.0,0.0166120622190418,0.0,0.0,0.0019032368965703,0.0,0.0,1000101.0,zzw-222@3bh-zvc-n89,2023-08-22 01:37:57,0.5625
0.887023814452248,1.357022308112168e-12,4.3764064801362957e-10,8.354042720721004e-13,1.383940585003719e-12,3.6864491023317005e-09,6.880050501869416e-13,1.2796133802166216e-12,1000102.0,222-222@3bh-zth-5vf,2023-06-19 15:41:00,0.31036866359447
0.887023814452248,1.357022308112168e-12,4.3764064801362957e-10,8.354042720721004e-13,1.383940585003719e-12,3.6864491023317005e-09,6.880050501869416e-13,1.2796133802166216e-12,1000102.0,zzw-222@3bh-zvc-n89,2023-06-19 15:41:00,0.31036866359447
0.887023814452248,1.357022308112168e-12,4.3764064801362957e-10,8.354042720721004e-13,1.383940585003719e-12,3.6864491023317005e-09,6.880050501869416e-13,1.2796133802166216e-12,1000102.0,zzw-222@3bh-zvc-n89,2023-06-19 15:41:00,0.31036866359447
0.887023814452248,1.357022308112168e-12,4.3764064801362957e-10,8.354042720721004e-13,1.383940585003719e-12,3.6864491023317005e-09,6.880050501869416e-13,1.2796133802166216e-12,1000102.0,zzw-222@3bh-zvc-n89,2023-06-19 15:41:00,0.31036866359447
0.8851868336027656,1.3040322100683461e-13,1.3792243411165624e-11,8.039968343308262e-14,1.1617657263120116e-13,1.0133697263592374e-11,6.285941872798822e-14,1.0910405795251645e-13,1000103.0,222-222@3bh-zth-5vf,2023-06-28 20:08:41,0.6133333333333333
0.8851868336027656,1.3040322100683461e-13,1.3792243411165624e-11,8.039968343308262e-14,1.1617657263120116e-13,1.0133697263592374e-11,6.285941872798822e-14,1.0910405795251645e-13,1000103.0,zzw-222@3bh-zvc-n89,2023-06-28 20:08:41,0.6133333333333333
0.8851868336027656,1.3040322100683461e-13,1.3792243411165624e-11,8.039968343308262e-14,1.1617657263120116e-13,1.0133697263592374e-11,6.285941872798822e-14,1.0910405795251645e-13,1000103.0,zzw-222@3bh-zvc-n89,2023-06-28 20:08:41,0.6133333333333333
0.8851868336027656,1.3040322100683461e-13,1.3792243411165624e-11,8.039968343308262e-14,1.1617657263120116e-13,1.0133697263592374e-11,6.285941872798822e-14,1.0910405795251645e-13,1000103.0,zzw-222@3bh-zvc-n89,2023-06-28 20:08:41,0.6133333333333333
0.8220290829257315,4.577096123339146e-05,0.001840258632383,2.8199536934002643e-05,3.380474676808238e-05,0.0003057609214014,1.9866351227132413e-05,3.045892362208984e-05,1000104.0,222-222@3bh-zth-5vf,2023-09-07 04:16:28,0.3916666666666666
0.8913049956381747,2.5825026194041684e-13,8.241930899663811e-11,1.5895228383737844e-13,2.626098256311513e-13,6.930657798374856e-10,1.301765285264604e-13,2.3988393413461894e-13,1000105.0,222-222@3bh-zth-5vf,2023-06-18 04:47:35,0.4000711382113821
0.9116003622796948,0.0,0.0342121240892478,0.0,0.0,0.0044117162650915,0.0,0.0,1000106.0,222-222@3bh-zth-5vf,2023-07-20 04:10:05,0.2535510204081632
0.8866014551018276,1.810495244698169e-12,6.01600223766439e-10,1.1166710040591137e-12,1.8822664315570403e-12,4.737848724918772e-09,9.417161709512495e-13,1.8202724904628043e-12,1000107.0,222-222@3bh-zth-5vf,2023-12-18 18:42:28,0.627
0.9394607522157788,0.0,0.0,0.0,0.0,0.0,0.0,0.0,1000108.0,222-222@3bh-zth-5vf,2021-06-24 18:32:53,0.7333333333333334
0.7930408970623211,5.994796857355898e-34,1.0785913477100254e-30,3.6907360741860597e-34,7.103104753481548e-34,3.836617688810538e-27,3.2453727447019564e-34,6.600225554980186e-34,1000109.0,222-222@3bh-zth-5vf,2023-08-31 18:13:35,0.0853305785123966
0.8824751259770088,0.0,0.0338406985993574,0.0,0.0,0.004168836632193,0.0,0.0,1000110.0,222-222@3bh-zth-5vf,2022-01-04 00:16:54,0.3769047619047619
0.7482004117411488,0.0,0.0237124563326913,0.0,0.0,0.0027355810841527,0.0,0.0,1000111.0,222-222@3bh-zth-5vf,2023-09-16 22:41:33,-0.0128787878787878
0.8939436221273783,3.7697925179862666e-08,1.505429583512356e-06,2.3229574994604265e-08,2.7783135906373645e-08,2.516025582025763e-07,1.6238200245104796e-08,2.4842992135388258e-08,1000112.0,222-222@3bh-zth-5vf,2021-12-16 17:37:19,0.2733843537414966
0.3815146012357019,4.418651020682449e-141,0.0173230995746994,2.735628616168569e-141,9.78710864875985e-139,0.000982077733969,7.492217794797105e-141,2.871521101391817e-139,1000113.0,222-222@3bh-zth-5vf,2021-12-15 03:41:17,0.26875
0.9684269690679208,1.7896995210398945e-27,7.094565990093203e-26,1.1032407687012156e-27,1.3185114180170328e-27,1.19038673436445e-26,7.718948804080289e-28,1.1569539103658074e-27,1000114.0,222-222@3bh-zth-5vf,2023-08-13 23:59:59,0.2879166666666667
0.9259393912693952,1.9197363582331043e-28,6.329296609415117e-26,1.1831422184169286e-28,1.9831494717638742e-28,5.231666165419986e-25,9.996909407436775e-29,1.8537657435460262e-28,1000115.0,222-222@3bh-zth-5vf,2023-08-12 23:59:59,0.1381944444444444
0.69395909914795,3.821314909970657e-38,5.884344840870064e-31,2.352841714942242e-38,6.548638926175809e-38,0.0174183963375711,2.421465203711646e-38,6.041317218437237e-38,1000116.0,222-222@3bh-zth-5vf,2023-11-07 23:59:59,0.41
0.9522539336471196,6.606209147853546e-261,2.175700177636262e-258,4.0707963552709965e-261,6.8089819566907875e-261,1.7870189056276817e-257,3.422954479169376e-261,6.4415955092419285e-261,1000117.0,222-222@3bh-zth-5vf,2022-08-15 23:59:59,0.3303333333333333
0.5095960855279149,0.0,0.0213176365202213,0.0,0.0,0.0013954526244391,0.0,0.0,1000118.0,222-222@3bh-zth-5vf,2022-08-04 23:59:59,0.5319444444444444
0.5397922934991369,0.0,0.0205429699368196,0.0,0.0,0.0014907253230502,0.0,0.0,1000119.0,222-222@3bh-zth-5vf,2021-08-27 23:59:59,0.184297520661157
0.8987464866204733,0.0,0.0289724818790428,0.0,0.0,0.0026901802182801,0.0,0.0,1000120.0,222-222@3bh-zth-5vf,2020-08-27 23:59:59,0.1270833333333333
0.7491223546153581,0.0,0.0314824297930166,0.0,0.0,0.0038621682327864,0.0,0.0,1000121.0,222-222@3bh-zth-5vf,2016-07-04 16:45:10,0.3046296296296296
0.5301766145782186,0.0,0.0174463108940365,0.0,0.0,0.0015941519272013,0.0,0.0,1000122.0,222-222@3bh-zth-5vf,2016-09-07 23:59:59,0.1626388888888889
0.5485178497836083,0.0,0.0166542379738482,0.0,0.0,0.0019756714973937,0.0,0.0,1000123.0,222-222@3bh-zth-5vf,2022-07-25 16:59:29,0.3239583333333333
0.8199545560922522,4.709380907248217e-05,0.0018857657960145,2.9029804158828925e-05,3.4722401467668047e-05,0.0003158773900488,2.0250129618645364e-05,3.126464063753397e-05,1000124.0,222-222@3bh-zth-5vf,2018-08-07 04:26:33,0.4214285714285714
0.260202895470459,7.966677744486144e-178,0.0106200688104816,4.921295118953288e-178,7.429288478222439e-176,0.0006601230365481,1.1823902870397676e-177,2.9232591374841407e-176,1000125.0,222-222@3bh-zth-5vf,2018-09-22 07:31:53,0.3482993197278911
0.9193322113237736,2.112507153819163e-179,0.0305615447356301,1.303570797394216e-179,1.04725927189476e-178,0.0038547848990401,1.854926249305072e-179,8.723648967829656e-179,1000126.0,222-222@3bh-zth-5vf,2022-08-11 23:59:59,0.2316666666666667
0.8485590074325333,2.4578152959625815e-59,0.0428018151126451,1.5208440706589006e-59,1.613816562490844e-54,0.0019719447068425,6.2342675285239735e-59,3.131257695537794e-56,1000127.0,222-222@3bh-zth-5vf,2015-04-13 21:16:39,0.6125
0.7870674721948686,0.0,0.0414096794270507,0.0,0.0,0.0020907451789252,0.0,0.0,1000128.0,222-222@3bh-zth-5vf,2021-08-23 23:59:59,0.3455882352941177
0.6890497660627709,2.0192075738931068e-42,0.0504126740273969,1.2642822334755869e-42,0.0014290849062719,0.0015102108662939,2.350722097113771e-41,2.91838530015072e-14,1000129.0,222-222@3bh-zth-5vf,2021-08-11 05:38:18,0.2444444444444444
0.0620776208348847,0.0,0.0024308401712758,0.0,0.0,0.0001796850332264,0.0,0.0,1000130.0,222-222@3bh-zth-5vf,2021-07-19 23:59:59,0.3974358974358974
0.8451726442186241,9.041441639003309e-06,0.0005823774762645,5.581912578145164e-06,7.455995573412501e-06,0.0001654834887792,4.162616311186252e-06,7.162225165082805e-06,1000131.0,222-222@3bh-zth-5vf,2018-08-01 02:39:42,0.6
0.7932906593618698,2.316842361713067e-34,4.246098499028535e-31,1.4278233059713815e-34,2.778563962800436e-34,1.4595181189098202e-27,1.2876792791560572e-34,2.6269874700960147e-34,1000132.0,222-222@3bh-zth-5vf,2022-06-27 22:33:36,0.23125
0.999999999247858,6.508191026642368e-25,1.4330751425365826e-23,4.0193990374971057e-25,4.1045298228433e-25,1.2531794757648682e-24,2.5390025116512138e-25,3.394935806384161e-25,1000133.0,222-222@3bh-zth-5vf,2021-10-17 22:47:41,0.5214285714285714
0.8189018738092264,0.0,0.0389113590569604,0.0,0.0,0.0036708256825054,0.0,0.0,1000134.0,222-223@5s8-c9k-8d9,2021-11-03 14:49:27,0.2806122448979591
0.8189018738092264,0.0,0.0389113590569604,0.0,0.0,0.0036708256825054,0.0,0.0,1000134.0,222-223@5s8-c9k-8d9,2021-11-03 14:49:27,0.2806122448979591
0.8189018738092264,0.0,0.0389113590569604,0.0,0.0,0.0036708256825054,0.0,0.0,1000134.0,222-223@5s8-c9k-8d9,2021-11-03 14:49:27,0.2806122448979591
0.5142297102557314,0.0,0.0,0.0,0.0,0.0,0.0,0.0,1000135.0,222-223@5s8-c9k-8d9,2017-02-18 22:04:52,0.1107142857142857
0.5142297102557314,0.0,0.0,0.0,0.0,0.0,0.0,0.0,1000135.0,222-223@5s8-c9k-8d9,2017-02-18 22:04:52,0.1107142857142857
0.5142297102557314,0.0,0.0,0.0,0.0,0.0,0.0,0.0,1000135.0,222-223@5s8-c9k-8d9,2017-02-18 22:04:52,0.1107142857142857
0.905339318902039,3.9294583817041575e-09,4.875197036168726e-05,2.433534969102366e-09,5.698568131908268e-09,9.537465367110069e-06,2.6136918424810995e-09,5.899224882210777e-09,1000136.0,222-223@5s8-c9k-8d9,2018-07-27 19:40:43,0.2678571428571428
0.905339318902039,3.9294583817041575e-09,4.875197036168726e-05,2.433534969102366e-09,5.698568131908268e-09,9.537465367110069e-06,2.6136918424810995e-09,5.899224882210777e-09,1000136.0,222-223@5s8-c9k-8d9,2018-07-27 19:40:43,0.2678571428571428
0.905339318902039,3.9294583817041575e-09,4.875197036168726e-05,2.433534969102366e-09,5.698568131908268e-09,9.537465367110069e-06,2.6136918424810995e-09,5.899224882210777e-09,1000136.0,222-223@5s8-c9k-8d9,2018-07-27 19:40:43,0.2678571428571428
0.752653830873252,0.0,0.0,0.0,0.0,0.0,0.0,0.0,1000137.0,222-223@5s8-c9k-8d9,2018-07-08 12:24:42,0.3
0.752653830873252,0.0,0.0,0.0,0.0,0.0,0.0,0.0,1000137.0,222-223@5s8-c9k-8d9,2018-07-08 12:24:42,0.3
0.752653830873252,0.0,0.0,0.0,0.0,0.0,0.0,0.0,1000137.0,222-223@5s8-c9k-8d9,2018-07-08 12:24:42,0.3
0.9251435968295332,0.0,0.0391213834747952,0.0,0.0,0.0036503003287329,0.0,0.0,1000138.0,222-223@5s8-c9k-8d9,2024-03-20 23:18:56,0.8
0.9251435968295332,0.0,0.0391213834747952,0.0,0.0,0.0036503003287329,0.0,0.0,1000138.0,222-223@5s8-c9k-8d9,2024-03-20 23:18:56,0.8
0.9251435968295332,0.0,0.0391213834747952,0.0,0.0,0.0036503003287329,0.0,0.0,1000138.0,222-223@5s8-c9k-8d9,2024-03-20 23:18:56,0.8
0.9938812506877532,5.92981605441524e-142,4.2482785446958945e-139,3.674234775576542e-142,7.290480949906962e-142,5.078733598630388e-140,3.5047365407337654e-142,6.510478196579099e-142,1000139.0,222-223@5s8-c9k-8d9,2020-11-03 06:20:03,0.7833333333333333
0.9938812506877532,5.92981605441524e-142,4.2482785446958945e-139,3.674234775576542e-142,7.290480949906962e-142,5.078733598630388e-140,3.5047365407337654e-142,6.510478196579099e-142,1000139.0,222-223@5s8-c9k-8d9,2020-11-03 06:20:03,0.7833333333333333
0.9938812506877532,5.92981605441524e-142,4.2482785446958945e-139,3.674234775576542e-142,7.290480949906962e-142,5.078733598630388e-140,3.5047365407337654e-142,6.510478196579099e-142,1000139.0,222-223@5s8-c9k-8d9,2020-11-03 06:20:03,0.7833333333333333
0.3649797411037371,0.0,0.0192381352146407,0.0,0.0,0.0006921928030815,0.0,0.0,1000140.0,222-223@5s8-c9k-8d9,2018-06-22 03:46:46,0.5041666666666667
0.3649797411037371,0.0,0.0192381352146407,0.0,0.0,0.0006921928030815,0.0,0.0,1000140.0,222-223@5s8-c9k-8d9,2018-06-22 03:46:46,0.5041666666666667
0.3649797411037371,0.0,0.0192381352146407,0.0,0.0,0.0006921928030815,0.0,0.0,1000140.0,222-223@5s8-c9k-8d9,2018-06-22 03:46:46,0.5041666666666667
0.1409369955670059,0.8372927028516021,0.0139654939926261,0.0031807934326112,0.0014852785534668,0.0009278437975649,0.0003968130481678,0.000370137235919,1000141.0,222-223@5s8-c9k-8d9,2020-03-09 19:14:25,0.0
0.9475805581609168,0.0006343947664806,0.0406076600227113,0.0003930928289628,0.0005355192884759,0.0025730616051111,0.000326438526058,0.0005388404034619,1000142.0,222-223@5s8-c9k-8d9,2019-12-20 23:52:06,0.3208333333333333
0.9475805581609168,0.0006343947664806,0.0406076600227113,0.0003930928289628,0.0005355192884759,0.0025730616051111,0.000326438526058,0.0005388404034619,1000142.0,222-223@5s8-c9k-8d9,2019-12-20 23:52:06,0.3208333333333333
0.9475805581609168,0.0006343947664806,0.0406076600227113,0.0003930928289628,0.0005355192884759,0.0025730616051111,0.000326438526058,0.0005388404034619,1000142.0,222-223@5s8-c9k-8d9,2019-12-20 23:52:06,0.3208333333333333
0.99999999909107,3.4376578986890017e-180,1.1294736467771345e-178,2.13948557334962e-180,2.784562312597367e-180,4.376350486336697e-180,2.085881023259643e-180,1.962920463721446e-180,1000143.0,222-223@5s8-c9k-8d9,2024-05-22 14:45:49,0.0916666666666666
0.99999999909107,3.4376578986890017e-180,1.1294736467771345e-178,2.13948557334962e-180,2.784562312597367e-180,4.376350486336697e-180,2.085881023259643e-180,1.962920463721446e-180,1000143.0,222-223@5z4-rgf-nbk,2024-05-22 14:45:49,0.0916666666666666
0.9999999988715548,1.317801960096003e-46,6.911556626343706e-45,8.214792411991098e-47,1.2629603715921174e-46,2.77212530467769e-46,8.559331427291986e-47,9.105076658016598e-47,1000144.0,222-223@5s8-c9k-8d9,2024-05-18 14:30:53,0.0916666666666666
0.9999999988715548,1.317801960096003e-46,6.911556626343706e-45,8.214792411991098e-47,1.2629603715921174e-46,2.77212530467769e-46,8.559331427291986e-47,9.105076658016598e-47,1000144.0,222-223@5z4-rgf-nbk,2024-05-18 14:30:53,0.0916666666666666
0.9999999988715548,1.317801960096003e-46,6.911556626343706e-45,8.214792411991098e-47,1.2629603715921174e-46,2.77212530467769e-46,8.559331427291986e-47,9.105076658016598e-47,1000144.0,222-222@5p7-h47-45f,2024-05-18 14:30:53,0.0916666666666666
0.9999999988715548,1.317801960096003e-46,6.911556626343706e-45,8.214792411991098e-47,1.2629603715921174e-46,2.77212530467769e-46,8.559331427291986e-47,9.105076658016598e-47,1000144.0,222-223@5s8-c9k-8d9,2024-05-18 14:30:53,0.0916666666666666
0.9999999988715548,1.317801960096003e-46,6.911556626343706e-45,8.214792411991098e-47,1.2629603715921174e-46,2.77212530467769e-46,8.559331427291986e-47,9.105076658016598e-47,1000144.0,222-223@5s8-c9k-8d9,2024-05-18 14:30:53,0.0916666666666666
0.9999999988715548,1.317801960096003e-46,6.911556626343706e-45,8.214792411991098e-47,1.2629603715921174e-46,2.77212530467769e-46,8.559331427291986e-47,9.105076658016598e-47,1000144.0,222-223@5s8-c9k-8d9,2024-05-18 14:30:53,0.0916666666666666
0.6893593512100727,3.665680413142788e-33,0.0446789348188674,2.2896328633605374e-33,0.0012221763097803,0.0015671524986012,3.8885663914685236e-32,4.876656517670037e-05,1000145.0,222-223@5s8-c9k-8d9,2024-03-12 17:51:45,0.5875
0.6893593512100727,3.665680413142788e-33,0.0446789348188674,2.2896328633605374e-33,0.0012221763097803,0.0015671524986012,3.8885663914685236e-32,4.876656517670037e-05,1000145.0,222-223@5z4-rgf-nbk,2024-03-12 17:51:45,0.5875
0.6893593512100727,3.665680413142788e-33,0.0446789348188674,2.2896328633605374e-33,0.0012221763097803,0.0015671524986012,3.8885663914685236e-32,4.876656517670037e-05,1000145.0,222-222@5p7-h47-45f,2024-03-12 17:51:45,0.5875
0.6893593512100727,3.665680413142788e-33,0.0446789348188674,2.2896328633605374e-33,0.0012221763097803,0.0015671524986012,3.8885663914685236e-32,4.876656517670037e-05,1000145.0,222-223@5s8-c9k-8d9,2024-03-12 17:51:45,0.5875
0.6893593512100727,3.665680413142788e-33,0.0446789348188674,2.2896328633605374e-33,0.0012221763097803,0.0015671524986012,3.8885663914685236e-32,4.876656517670037e-05,1000145.0,222-223@5s8-c9k-8d9,2024-03-12 17:51:45,0.5875
0.6893593512100727,3.665680413142788e-33,0.0446789348188674,2.2896328633605374e-33,0.0012221763097803,0.0015671524986012,3.8885663914685236e-32,4.876656517670037e-05,1000145.0,222-223@5s8-c9k-8d9,2024-03-12 17:51:45,0.5875
0.9999999983097072,1.6555178987219363e-11,5.589241295177937e-10,1.0321338556213307e-11,1.331157157006268e-11,2.136154253428776e-11,1.0567196954755824e-11,1.0089219394456e-11,1000146.0,222-223@5s8-c9k-8d9,2023-04-11 02:36:12,0.1118371212121212
0.9999999983097072,1.6555178987219363e-11,5.589241295177937e-10,1.0321338556213307e-11,1.331157157006268e-11,2.136154253428776e-11,1.0567196954755824e-11,1.0089219394456e-11,1000146.0,222-223@5z4-rgf-nbk,2023-04-11 02:36:12,0.1118371212121212
0.9999999983097072,1.6555178987219363e-11,5.589241295177937e-10,1.0321338556213307e-11,1.331157157006268e-11,2.136154253428776e-11,1.0567196954755824e-11,1.0089219394456e-11,1000146.0,222-222@5p7-h47-45f,2023-04-11 02:36:12,0.1118371212121212
0.9999999983097072,1.6555178987219363e-11,5.589241295177937e-10,1.0321338556213307e-11,1.331157157006268e-11,2.136154253428776e-11,1.0567196954755824e-11,1.0089219394456e-11,1000146.0,222-223@5s8-c9k-8d9,2023-04-11 02:36:12,0.1118371212121212
0.9999999983097072,1.6555178987219363e-11,5.589241295177937e-10,1.0321338556213307e-11,1.331157157006268e-11,2.136154253428776e-11,1.0567196954755824e-11,1.0089219394456e-11,1000146.0,222-223@5s8-c9k-8d9,2023-04-11 02:36:12,0.1118371212121212
0.9999999983097072,1.6555178987219363e-11,5.589241295177937e-10,1.0321338556213307e-11,1.331157157006268e-11,2.136154253428776e-11,1.0567196954755824e-11,1.0089219394456e-11,1000146.0,222-223@5s8-c9k-8d9,2023-04-11 02:36:12,0.1118371212121212
0.1029501472912323,9.48742935155406e-188,0.0062106817144932,5.862976587624031e-188,0.0001767563649686,0.0002442328794891,3.975062639579916e-186,0.0002682572273287,1000147.0,222-223@5s8-c9k-8d9,2021-03-23 18:13:10,0.5666666666666668
0.1029501472912323,9.48742935155406e-188,0.0062106817144932,5.862976587624031e-188,0.0001767563649686,0.0002442328794891,3.975062639579916e-186,0.0002682572273287,1000147.0,222-223@5z4-rgf-nbk,2021-03-23 18:13:10,0.5666666666666668
0.1029501472912323,9.48742935155406e-188,0.0062106817144932,5.862976587624031e-188,0.0001767563649686,0.0002442328794891,3.975062639579916e-186,0.0002682572273287,1000147.0,222-222@5p7-h47-45f,2021-03-23 18:13:10,0.5666666666666668
0.1029501472912323,9.48742935155406e-188,0.0062106817144932,5.862976587624031e-188,0.0001767563649686,0.0002442328794891,3.975062639579916e-186,0.0002682572273287,1000147.0,222-223@5s8-c9k-8d9,2021-03-23 18:13:10,0.5666666666666668
0.1029501472912323,9.48742935155406e-188,0.0062106817144932,5.862976587624031e-188,0.0001767563649686,0.0002442328794891,3.975062639579916e-186,0.0002682572273287,1000147.0,222-223@5s8-c9k-8d9,2021-03-23 18:13:10,0.5666666666666668
0.1029501472912323,9.48742935155406e-188,0.0062106817144932,5.862976587624031e-188,0.0001767563649686,0.0002442328794891,3.975062639579916e-186,0.0002682572273287,1000147.0,222-223@5s8-c9k-8d9,2021-03-23 18:13:10,0.5666666666666668
0.99999999083647,2.2661631714479272e-10,6.414491908223584e-09,1.4123264468484802e-10,1.7134835269069704e-10,2.4623586674522656e-10,1.3271320924038423e-10,1.2503144236930435e-10,1000148.0,222-223@5s8-c9k-8d9,2023-08-22 21:50:14,0.325
0.99999999083647,2.2661631714479272e-10,6.414491908223584e-09,1.4123264468484802e-10,1.7134835269069704e-10,2.4623586674522656e-10,1.3271320924038423e-10,1.2503144236930435e-10,1000148.0,222-223@5z4-rgf-nbk,2023-08-22 21:50:14,0.325
0.99999999083647,2.2661631714479272e-10,6.414491908223584e-09,1.4123264468484802e-10,1.7134835269069704e-10,2.4623586674522656e-10,1.3271320924038423e-10,1.2503144236930435e-10,1000148.0,222-222@5p7-h47-45f,2023-08-22 21:50:14,0.325
0.99999999083647,2.2661631714479272e-10,6.414491908223584e-09,1.4123264468484802e-10,1.7134835269069704e-10,2.4623586674522656e-10,1.3271320924038423e-10,1.2503144236930435e-10,1000148.0,222-223@5s8-c9k-8d9,2023-08-22 21:50:14,0.325
0.99999999083647,2.2661631714479272e-10,6.414491908223584e-09,1.4123264468484802e-10,1.7134835269069704e-10,2.4623586674522656e-10,1.3271320924038423e-10,1.2503144236930435e-10,1000148.0,222-223@5s8-c9k-8d9,2023-08-22 21:50:14,0.325
0.99999999083647,2.2661631714479272e-10,6.414491908223584e-09,1.4123264468484802e-10,1.7134835269069704e-10,2.4623586674522656e-10,1.3271320924038423e-10,1.2503144236930435e-10,1000148.0,222-223@5s8-c9k-8d9,2023-08-22 21:50:14,0.325
0.0149456521576995,1.2015468743407496e-26,0.0009956015714981,7.51513953687544e-27,3.009010341551665e-05,3.1201414516070226e-05,1.09910640807679e-25,3.790632891551195e-15,1000149.0,222-223@5s8-c9k-8d9,2024-01-10 02:19:42,0.5
0.0149456521576995,1.2015468743407496e-26,0.0009956015714981,7.51513953687544e-27,3.009010341551665e-05,3.1201414516070226e-05,1.09910640807679e-25,3.790632891551195e-15,1000149.0,222-223@5z4-rgf-nbk,2024-01-10 02:19:42,0.5
0.0149456521576995,1.2015468743407496e-26,0.0009956015714981,7.51513953687544e-27,3.009010341551665e-05,3.1201414516070226e-05,1.09910640807679e-25,3.790632891551195e-15,1000149.0,222-222@5p7-h47-45f,2024-01-10 02:19:42,0.5
0.0149456521576995,1.2015468743407496e-26,0.0009956015714981,7.51513953687544e-27,3.009010341551665e-05,3.1201414516070226e-05,1.09910640807679e-25,3.790632891551195e-15,1000149.0,222-223@5s8-c9k-8d9,2024-01-10 02:19:42,0.5
0.0149456521576995,1.2015468743407496e-26,0.0009956015714981,7.51513953687544e-27,3.009010341551665e-05,3.1201414516070226e-05,1.09910640807679e-25,3.790632891551195e-15,1000149.0,222-223@5s8-c9k-8d9,2024-01-10 02:19:42,0.5
0.0149456521576995,1.2015468743407496e-26,0.0009956015714981,7.51513953687544e-27,3.009010341551665e-05,3.1201414516070226e-05,1.09910640807679e-25,3.790632891551195e-15,1000149.0,222-223@5s8-c9k-8d9,2024-01-10 02:19:42,0.5
0.9999999985804476,1.8250110119445943e-81,9.791322770522452e-79,1.1491970551290087e-81,2.219449249196352e-81,7.952415121862874e-80,1.154839064256961e-81,2.217727819031234e-81,1000150.0,222-223@5s8-c9k-8d9,2023-01-09 03:43:10,0.4166666666666667
0.9999999985804476,1.8250110119445943e-81,9.791322770522452e-79,1.1491970551290087e-81,2.219449249196352e-81,7.952415121862874e-80,1.154839064256961e-81,2.217727819031234e-81,1000150.0,222-223@5z4-rgf-nbk,2023-01-09 03:43:10,0.4166666666666667
0.9999999985804476,1.8250110119445943e-81,9.791322770522452e-79,1.1491970551290087e-81,2.219449249196352e-81,7.952415121862874e-80,1.154839064256961e-81,2.217727819031234e-81,1000150.0,222-222@5p7-h47-45f,2023-01-09 03:43:10,0.4166666666666667
0.9999999985804476,1.8250110119445943e-81,9.791322770522452e-79,1.1491970551290087e-81,2.219449249196352e-81,7.952415121862874e-80,1.154839064256961e-81,2.217727819031234e-81,1000150.0,222-223@5s8-c9k-8d9,2023-01-09 03:43:10,0.4166666666666667
0.9999999985804476,1.8250110119445943e-81,9.791322770522452e-79,1.1491970551290087e-81,2.219449249196352e-81,7.952415121862874e-80,1.154839064256961e-81,2.217727819031234e-81,1000150.0,222-223@5s8-c9k-8d9,2023-01-09 03:43:10,0.4166666666666667
0.9999999985804476,1.8250110119445943e-81,9.791322770522452e-79,1.1491970551290087e-81,2.219449249196352e-81,7.952415121862874e-80,1.154839064256961e-81,2.217727819031234e-81,1000150.0,222-223@5s8-c9k-8d9,2023-01-09 03:43:10,0.4166666666666667
0.2571991447378004,0.0,0.0141934039077638,0.0,0.0,0.0006153208520612,0.0,0.0,1000151.0,222-223@5s8-c9k-8d9,2024-04-17 13:27:15,0.5333333333333333
0.2571991447378004,0.0,0.0141934039077638,0.0,0.0,0.0006153208520612,0.0,0.0,1000151.0,222-223@5z4-rgf-nbk,2024-04-17 13:27:15,0.5333333333333333
0.2571991447378004,0.0,0.0141934039077638,0.0,0.0,0.0006153208520612,0.0,0.0,1000151.0,222-222@5p7-h47-45f,2024-04-17 13:27:15,0.5333333333333333
0.2571991447378004,0.0,0.0141934039077638,0.0,0.0,0.0006153208520612,0.0,0.0,1000151.0,222-223@5s8-c9k-8d9,2024-04-17 13:27:15,0.5333333333333333
0.2571991447378004,0.0,0.0141934039077638,0.0,0.0,0.0006153208520612,0.0,0.0,1000151.0,222-223@5s8-c9k-8d9,2024-04-17 13:27:15,0.5333333333333333
0.2571991447378004,0.0,0.0141934039077638,0.0,0.0,0.0006153208520612,0.0,0.0,1000151.0,222-223@5s8-c9k-8d9,2024-04-17 13:27:15,0.5333333333333333
0.999896958545407,1.404491224781131e-06,8.334011254022501e-05,8.738664139887338e-07,1.390652562285375e-06,3.349654951714764e-06,9.886252464593295e-07,1.0348539315737326e-06,1000152.0,222-223@5s8-c9k-8d9,2024-02-09 23:36:56,0.2249999999999999
0.999896958545407,1.404491224781131e-06,8.334011254022501e-05,8.738664139887338e-07,1.390652562285375e-06,3.349654951714764e-06,9.886252464593295e-07,1.0348539315737326e-06,1000152.0,222-223@5z4-rgf-nbk,2024-02-09 23:36:56,0.2249999999999999
0.999896958545407,1.404491224781131e-06,8.334011254022501e-05,8.738664139887338e-07,1.390652562285375e-06,3.349654951714764e-06,9.886252464593295e-07,1.0348539315737326e-06,1000152.0,222-222@5p7-h47-45f,2024-02-09 23:36:56,0.2249999999999999
0.999896958545407,1.404491224781131e-06,8.334011254022501e-05,8.738664139887338e-07,1.390652562285375e-06,3.349654951714764e-06,9.886252464593295e-07,1.0348539315737326e-06,1000152.0,222-223@5s8-c9k-8d9,2024-02-09 23:36:56,0.2249999999999999
0.999896958545407,1.404491224781131e-06,8.334011254022501e-05,8.738664139887338e-07,1.390652562285375e-06,3.349654951714764e-06,9.886252464593295e-07,1.0348539315737326e-06,1000152.0,222-223@5s8-c9k-8d9,2024-02-09 23:36:56,0.2249999999999999
0.999896958545407,1.404491224781131e-06,8.334011254022501e-05,8.738664139887338e-07,1.390652562285375e-06,3.349654951714764e-06,9.886252464593295e-07,1.0348539315737326e-06,1000152.0,222-223@5s8-c9k-8d9,2024-02-09 23:36:56,0.2249999999999999
0.7484502616946629,8.927780496626224e-157,0.0295928089131457,5.5090603634959175e-157,3.278196138012453e-156,0.0029719120410573,7.410787825819825e-157,2.7437738073675744e-156,1000153.0,222-223@5s8-c9k-8d9,2024-03-29 01:21:06,0.0666666666666666
0.7484502616946629,8.927780496626224e-157,0.0295928089131457,5.5090603634959175e-157,3.278196138012453e-156,0.0029719120410573,7.410787825819825e-157,2.7437738073675744e-156,1000153.0,222-223@5s8-c9k-8d9,2024-03-29 01:21:06,0.0666666666666666
0.7484502616946629,8.927780496626224e-157,0.0295928089131457,5.5090603634959175e-157,3.278196138012453e-156,0.0029719120410573,7.410787825819825e-157,2.7437738073675744e-156,1000153.0,222-223@5s8-c9k-8d9,2024-03-29 01:21:06,0.0666666666666666
0.9999999986170952,0.0,0.0,0.0,0.0,0.0,0.0,0.0,1000154.0,222-223@5s8-c9k-8d9,2023-08-30 03:25:41,0.725
0.9999999986170952,0.0,0.0,0.0,0.0,0.0,0.0,0.0,1000154.0,222-223@5s8-c9k-8d9,2023-08-30 03:25:41,0.725
0.9999999986170952,0.0,0.0,0.0,0.0,0.0,0.0,0.0,1000154.0,222-223@5s8-c9k-8d9,2023-08-30 03:25:41,0.725
0.0619775277234805,0.0,0.0025075338016217,0.0,0.0,0.000140760904529,0.0,0.0,1000155.0,222-223@5s8-c9k-8d9,2024-04-12 13:41:21,0.40625
0.0619775277234805,0.0,0.0025075338016217,0.0,0.0,0.000140760904529,0.0,0.0,1000155.0,222-223@5s8-c9k-8d9,2024-04-12 13:41:21,0.40625
0.0619775277234805,0.0,0.0025075338016217,0.0,0.0,0.000140760904529,0.0,0.0,1000155.0,222-223@5s8-c9k-8d9,2024-04-12 13:41:21,0.40625
0.9534249888509136,1.0872135513648388e-18,1.3580177500153894e-14,6.737213837541392e-19,1.5756554568219658e-18,2.656257663640321e-15,7.141936532481813e-19,1.6341050959176184e-18,1000156.0,222-223@5s8-c9k-8d9,2023-10-17 20:59:06,0.1125
0.9534249888509136,1.0872135513648388e-18,1.3580177500153894e-14,6.737213837541392e-19,1.5756554568219658e-18,2.656257663640321e-15,7.141936532481813e-19,1.6341050959176184e-18,1000156.0,222-223@5s8-c9k-8d9,2023-10-17 20:59:06,0.1125
0.9534249888509136,1.0872135513648388e-18,1.3580177500153894e-14,6.737213837541392e-19,1.5756554568219658e-18,2.656257663640321e-15,7.141936532481813e-19,1.6341050959176184e-18,1000156.0,222-223@5s8-c9k-8d9,2023-10-17 20:59:06,0.1125
0.9379386897703152,1.1926744037318206e-129,4.731879729926985e-125,7.377870225515058e-130,1.836326006368892e-129,2.034745010947331e-124,8.786561616462951e-130,1.8957325791014315e-129,1000157.0,222-223@5s8-c9k-8d9,2021-09-14 03:33:27,0.4029356060606061
0.9379386897703152,1.1926744037318206e-129,4.731879729926985e-125,7.377870225515058e-130,1.836326006368892e-129,2.034745010947331e-124,8.786561616462951e-130,1.8957325791014315e-129,1000157.0,222-223@5s8-c9k-8d9,2021-09-14 03:33:27,0.4029356060606061
0.9379386897703152,1.1926744037318206e-129,4.731879729926985e-125,7.377870225515058e-130,1.836326006368892e-129,2.034745010947331e-124,8.786561616462951e-130,1.8957325791014315e-129,1000157.0,222-223@5s8-c9k-8d9,2021-09-14 03:33:27,0.4029356060606061
0.7455485789712806,3.454665970020286e-56,8.291033318541033e-51,2.1351272319456535e-56,5.7303065224010075e-56,2.1678708598137795e-49,2.695211957590486e-56,5.63392506008804e-56,1000158.0,222-223@5s8-c9k-8d9,2024-05-17 14:39:31,0.2
0.7455485789712806,3.454665970020286e-56,8.291033318541033e-51,2.1351272319456535e-56,5.7303065224010075e-56,2.1678708598137795e-49,2.695211957590486e-56,5.63392506008804e-56,1000158.0,222-223@5s8-c9k-8d9,2024-05-17 14:39:31,0.2
0.7455485789712806,3.454665970020286e-56,8.291033318541033e-51,2.1351272319456535e-56,5.7303065224010075e-56,2.1678708598137795e-49,2.695211957590486e-56,5.63392506008804e-56,1000158.0,222-223@5s8-c9k-8d9,2024-05-17 14:39:31,0.2
0.9999999984945996,0.0,0.0,0.0,0.0,0.0,0.0,0.0,1000159.0,222-223@5s8-c9k-8d9,2024-04-02 17:20:57,1.0
0.9999999984945996,0.0,0.0,0.0,0.0,0.0,0.0,0.0,1000159.0,222-223@5s8-c9k-8d9,2024-04-02 17:20:57,1.0
0.9999999984945996,0.0,0.0,0.0,0.0,0.0,0.0,0.0,1000159.0,222-223@5s8-c9k-8d9,2024-04-02 17:20:57,1.0
0.9993696533799928,7.545199206181921e-06,0.0004898601619956,4.678768201159041e-06,6.366970523097751e-06,3.0940429228074286e-05,3.902681216687408e-06,6.53293890242836e-06,1000160.0,222-223@5s8-c9k-8d9,2023-12-19 21:48:37,0.4333333333333333
0.9993696533799928,7.545199206181921e-06,0.0004898601619956,4.678768201159041e-06,6.366970523097751e-06,3.0940429228074286e-05,3.902681216687408e-06,6.53293890242836e-06,1000160.0,222-223@5s8-c9k-8d9,2023-12-19 21:48:37,0.4333333333333333
0.9993696533799928,7.545199206181921e-06,0.0004898601619956,4.678768201159041e-06,6.366970523097751e-06,3.0940429228074286e-05,3.902681216687408e-06,6.53293890242836e-06,1000160.0,222-223@5s8-c9k-8d9,2023-12-19 21:48:37,0.4333333333333333
0.9486172739071352,0.0,0.0355454800719237,0.0,0.0,0.0033880118516283,0.0,0.0,1000161.0,222-223@5s8-c9k-8d9,2023-05-07 21:30:34,0.2875
0.9486172739071352,0.0,0.0355454800719237,0.0,0.0,0.0033880118516283,0.0,0.0,1000161.0,222-223@5s8-c9k-8d9,2023-05-07 21:30:34,0.2875
0.9486172739071352,0.0,0.0355454800719237,0.0,0.0,0.0033880118516283,0.0,0.0,1000161.0,222-223@5s8-c9k-8d9,2023-05-07 21:30:34,0.2875
0.9517322698684354,5.8920489002242825e-18,7.436874934071018e-14,3.652558102656701e-18,8.58078035271932e-18,1.4423917165578122e-14,3.946578308561706e-18,9.048826175203245e-18,1000162.0,222-223@5s8-c9k-8d9,2022-06-06 17:27:32,0.4072727272727272
0.9517322698684354,5.8920489002242825e-18,7.436874934071018e-14,3.652558102656701e-18,8.58078035271932e-18,1.4423917165578122e-14,3.946578308561706e-18,9.048826175203245e-18,1000162.0,222-223@5s8-c9k-8d9,2022-06-06 17:27:32,0.4072727272727272
0.9517322698684354,5.8920489002242825e-18,7.436874934071018e-14,3.652558102656701e-18,8.58078035271932e-18,1.4423917165578122e-14,3.946578308561706e-18,9.048826175203245e-18,1000162.0,222-223@5s8-c9k-8d9,2022-06-06 17:27:32,0.4072727272727272
0.9116372852411702,8.388473872493462e-10,1.0319163830170512e-05,5.196286927059322e-10,1.2171361540650712e-09,2.024285383501719e-06,5.496583251498592e-10,1.2469714960288475e-09,1000163.0,222-223@5s8-c9k-8d9,2024-03-03 20:46:59,0.1469387755102041
0.9504130776561373,0.000598958491867,0.0383762576145439,0.0003709898128844,0.0005042888794274,0.0024409238228344,0.0003090892621948,0.0005073076839902,1000164.0,222-223@5s8-c9k-8d9,2023-08-26 17:33:44,-0.0090686274509804
0.9199532659733948,5.799801865683182e-163,0.0291775210564655,3.589946731578251e-163,3.8211992253922335e-162,0.0025169940828067,5.978923127238309e-163,3.2794851775272995e-162,1000165.0,222-223@5s8-c9k-8d9,2023-07-14 15:21:47,0.3157142857142857
0.9999999989340588,1.0933777175770029e-29,7.04979678836548e-28,6.776798206845402e-30,9.219067324649981e-30,4.460340278018927e-29,5.627726149645152e-30,9.294770206825133e-30,1000166.0,222-223@5s8-c9k-8d9,2023-07-02 14:10:05,0.375
0.9116385630092092,7.617338752761715e-10,9.427548520148524e-06,4.718650084504941e-10,1.104622503471546e-09,1.845116008284033e-06,5.0228520112903e-10,1.139652878214577e-09,1000167.0,222-223@5s8-c9k-8d9,2022-05-28 20:43:14,0.2722486772486772
0.9323378630786944,4.5908175903841195e-264,0.0421448273235272,2.842700844313499e-264,1.554058309778305e-263,0.0040290600385294,3.956682036461828e-264,1.4594367961427498e-263,1000168.0,222-223@5s8-c9k-8d9,2022-12-20 13:20:55,0.0375
0.922277604894574,1.2248328399350676e-141,0.0425428903362973,7.594111554911618e-142,7.237455248127657e-139,0.0019160119753703,2.4033303917815351e-141,1.4942209261801791e-139,1000169.0,222-223@5s8-c9k-8d9,2024-03-07 20:57:14,0.1108333333333333
0.3879217722759357,4.748101949993159e-80,0.0194123633981966,2.9385679283514164e-80,4.5224219708024036e-76,0.0007683168528151,1.1403355039099916e-79,2.4222868887437422e-77,1000170.0,222-223@5s8-c9k-8d9,2022-01-23 18:24:53,0.1665584415584415
0.0803145708017437,1.6090882258733028e-307,0.0033370057323724,9.959889770203614e-308,1.3414474770791223e-305,0.0001681168154666,2.5229746179974963e-307,5.436592843013673e-306,1000171.0,222-223@5s8-c9k-8d9,2024-02-27 18:37:50,0.2839285714285714
0.892527617943958,8.668073035969819e-122,0.0289670257895106,5.366381670465489e-122,1.1931792849119432e-120,0.0020313524943982,1.030039120256038e-121,8.416541668170049e-121,1000172.0,222-223@5s8-c9k-8d9,2024-03-02 14:47:15,0.0034090909090909
0.0027258568025155,2.569853418028419e-05,0.8017396270551029,1.6786452670030127e-05,1.8905871574846345e-05,1.406337740602576e-05,8.53331060834477e-06,7.890587838414138e-06,1000173.0,222-223@5s8-c9k-8d9,2019-03-17 01:18:16,0.0
0.7919175661795139,2.5326359263351604e-60,2.4107378545574048e-55,1.5706657312780572e-60,3.846053512268672e-60,9.08521656725786e-20,1.5846078710781268e-60,3.733050347992683e-60,1000174.0,zzy-222@666-fb2-rff,2023-07-01 15:33:14,0.4198717948717948
0.9567131675589634,0.0,0.0324072138603108,0.0,0.0,0.0043904460415959,0.0,0.0,1000175.0,zzy-222@666-fb2-rff,2021-09-29 01:37:07,0.3302083333333333
0.7737965409743849,0.0,0.0,0.0,0.0,0.0111534001401901,0.0,0.0,1000176.0,zzy-222@666-fb2-rff,2020-10-07 15:56:02,0.6499999999999999
0.7683366637934107,9.311578769556397e-99,0.0400992498029592,5.7646767385285925e-99,1.1185401764985332e-95,0.0021520205460699,1.7961980133853993e-98,1.5673208783419338e-96,1000177.0,zzy-222@666-fb2-rff,2024-05-09 14:16:37,0.2433333333333333
0.0993017542859807,5.1988652051270795e-30,0.006847475570325,3.2526370202935404e-30,0.0001791266499826,0.0002075573027467,2.7120823814256517e-28,0.0003441191158487,1000178.0,zzy-222@666-fb2-rff,2022-06-11 19:59:43,0.5
0.6089284721848987,0.0,0.0272278076277247,0.0,0.0,0.0040141307888418,0.0,0.0,1000179.0,zzy-222@666-fb2-rff,2017-10-20 21:32:26,0.3
0.9338516804100656,6.655356123088353e-47,8.678678377865847e-43,4.131862945459656e-47,9.277263877948814e-47,7.10491377994563e-33,4.0754279692033198e-47,9.089772726231856e-47,1000180.0,zzy-222@666-fb2-rff,2022-09-07 14:03:53,0.4878787878787879
0.1995259767348353,1.332359890262556e-253,0.0098135486950075,8.276702783833479e-254,2.8107924512586455e-243,0.0004763880835452,5.09183085581431e-253,1.6945933886585303e-248,1000181.0,zzy-222@666-fb2-rff,2023-07-27 04:46:32,0.4442857142857143
0.8602655587702918,3.78234960837841e-06,0.0001734848376168,2.3471375351686488e-06,2.883322288239854e-06,4.4426639378863146e-05,1.6467494279871249e-06,2.567053548392009e-06,1000182.0,zzy-222@666-fb2-rff,2022-06-14 21:12:32,0.61875
0.1733516322331991,3.5545441749109065e-220,0.0062161110393684,2.200634662579028e-220,3.7900709302149324e-219,0.0007253899280468,3.660980327201351e-220,2.4397046239052166e-219,1000183.0,zzy-222@666-fb2-rff,2024-05-21 15:11:06,0.2516666666666666
0.8578161552459067,1.7782746748910778e-266,0.0442213946376836,1.102234977864085e-266,1.17566736344104e-261,0.0023140731143782,4.659380745858241e-266,2.25981782883628e-263,1000184.0,zzy-222@666-fb2-rff,2024-03-10 14:51:03,0.38203125
0.9467650563663512,5.03878067373483e-165,6.585117536931687e-161,3.124271051518633e-165,6.96253021199882e-165,6.177933746992368e-151,2.99524209678329e-165,6.609209995397428e-165,1000185.0,zzy-222@666-fb2-rff,2023-07-28 22:52:15,0.1166666666666666
0.6755246013200682,3.869827997252701e-13,2.2779502703715368e-10,2.3999036988521015e-13,4.2677543870160724e-13,9.091224514196008e-09,2.0528368662747131e-13,4.139608691637622e-13,1000186.0,zzy-222@666-fb2-rff,2023-06-07 01:42:05,0.3571428571428572
0.979917744718055,0.000405165814057,0.0145976579184398,0.0002510848723422,0.0002919000706864,0.0021951274232182,0.0001756289430235,0.0002757265131068,1000187.0,zzy-222@666-fb2-rff,2023-09-07 14:23:49,0.3999999999999999
0.0153072928917453,2.8672518156996e-36,0.0008249071611167,1.774087739811692e-36,2.5567523285028465e-05,3.695483976950185e-05,1.7093753360373966e-35,9.684035705622084e-25,1000188.0,zzy-222@666-fb2-rff,2022-11-05 06:18:19,0.2453823953823953
0.7388003629611023,0.0003100711609212,0.0142341715080826,0.000192516291713,0.0002360782532223,0.0037708806478005,0.0001347627130181,0.0002098137252877,1000189.0,zzy-222@666-fb2-rff,2023-08-26 13:58:02,0.5568877551020408
0.8263372609428833,0.0,0.039757906352741,0.0,0.0,0.0055340251302701,0.0,0.0,1000190.0,zzy-222@666-fb2-rff,2020-09-21 18:36:22,0.4175925925925925
0.8263372609428833,0.0,0.039757906352741,0.0,0.0,0.0055340251302701,0.0,0.0,1000190.0,zzy-222@666-fb2-rff,2020-09-21 18:36:22,0.4175925925925925
0.8601795110690612,1.6555036820231651e-49,6.410625042358123e-47,1.026465019638883e-49,1.75099619448335e-49,7.381023403594855e-46,8.759221327976373e-50,1.752283377875218e-49,1000191.0,zzy-222@666-fb2-rff,2017-07-18 22:29:11,0.2616666666666666
0.8601795110690612,1.6555036820231651e-49,6.410625042358123e-47,1.026465019638883e-49,1.75099619448335e-49,7.381023403594855e-46,8.759221327976373e-50,1.752283377875218e-49,1000191.0,zzy-222@666-fb2-rff,2017-07-18 22:29:11,0.2616666666666666
0.942703343213195,1.0653742478882498e-91,1.394815093383506e-87,6.613141700743047e-92,1.4804831611473557e-91,1.1786997970767247e-77,6.426567613248487e-92,1.4669470429287203e-91,1000192.0,zzy-222@666-fb2-rff,2020-09-25 20:25:31,0.3561904761904762
0.942703343213195,1.0653742478882498e-91,1.394815093383506e-87,6.613141700743047e-92,1.4804831611473557e-91,1.1786997970767247e-77,6.426567613248487e-92,1.4669470429287203e-91,1000192.0,zzy-222@666-fb2-rff,2020-09-25 20:25:31,0.3561904761904762
0.9111174756020172,1.7382485088488235e-28,2.2112380255552183e-19,1.0779636393166983e-28,3.344906174077269e-28,0.0277333733821018,1.1833399809863102e-28,3.13805353264798e-28,1000193.0,zzy-222@666-fb2-rff,2018-08-25 16:28:38,0.1458333333333333
0.9111174756020172,1.7382485088488235e-28,2.2112380255552183e-19,1.0779636393166983e-28,3.344906174077269e-28,0.0277333733821018,1.1833399809863102e-28,3.13805353264798e-28,1000193.0,zzy-222@666-fb2-rff,2018-08-25 16:28:38,0.1458333333333333
0.9143137919093498,3.308912219754788e-70,0.0448022578613497,2.0605635656869806e-70,1.9203236408442052e-67,0.002406968004288,6.430526012324098e-70,3.998457612926353e-68,1000194.0,zzy-222@666-fb2-rff,2023-08-07 21:57:38,0.2
0.9143137919093498,3.308912219754788e-70,0.0448022578613497,2.0605635656869806e-70,1.9203236408442052e-67,0.002406968004288,6.430526012324098e-70,3.998457612926353e-68,1000194.0,zzy-222@666-fb2-rff,2023-08-07 21:57:38,0.2
0.9175904523982472,9.028182294122752e-31,1.1389511272305134e-21,5.604641848032898e-31,1.7368605192068797e-30,0.0236059228953339,6.154459576765315e-31,1.7601279248560132e-30,1000195.0,zzy-222@666-fb2-rff,2019-08-20 19:42:37,0.55
0.9175904523982472,9.028182294122752e-31,1.1389511272305134e-21,5.604641848032898e-31,1.7368605192068797e-30,0.0236059228953339,6.154459576765315e-31,1.7601279248560132e-30,1000195.0,zzy-222@666-fb2-rff,2019-08-20 19:42:37,0.55
0.7034700675083105,3.963599026650429e-150,0.0402782571804064,2.4614064545496435e-150,7.417516937027755e-135,0.0017668917875576,2.051520573842683e-149,5.371137444034455e-144,1000196.0,zzy-222@666-fb2-rff,2021-08-21 00:23:00,0.2270833333333333
0.703371397645111,2.376223658860838e-28,1.4017406885486506e-25,1.475027687661166e-28,2.6292314231735078e-28,5.99671808981776e-24,1.2548733486406592e-28,2.477910501276829e-28,1000197.0,zzy-222@666-fb2-rff,2023-07-31 02:34:59,0.2291666666666666
0.703371397645111,2.376223658860838e-28,1.4017406885486506e-25,1.475027687661166e-28,2.6292314231735078e-28,5.99671808981776e-24,1.2548733486406592e-28,2.477910501276829e-28,1000197.0,zzy-222@666-fb2-rff,2023-07-31 02:34:59,0.2291666666666666
0.7039205234407419,4.4143694715381007e-29,2.5221904403243967e-26,2.736830152825046e-29,4.8373467425313717e-29,1.0105164807412131e-24,2.30859938836742e-29,4.546002148006287e-29,1000198.0,zzy-222@666-fb2-rff,2022-08-04 14:14:21,0.1548148148148148
0.7039205234407419,4.4143694715381007e-29,2.5221904403243967e-26,2.736830152825046e-29,4.8373467425313717e-29,1.0105164807412131e-24,2.30859938836742e-29,4.546002148006287e-29,1000198.0,zzy-222@666-fb2-rff,2022-08-04 14:14:21,0.1548148148148148
0.7121903065228886,7.304669627593145e-46,4.334155215024756e-43,4.529822645007696e-46,8.124996089593819e-46,1.6045886611542428e-41,3.961894280760477e-46,7.995857923909156e-46,1000199.0,zzy-222@666-fb2-rff,2023-09-19 11:51:05,0.4
0.4828556100683577,2.8865482907800948e-55,0.0276358633716154,1.7902649393501333e-55,0.0008602962950073,0.0013598438862528,3.408222267550439e-54,0.0012959370559023,1000200.0,zzy-222@666-fb2-rff,2018-08-21 18:34:30,0.2723214285714286
0.1006132181893416,6.576641931268832e-40,0.0064800489665232,4.0852287783554306e-40,0.0001757469318971,0.0002063134780258,2.944504934046702e-38,0.0002727441550179,1000201.0,zzy-222@666-fb2-rff,2022-06-04 19:08:11,0.2666666666666666
0.8865020030208014,9.757412565860042e-08,9.937796345110553e-06,6.050194810821491e-08,8.74526903761211e-08,6.622020572564058e-06,4.851914041946216e-08,8.464458277887871e-08,1000202.0,zzy-222@666-fb2-rff,2022-07-04 19:36:57,0.2601689976689976
0.8865020030208014,9.757412565860042e-08,9.937796345110553e-06,6.050194810821491e-08,8.74526903761211e-08,6.622020572564058e-06,4.851914041946216e-08,8.464458277887871e-08,1000202.0,zzy-222@666-fb2-rff,2022-07-04 19:36:57,0.2601689976689976
0.776036312229681,2.9872237124523254e-109,2.206017267010948e-105,1.8514660900630253e-109,3.9993834714133123e-109,4.3621793403140036e-98,1.7965902343661274e-109,3.9565800264362663e-109,1000203.0,zzy-222@666-fb2-rff,2023-07-14 13:12:44,0.2609625668449198
0.9268360216038178,1.6465268172389092e-47,2.0523926790705247e-38,1.0203901290796579e-47,3.144836185936541e-47,0.0245722406861983,1.1287406620922366e-47,3.0203341853007767e-47,1000204.0,zzy-222@666-fb2-rff,2023-06-23 04:05:49,0.3960526315789474
0.9999999981742348,0.0,0.0,0.0,0.0,0.0,0.0,0.0,1000205.0,zzy-222@666-fb2-rff,2023-07-10 22:10:11,0.0291666666666666
0.9651525712557016,0.0,0.0,0.0,0.0,0.0120862761927604,0.0,0.0,1000206.0,zzy-222@666-fb2-rff,2023-08-03 23:57:22,0.2932142857142857
0.1737528135583397,1.7737829971840897e-238,0.0060228177857624,1.1018340873003685e-238,1.9346242073987885e-237,0.0005701385740128,1.981713783428443e-238,1.4858827600983758e-237,1000207.0,zzy-222@666-fb2-rff,2021-07-14 19:15:07,0.3401041666666667
0.7017168569050111,7.310924353689142e-76,1.2590815518756815e-68,4.531709830061792e-76,1.2972889104156283e-75,0.0182762404704563,4.914381961180021e-76,1.2941968780131064e-75,1000208.0,zzy-222@666-fb2-rff,2020-08-08 12:51:19,0.2212962962962962
0.9277044900975884,1.127525492731013e-194,0.0445877215738234,7.000387970357569e-195,3.63238230064686e-194,0.0063901972943238,9.105826337011292e-195,3.3438241081257045e-194,1000209.0,zzy-222@666-fb2-rff,2022-08-08 12:26:01,0.42
0.9183533743526248,1.815159607156831e-209,0.031378467074495,1.1257658968469728e-209,1.1456226707213409e-208,0.0036933854132266,1.7796921377298212e-209,9.541082332456165e-209,1000210.0,zzy-222@666-fb2-rff,2022-07-09 15:58:23,0.5678571428571428
0.9485949610883938,8.015668603609257e-69,3.2274042777053574e-64,4.96815132999208e-69,1.156284000405173e-68,2.6979177405175504e-45,4.810148512554698e-69,1.077907875598578e-68,1000211.0,zzy-222@666-fb2-rff,2023-08-02 14:58:27,0.098187866055513
0.780633507097449,0.0,0.0,0.0,0.0,0.0,0.0,0.0,1000212.0,zzy-222@666-fb2-rff,2022-06-11 11:47:04,0.4266666666666666
0.9999999981380442,0.0,0.0,0.0,0.0,0.0,0.0,0.0,1000213.0,zzy-223@63q-nws-psq,2020-01-14 22:08:47,0.3833333333333333
0.9999999981380442,0.0,0.0,0.0,0.0,0.0,0.0,0.0,1000213.0,zzy-223@63q-nws-psq,2020-01-14 22:08:47,0.3833333333333333
0.8177581263260851,2.2851594534475848e-18,0.0721919741007295,1.4401500193131317e-18,1.0009009624307477e-17,7.298614884659847e-07,2.6911014216502986e-18,1.1755019523881439e-17,1000214.0,zzy-223@63q-nws-psq,2021-07-25 13:13:21,0.55
0.8177581263260851,2.2851594534475848e-18,0.0721919741007295,1.4401500193131317e-18,1.0009009624307477e-17,7.298614884659847e-07,2.6911014216502986e-18,1.1755019523881439e-17,1000214.0,zzy-223@63q-nws-psq,2021-07-25 13:13:21,0.55
0.5026140174731988,0.0,0.0154049517139821,0.0,0.0,0.0016674950387261,0.0,0.0,1000215.0,zzy-223@63q-nws-psq,2018-06-16 00:19:50,0.8
0.5026140174731988,0.0,0.0154049517139821,0.0,0.0,0.0016674950387261,0.0,0.0,1000215.0,zzy-223@63q-nws-psq,2018-06-16 00:19:50,0.8
0.798500126649017,4.49288762271104e-05,0.0117528746793148,2.82122487989315e-05,5.7353068757422334e-05,0.0004918620785675,3.65979652051976e-05,7.393817914819161e-05,1000216.0,zzy-223@63q-nws-psq,2021-08-14 20:23:47,0.2675
0.798500126649017,4.49288762271104e-05,0.0117528746793148,2.82122487989315e-05,5.7353068757422334e-05,0.0004918620785675,3.65979652051976e-05,7.393817914819161e-05,1000216.0,zzy-223@63q-nws-psq,2021-08-14 20:23:47,0.2675
0.7032371478993117,0.0,0.0453172826547815,0.0,0.0,0.0014155135155827,0.0,0.0,1000217.0,zzy-223@63q-nws-psq,2017-07-06 21:54:45,0.4291666666666667
0.7032371478993117,0.0,0.0453172826547815,0.0,0.0,0.0014155135155827,0.0,0.0,1000217.0,zzy-223@63q-nws-psq,2017-07-06 21:54:45,0.4291666666666667
0.999999990920384,1.9495634341390976e-10,6.588627240439293e-09,1.2281489005862566e-10,1.4812638841736235e-10,2.379957790617756e-10,9.569853561845167e-11,1.7220162206437004e-10,1000218.0,zzy-223@63q-nws-psq,2020-09-20 11:40:37,0.55
0.999999990920384,1.9495634341390976e-10,6.588627240439293e-09,1.2281489005862566e-10,1.4812638841736235e-10,2.379957790617756e-10,9.569853561845167e-11,1.7220162206437004e-10,1000218.0,zzy-223@63q-nws-psq,2020-09-20 11:40:37,0.55
0.0,0.0,0.9999999995216616,0.0,0.0,0.0,0.0,0.0,1000219.0,zzy-223@63q-nws-psq,2021-05-16 14:58:31,1.0
0.0,0.0,0.9999999995216616,0.0,0.0,0.0,0.0,0.0,1000219.0,222-222@629-bkf-qvf,2020-01-25 23:18:50,1.0
0.0,0.0,0.9999999995216616,0.0,0.0,0.0,0.0,0.0,1000219.0,224-222@8dj-f84-qxq,2018-02-25 12:36:44,1.0
0.0,0.0,0.9999999995216616,0.0,0.0,0.0,0.0,0.0,1000219.0,zzw-225@8dh-h4t-jd9,2021-08-17 00:41:02,1.0
0.0,0.0,0.9999999995216616,0.0,0.0,0.0,0.0,0.0,1000219.0,222-222@5z5-2vx-yvz,2024-03-12 00:50:16,1.0
0.0,0.0,0.9999999995216616,0.0,0.0,0.0,0.0,0.0,1000219.0,zzy-227@8fy-8kk-wc5,2024-04-29 15:44:03,1.0
0.0,0.0,0.9999999995216616,0.0,0.0,0.0,0.0,0.0,1000219.0,zzy-223@5qn-vzb-h3q,2020-06-17 21:25:01,1.0
0.0,0.0,0.9999999995216616,0.0,0.0,0.0,0.0,0.0,1000219.0,222-222@63s-449-5mk,2017-08-11 01:10:55,1.0
0.0,0.0,0.9999999995216616,0.0,0.0,0.0,0.0,0.0,1000219.0,225-223@8gq-cdq-575,2021-08-09 20:44:07,1.0
0.0,0.0,0.9999999995216616,0.0,0.0,0.0,0.0,0.0,1000219.0,222-224@5xc-k37-kcq,2022-01-06 00:55:37,1.0
0.0,0.0,0.9999999995216616,0.0,0.0,0.0,0.0,0.0,1000219.0,zzw-222@8dj-f7j-6tv,2023-07-19 13:40:42,1.0
0.0,0.0,0.9999999995216616,0.0,0.0,0.0,0.0,0.0,1000219.0,zzw-222@5qz-w3j-jgk,2019-06-09 19:35:11,1.0
0.0,0.0,0.9999999995216616,0.0,0.0,0.0,0.0,0.0,1000219.0,222-223@8fw-5my-qvf,2023-09-24 13:40:28,1.0
0.0,0.0,0.9999999995216616,0.0,0.0,0.0,0.0,0.0,1000219.0,222-222@627-vhq-f75,2019-02-06 06:25:48,1.0
0.0,0.0,0.9999999995216616,0.0,0.0,0.0,0.0,0.0,1000219.0,22b-223@8fc-g2d-89z,2018-09-15 23:24:29,1.0
0.0,0.0,0.9999999995216616,0.0,0.0,0.0,0.0,0.0,1000219.0,228-227@5z5-t67-35z,2023-05-20 04:43:58,1.0
0.0,0.0,0.9999999995216616,0.0,0.0,0.0,0.0,0.0,1000219.0,zzw-222@63r-b58-vmk,2018-08-22 17:43:56,1.0
0.0,0.0,0.9999999995216616,0.0,0.0,0.0,0.0,0.0,1000219.0,227-225@62k-svb-t35,2019-02-05 02:53:50,1.0
0.0,0.0,0.9999999995216616,0.0,0.0,0.0,0.0,0.0,1000219.0,226-222@5z7-5jq-2p9,2018-07-30 05:25:40,1.0
0.0,0.0,0.9999999995216616,0.0,0.0,0.0,0.0,0.0,1000219.0,22f-222@5z4-rj2-gtv,2022-11-21 16:42:33,1.0
0.0,0.0,0.9999999995216616,0.0,0.0,0.0,0.0,0.0,1000219.0,zzy-222@627-smq-wtv,2018-07-05 12:33:17,1.0
0.0,0.0,0.9999999995216616,0.0,0.0,0.0,0.0,0.0,1000219.0,zzw-222@5v6-9sx-ffz,2023-09-23 15:09:45,1.0
0.0,0.0,0.9999999995216616,0.0,0.0,0.0,0.0,0.0,1000219.0,zzy-222@5z4-sx9-99f,2022-05-13 04:32:37,1.0
0.0,0.0,0.9999999995216616,0.0,0.0,0.0,0.0,0.0,1000219.0,222-222@8fz-rst-zj9,2022-02-16 21:13:34,1.0
0.0,0.0,0.9999999995216616,0.0,0.0,0.0,0.0,0.0,1000219.0,zzw-225@8dh-h4t-jd9,2021-08-17 00:41:02,1.0
0.0,0.0,0.9999999995216616,0.0,0.0,0.0,0.0,0.0,1000219.0,222-225@65z-nmz-f75,2021-10-26 14:40:22,1.0
0.0,0.0,0.9999999995216616,0.0,0.0,0.0,0.0,0.0,1000219.0,zzw-222@65z-zd8-mx5,2024-05-20 20:03:30,1.0
0.0,0.0,0.9999999995216616,0.0,0.0,0.0,0.0,0.0,1000219.0,zzy-222@5qc-6sx-c89,2023-07-11 10:53:28,1.0
0.0,0.0,0.9999999995216616,0.0,0.0,0.0,0.0,0.0,1000219.0,zzw-222@8sr-yfm-q75,2017-08-23 21:26:34,1.0
0.0,0.0,0.9999999995216616,0.0,0.0,0.0,0.0,0.0,1000219.0,228-227@5z5-t67-35z,2023-05-20 04:43:58,1.0
0.0,0.0,0.9999999995216616,0.0,0.0,0.0,0.0,0.0,1000219.0,222-222@63q-5nj-j5f,2018-03-11 16:43:03,1.0
0.0,0.0,0.9999999995216616,0.0,0.0,0.0,0.0,0.0,1000219.0,223-222@65z-qyj-vpv,2017-12-28 00:57:04,1.0
0.0,0.0,0.9999999995216616,0.0,0.0,0.0,0.0,0.0,1000219.0,zzy-223@5z4-zwm-qxq,2024-04-05 06:11:15,1.0
0.0,0.0,0.9999999995216616,0.0,0.0,0.0,0.0,0.0,1000219.0,zzy-223@627-ydq-4gk,2021-04-26 23:12:35,1.0
0.0,0.0,0.9999999995216616,0.0,0.0,0.0,0.0,0.0,1000219.0,zzy-222@5v6-9sp-vpv,2023-09-23 15:09:45,1.0
0.0,0.0,0.9999999995216616,0.0,0.0,0.0,0.0,0.0,1000219.0,222-222@63s-449-5mk,2017-08-11 01:10:55,1.0
0.0,0.0,0.9999999995216616,0.0,0.0,0.0,0.0,0.0,1000219.0,zzy-222@8gf-fnn-8vz,2022-08-31 18:43:28,1.0
0.0,0.0,0.9999999995216616,0.0,0.0,0.0,0.0,0.0,1000219.0,zzw-224@8sy-x9d-k75,2019-08-07 21:29:44,1.0
0.0,0.0,0.9999999995216616,0.0,0.0,0.0,0.0,0.0,1000219.0,zzw-222@5sb-7dw-26k,2019-05-01 19:37:01,1.0
0.0,0.0,0.9999999995216616,0.0,0.0,0.0,0.0,0.0,1000219.0,zzy-224@5z4-rwr-j5f,2023-12-08 18:51:12,1.0
0.0,0.0,0.9999999995216616,0.0,0.0,0.0,0.0,0.0,1000219.0,zzw-222@8gk-2dm-9s5,2022-06-20 23:12:00,1.0
0.0,0.0,0.9999999995216616,0.0,0.0,0.0,0.0,0.0,1000219.0,222-23t@5z4-vt9-y7q,2019-09-18 07:39:28,1.0
0.0,0.0,0.9999999995216616,0.0,0.0,0.0,0.0,0.0,1000219.0,zzw-222@8sy-x8s-kvf,2019-08-07 21:29:44,1.0
0.0,0.0,0.9999999995216616,0.0,0.0,0.0,0.0,0.0,1000219.0,222-222@628-x3m-py9,2019-09-06 15:00:26,1.0
0.0,0.0,0.9999999995216616,0.0,0.0,0.0,0.0,0.0,1000219.0,223-222@5pk-nsm-9cq,2023-03-23 13:15:23,1.0
0.0,0.0,0.9999999995216616,0.0,0.0,0.0,0.0,0.0,1000219.0,22k-225@5x6-ps6-fcq,2023-06-11 18:35:06,1.0
0.0,0.0,0.9999999995216616,0.0,0.0,0.0,0.0,0.0,1000219.0,zzy-223@5z4-zrc-zzz,2019-07-07 14:17:57,1.0
0.0,0.0,0.9999999995216616,0.0,0.0,0.0,0.0,0.0,1000219.0,zzy-223@63s-nsy-sh5,2024-05-19 17:20:06,1.0
0.0,0.0,0.9999999995216616,0.0,0.0,0.0,0.0,0.0,1000219.0,22b-223@627-s9h-vvf,2021-07-27 11:11:38,1.0
0.0,0.0,0.9999999995216616,0.0,0.0,0.0,0.0,0.0,1000219.0,zzy-222@64v-ymx-575,2022-02-22 02:26:44,1.0
0.0,0.0,0.9999999995216616,0.0,0.0,0.0,0.0,0.0,1000219.0,zzy-222@8fc-897-zvf,2019-11-21 02:53:53,1.0
0.0,0.0,0.9999999995216616,0.0,0.0,0.0,0.0,0.0,1000219.0,zzw-222@5v6-9fv-ghq,2023-09-23 15:09:45,1.0
0.0,0.0,0.9999999995216616,0.0,0.0,0.0,0.0,0.0,1000219.0,zzy-222@5qc-w6q-sh5,2019-09-02 04:14:23,1.0
0.0,0.0,0.9999999995216616,0.0,0.0,0.0,0.0,0.0,1000219.0,222-228@8fw-23k-mzf,2021-05-05 14:15:22,1.0
0.0,0.0,0.9999999995216616,0.0,0.0,0.0,0.0,0.0,1000219.0,zzy-222@5z4-yw5-nt9,2017-10-06 17:03:39,1.0
0.0,0.0,0.9999999995216616,0.0,0.0,0.0,0.0,0.0,1000219.0,zzw-222@5z4-rwr-skf,2024-01-29 15:37:03,1.0
0.0,0.0,0.9999999995216616,0.0,0.0,0.0,0.0,0.0,1000219.0,224-222@5pw-2hx-49z,2023-12-09 06:21:30,1.0
0.0,0.0,0.9999999995216616,0.0,0.0,0.0,0.0,0.0,1000219.0,zzw-222@627-yjd-s5z,2022-04-11 16:44:40,1.0
0.0,0.0,0.9999999995216616,0.0,0.0,0.0,0.0,0.0,1000219.0,222-223@629-38v-zpv,2020-01-06 17:06:56,1.0
0.0,0.0,0.9999999995216616,0.0,0.0,0.0,0.0,0.0,1000219.0,222-222@65z-q92-gff,2024-04-07 22:00:56,1.0
0.0,0.0,0.9999999995216616,0.0,0.0,0.0,0.0,0.0,1000219.0,22g-223@8gb-ryz-kj9,2022-04-26 11:29:36,1.0
0.0,0.0,0.9999999995216616,0.0,0.0,0.0,0.0,0.0,1000219.0,222-23t@5z4-vt9-y7q,2019-09-18 07:39:28,1.0
0.0,0.0,0.9999999995216616,0.0,0.0,0.0,0.0,0.0,1000219.0,zzy-225@62j-shx-yqf,2019-05-08 12:52:57,1.0
0.0,0.0,0.9999999995216616,0.0,0.0,0.0,0.0,0.0,1000219.0,222-222@628-x3m-py9,2019-09-06 15:00:26,1.0
0.0,0.0,0.9999999995216616,0.0,0.0,0.0,0.0,0.0,1000219.0,222-222@628-rnc-nkf,2024-05-25 12:32:40,1.0
0.0,0.0,0.9999999995216616,0.0,0.0,0.0,0.0,0.0,1000219.0,zzy-222@63r-6mp-cdv,2018-06-19 18:14:04,1.0
0.0,0.0,0.9999999995216616,0.0,0.0,0.0,0.0,0.0,1000219.0,zzy-223@63q-nws-psq,2021-05-16 14:58:31,1.0
0.0,0.0,0.9999999995216616,0.0,0.0,0.0,0.0,0.0,1000219.0,226-226@628-xdy-j5f,2018-05-10 23:14:27,1.0
0.0,0.0,0.9999999995216616,0.0,0.0,0.0,0.0,0.0,1000219.0,zzw-225@8dh-h4t-jd9,2021-08-17 00:41:02,1.0
0.0,0.0,0.9999999995216616,0.0,0.0,0.0,0.0,0.0,1000219.0,22m-222@5vh-b35-b6k,2021-06-18 19:46:19,1.0
0.0,0.0,0.9999999995216616,0.0,0.0,0.0,0.0,0.0,1000219.0,222-227@5nz-w64-dvz,2022-05-11 04:38:50,1.0
0.0,0.0,0.9999999995216616,0.0,0.0,0.0,0.0,0.0,1000219.0,zzw-22b@62j-sjc-tqf,2022-07-17 12:17:10,1.0
0.0,0.0,0.9999999995216616,0.0,0.0,0.0,0.0,0.0,1000219.0,zzw-22b@62j-sjc-tqf,2023-09-19 17:57:08,1.0
0.0,0.0,0.9999999995216616,0.0,0.0,0.0,0.0,0.0,1000219.0,22j-222@627-tcg-3qz,2023-08-17 03:31:14,1.0
0.0,0.0,0.9999999995216616,0.0,0.0,0.0,0.0,0.0,1000219.0,224-222@5pm-tj9-qxq,2023-06-27 23:44:36,1.0
0.0,0.0,0.9999999995216616,0.0,0.0,0.0,0.0,0.0,1000219.0,zzw-224@5z5-qtj-f9f,2022-08-12 01:49:31,1.0
0.0,0.0,0.9999999995216616,0.0,0.0,0.0,0.0,0.0,1000219.0,zzy-222@5qc-w6q-sh5,2019-09-02 04:14:23,1.0
0.0,0.0,0.9999999995216616,0.0,0.0,0.0,0.0,0.0,1000219.0,222-222@63r-53n-c89,2022-01-28 11:02:37,1.0
0.0,0.0,0.9999999995216616,0.0,0.0,0.0,0.0,0.0,1000219.0,22g-223@8gb-ryz-kj9,2022-04-26 11:29:36,1.0
0.0,0.0,0.9999999995216616,0.0,0.0,0.0,0.0,0.0,1000219.0,22m-222@5vh-b35-b6k,2021-06-18 19:46:19,1.0
0.0,0.0,0.9999999995216616,0.0,0.0,0.0,0.0,0.0,1000219.0,223-222@8t2-fqv-bff,2024-01-06 18:41:27,1.0
0.0,0.0,0.9999999995216616,0.0,0.0,0.0,0.0,0.0,1000219.0,zzy-223@627-ydq-4gk,2021-04-26 23:12:35,1.0
0.0,0.0,0.9999999995216616,0.0,0.0,0.0,0.0,0.0,1000219.0,222-222@5r6-tz4-mx5,2022-04-13 22:39:34,1.0
0.0,0.0,0.9999999995216616,0.0,0.0,0.0,0.0,0.0,1000219.0,zzw-222@63r-b58-vmk,2018-08-22 17:43:56,1.0
0.0,0.0,0.9999999995216616,0.0,0.0,0.0,0.0,0.0,1000219.0,zzy-222@5qc-w6q-sh5,2019-09-02 04:14:23,1.0
0.0,0.0,0.9999999995216616,0.0,0.0,0.0,0.0,0.0,1000219.0,222-222@8ts-797-3nq,2018-07-03 00:05:26,1.0
0.0,0.0,0.9999999995216616,0.0,0.0,0.0,0.0,0.0,1000219.0,222-227@5nz-w64-dvz,2022-05-11 04:38:50,1.0
0.0,0.0,0.9999999995216616,0.0,0.0,0.0,0.0,0.0,1000219.0,222-222@629-bkf-qvf,2020-01-25 23:18:50,1.0
0.0,0.0,0.9999999995216616,0.0,0.0,0.0,0.0,0.0,1000219.0,22d-222@8dx-m72-yd9,2017-08-04 08:17:45,1.0
0.0,0.0,0.9999999995216616,0.0,0.0,0.0,0.0,0.0,1000219.0,22d-226@5s7-2j3-66k,2024-05-13 16:11:19,1.0
0.0,0.0,0.9999999995216616,0.0,0.0,0.0,0.0,0.0,1000219.0,22g-222@8fz-s9b-w49,2021-02-01 19:31:00,1.0
0.0,0.0,0.9999999995216616,0.0,0.0,0.0,0.0,0.0,1000219.0,zzy-223@8fy-8jq-xbk,2019-08-05 03:20:03,1.0
0.0,0.0,0.9999999995216616,0.0,0.0,0.0,0.0,0.0,1000219.0,222-222@5z5-2vx-yvz,2024-03-12 00:50:16,1.0
0.0,0.0,0.9999999995216616,0.0,0.0,0.0,0.0,0.0,1000219.0,zzw-222@8sv-8s3-75z,2020-02-06 23:25:43,1.0
0.0,0.0,0.9999999995216616,0.0,0.0,0.0,0.0,0.0,1000219.0,zzw-259@5z4-rwf-tqf,2023-09-03 15:31:56,1.0
0.0,0.0,0.9999999995216616,0.0,0.0,0.0,0.0,0.0,1000219.0,zzy-222@5px-vd2-xt9,2014-06-05 02:56:56,1.0
0.0,0.0,0.9999999995216616,0.0,0.0,0.0,0.0,0.0,1000219.0,222-222@63s-449-5mk,2017-08-11 01:10:55,1.0
0.0,0.0,0.9999999995216616,0.0,0.0,0.0,0.0,0.0,1000219.0,22g-222@8fz-s9b-w49,2021-02-01 19:31:00,1.0
0.0,0.0,0.9999999995216616,0.0,0.0,0.0,0.0,0.0,1000219.0,222-222@8fw-776-wzf,2023-09-24 13:40:28,1.0
0.0,0.0,0.9999999995216616,0.0,0.0,0.0,0.0,0.0,1000219.0,zzy-222@8gp-3kb-5pv,2020-01-07 21:18:13,1.0
0.0,0.0,0.9999999995216616,0.0,0.0,0.0,0.0,0.0,1000219.0,22d-222@8dx-m72-yd9,2017-08-04 08:17:45,1.0
0.0,0.0,0.9999999995216616,0.0,0.0,0.0,0.0,0.0,1000219.0,zzw-222@5v6-9fv-ghq,2023-09-23 15:09:45,1.0
0.0,0.0,0.9999999995216616,0.0,0.0,0.0,0.0,0.0,1000219.0,222-23t@5z4-vt9-y7q,2019-09-18 07:39:28,1.0
0.0,0.0,0.9999999995216616,0.0,0.0,0.0,0.0,0.0,1000219.0,232-222@5vg-7fm-vxq,2021-06-18 19:46:19,1.0
0.0,0.0,0.9999999995216616,0.0,0.0,0.0,0.0,0.0,1000219.0,229-223@5vg-7tp-dy9,2020-06-20 00:26:48,1.0
0.0,0.0,0.9999999995216616,0.0,0.0,0.0,0.0,0.0,1000219.0,22g-223@8gb-ryz-kj9,2022-04-26 11:29:36,1.0
0.0,0.0,0.9999999995216616,0.0,0.0,0.0,0.0,0.0,1000219.0,22m-222@5vh-b35-b6k,2021-06-18 19:46:19,1.0
0.0,0.0,0.9999999995216616,0.0,0.0,0.0,0.0,0.0,1000219.0,223-222@8t2-fqv-bff,2024-01-06 18:41:27,1.0
0.0,0.0,0.9999999995216616,0.0,0.0,0.0,0.0,0.0,1000219.0,zzy-223@627-ydq-4gk,2021-04-26 23:12:35,1.0
0.0,0.0,0.9999999995216616,0.0,0.0,0.0,0.0,0.0,1000219.0,zzw-22b@62j-sjc-tqf,2022-07-17 12:17:10,1.0
0.0,0.0,0.9999999995216616,0.0,0.0,0.0,0.0,0.0,1000219.0,zzy-227@8fy-8kk-wc5,2024-04-29 15:44:03,1.0
0.0,0.0,0.9999999995216616,0.0,0.0,0.0,0.0,0.0,1000219.0,zzw-222@5qz-w3j-jgk,2019-06-09 19:35:11,1.0
0.667015264472172,0.0,0.0227697100060489,0.0,0.0,0.0023608355667166,0.0,0.0,1000220.0,zzy-223@63q-nws-psq,2024-05-24 20:46:50,-0.0659090909090909
0.667015264472172,0.0,0.0227697100060489,0.0,0.0,0.0023608355667166,0.0,0.0,1000220.0,zzy-223@63q-nws-psq,2024-05-24 20:46:50,-0.0659090909090909
0.9999999987062832,2.0410327021745322e-45,4.8014142347433095e-43,1.254518385753434e-45,2.0269823179061693e-45,9.763244431813e-44,1.0617539941936984e-45,2.051139053992113e-45,1000221.0,zzy-223@63q-nws-psq,2023-10-15 17:59:25,0.3023809523809523
0.9999999987062832,2.0410327021745322e-45,4.8014142347433095e-43,1.254518385753434e-45,2.0269823179061693e-45,9.763244431813e-44,1.0617539941936984e-45,2.051139053992113e-45,1000221.0,zzy-223@63q-nws-psq,2023-10-15 17:59:25,0.3023809523809523
0.9999999987062832,2.0410327021745322e-45,4.8014142347433095e-43,1.254518385753434e-45,2.0269823179061693e-45,9.763244431813e-44,1.0617539941936984e-45,2.051139053992113e-45,1000221.0,zzy-223@63q-nws-psq,2023-10-15 17:59:25,0.3023809523809523
0.9999999987062832,2.0410327021745322e-45,4.8014142347433095e-43,1.254518385753434e-45,2.0269823179061693e-45,9.763244431813e-44,1.0617539941936984e-45,2.051139053992113e-45,1000221.0,zzy-223@63q-nws-psq,2023-10-15 17:59:25,0.3023809523809523
0.9999999987062832,2.0410327021745322e-45,4.8014142347433095e-43,1.254518385753434e-45,2.0269823179061693e-45,9.763244431813e-44,1.0617539941936984e-45,2.051139053992113e-45,1000221.0,zzy-223@63q-nws-psq,2023-10-15 17:59:25,0.3023809523809523
0.9126139626458688,0.0,0.0335118875085134,0.0,0.0,0.0036403694483496,0.0,0.0,1000222.0,zzy-223@63q-nws-psq,2023-06-26 20:31:25,-0.0666666666666666
0.9126139626458688,0.0,0.0335118875085134,0.0,0.0,0.0036403694483496,0.0,0.0,1000222.0,zzy-223@63q-nws-psq,2023-06-26 20:31:25,-0.0666666666666666
0.9126139626458688,0.0,0.0335118875085134,0.0,0.0,0.0036403694483496,0.0,0.0,1000222.0,zzy-223@63q-nws-psq,2023-06-26 20:31:25,-0.0666666666666666
0.9126139626458688,0.0,0.0335118875085134,0.0,0.0,0.0036403694483496,0.0,0.0,1000222.0,zzy-223@63q-nws-psq,2023-06-26 20:31:25,-0.0666666666666666
0.9126139626458688,0.0,0.0335118875085134,0.0,0.0,0.0036403694483496,0.0,0.0,1000222.0,zzy-223@63q-nws-psq,2023-06-26 20:31:25,-0.0666666666666666
0.9530724494826264,6.700166431042421e-252,0.0299815272783956,4.1204552351893416e-252,1.1034192485377895e-250,0.0025168213156299,7.780451772260073e-252,7.02374388567742e-251,1000223.0,zzy-223@63q-nws-psq,2023-08-14 23:59:59,0.3333333333333333
0.9530724494826264,6.700166431042421e-252,0.0299815272783956,4.1204552351893416e-252,1.1034192485377895e-250,0.0025168213156299,7.780451772260073e-252,7.02374388567742e-251,1000223.0,zzy-223@63q-nws-psq,2023-08-14 23:59:59,0.3333333333333333
0.9530724494826264,6.700166431042421e-252,0.0299815272783956,4.1204552351893416e-252,1.1034192485377895e-250,0.0025168213156299,7.780451772260073e-252,7.02374388567742e-251,1000223.0,zzy-223@63q-nws-psq,2023-08-14 23:59:59,0.3333333333333333
0.9530724494826264,6.700166431042421e-252,0.0299815272783956,4.1204552351893416e-252,1.1034192485377895e-250,0.0025168213156299,7.780451772260073e-252,7.02374388567742e-251,1000223.0,zzy-223@63q-nws-psq,2023-08-14 23:59:59,0.3333333333333333
0.9530724494826264,6.700166431042421e-252,0.0299815272783956,4.1204552351893416e-252,1.1034192485377895e-250,0.0025168213156299,7.780451772260073e-252,7.02374388567742e-251,1000223.0,zzy-223@63q-nws-psq,2023-08-14 23:59:59,0.3333333333333333
0.9729999975879942,0.0,2.1789629134668e-310,0.0,0.0,0.0121046244614973,0.0,0.0,1000224.0,zzy-223@63q-nws-psq,2023-06-04 23:59:59,0.1583333333333333
0.9729999975879942,0.0,2.1789629134668e-310,0.0,0.0,0.0121046244614973,0.0,0.0,1000224.0,zzy-223@63q-nws-psq,2023-06-04 23:59:59,0.1583333333333333
0.9729999975879942,0.0,2.1789629134668e-310,0.0,0.0,0.0121046244614973,0.0,0.0,1000224.0,zzy-223@63q-nws-psq,2023-06-04 23:59:59,0.1583333333333333
0.9729999975879942,0.0,2.1789629134668e-310,0.0,0.0,0.0121046244614973,0.0,0.0,1000224.0,zzy-223@63q-nws-psq,2023-06-04 23:59:59,0.1583333333333333
0.9729999975879942,0.0,2.1789629134668e-310,0.0,0.0,0.0121046244614973,0.0,0.0,1000224.0,zzy-223@63q-nws-psq,2023-06-04 23:59:59,0.1583333333333333
0.8600183351973414,5.273328231170733e-48,2.0592613512374566e-38,3.2441203123653665e-48,1.0188422461495902e-47,9.733771503283871e-27,3.548987752425119e-48,1.0100684560059732e-47,1000225.0,zzy-223@63q-nws-psq,2023-06-11 18:23:19,0.0922619047619047
0.8600183351973414,5.273328231170733e-48,2.0592613512374566e-38,3.2441203123653665e-48,1.0188422461495902e-47,9.733771503283871e-27,3.548987752425119e-48,1.0100684560059732e-47,1000225.0,zzy-223@63q-nws-psq,2023-06-11 18:23:19,0.0922619047619047
0.8600183351973414,5.273328231170733e-48,2.0592613512374566e-38,3.2441203123653665e-48,1.0188422461495902e-47,9.733771503283871e-27,3.548987752425119e-48,1.0100684560059732e-47,1000225.0,zzy-223@63q-nws-psq,2023-06-11 18:23:19,0.0922619047619047
0.8600183351973414,5.273328231170733e-48,2.0592613512374566e-38,3.2441203123653665e-48,1.0188422461495902e-47,9.733771503283871e-27,3.548987752425119e-48,1.0100684560059732e-47,1000225.0,zzy-223@63q-nws-psq,2023-06-11 18:23:19,0.0922619047619047
0.8600183351973414,5.273328231170733e-48,2.0592613512374566e-38,3.2441203123653665e-48,1.0188422461495902e-47,9.733771503283871e-27,3.548987752425119e-48,1.0100684560059732e-47,1000225.0,zzy-223@63q-nws-psq,2023-06-11 18:23:19,0.0922619047619047
0.9131833657861964,0.0,0.0338243151747517,0.0,0.0,0.0036114340246582,0.0,0.0,1000226.0,zzy-223@63q-nws-psq,2023-08-16 18:43:43,0.1651515151515151
0.9131833657861964,0.0,0.0338243151747517,0.0,0.0,0.0036114340246582,0.0,0.0,1000226.0,zzy-223@63q-nws-psq,2023-08-16 18:43:43,0.1651515151515151
0.9131833657861964,0.0,0.0338243151747517,0.0,0.0,0.0036114340246582,0.0,0.0,1000226.0,zzy-223@63q-nws-psq,2023-08-16 18:43:43,0.1651515151515151
0.9131833657861964,0.0,0.0338243151747517,0.0,0.0,0.0036114340246582,0.0,0.0,1000226.0,zzy-223@63q-nws-psq,2023-08-16 18:43:43,0.1651515151515151
0.9131833657861964,0.0,0.0338243151747517,0.0,0.0,0.0036114340246582,0.0,0.0,1000226.0,zzy-223@63q-nws-psq,2023-08-16 18:43:43,0.1651515151515151
0.8308525801249096,6.462953870330933e-07,0.0216119181223042,3.991925572441628e-07,1.6955514048018425e-06,0.0016810651868449,4.89598992272583e-07,1.7596999045463766e-06,1000227.0,zzy-223@63q-nws-psq,2023-08-27 15:04:04,0.0271428571428571
0.8308525801249096,6.462953870330933e-07,0.0216119181223042,3.991925572441628e-07,1.6955514048018425e-06,0.0016810651868449,4.89598992272583e-07,1.7596999045463766e-06,1000227.0,zzy-223@63q-nws-psq,2023-08-27 15:04:04,0.0271428571428571
0.8308525801249096,6.462953870330933e-07,0.0216119181223042,3.991925572441628e-07,1.6955514048018425e-06,0.0016810651868449,4.89598992272583e-07,1.7596999045463766e-06,1000227.0,zzy-223@63q-nws-psq,2023-08-27 15:04:04,0.0271428571428571
0.8308525801249096,6.462953870330933e-07,0.0216119181223042,3.991925572441628e-07,1.6955514048018425e-06,0.0016810651868449,4.89598992272583e-07,1.7596999045463766e-06,1000227.0,zzy-223@63q-nws-psq,2023-08-27 15:04:04,0.0271428571428571
0.8308525801249096,6.462953870330933e-07,0.0216119181223042,3.991925572441628e-07,1.6955514048018425e-06,0.0016810651868449,4.89598992272583e-07,1.7596999045463766e-06,1000227.0,zzy-223@63q-nws-psq,2023-08-27 15:04:04,0.0271428571428571
0.0621341764568985,5.955540241386e-311,0.0022696050283501,3.666290764725e-311,1.75371642282623e-309,0.0001507131297187,7.6402655354546e-311,9.8897842950587e-310,1000228.0,zzy-223@63q-nws-psq,2022-09-06 23:59:59,0.4777777777777777
0.0621341764568985,5.955540241386e-311,0.0022696050283501,3.666290764725e-311,1.75371642282623e-309,0.0001507131297187,7.6402655354546e-311,9.8897842950587e-310,1000228.0,zzy-223@63q-nws-psq,2022-09-06 23:59:59,0.4777777777777777
0.0621341764568985,5.955540241386e-311,0.0022696050283501,3.666290764725e-311,1.75371642282623e-309,0.0001507131297187,7.6402655354546e-311,9.8897842950587e-310,1000228.0,zzy-223@63q-nws-psq,2022-09-06 23:59:59,0.4777777777777777
0.0621341764568985,5.955540241386e-311,0.0022696050283501,3.666290764725e-311,1.75371642282623e-309,0.0001507131297187,7.6402655354546e-311,9.8897842950587e-310,1000228.0,zzy-223@63q-nws-psq,2022-09-06 23:59:59,0.4777777777777777
0.0621341764568985,5.955540241386e-311,0.0022696050283501,3.666290764725e-311,1.75371642282623e-309,0.0001507131297187,7.6402655354546e-311,9.8897842950587e-310,1000228.0,zzy-223@63q-nws-psq,2022-09-06 23:59:59,0.4777777777777777
0.7880614204349217,5.3227768485911594e-278,0.037808687497616,3.275885305259908e-278,1.6229712719058187e-274,0.0017033278137209,1.1047041324183585e-277,1.4330868508291609e-275,1000229.0,zzy-223@63q-nws-psq,2023-05-26 13:15:55,-0.3366666666666667
0.7880614204349217,5.3227768485911594e-278,0.037808687497616,3.275885305259908e-278,1.6229712719058187e-274,0.0017033278137209,1.1047041324183585e-277,1.4330868508291609e-275,1000229.0,zzy-223@63q-nws-psq,2023-05-26 13:15:55,-0.3366666666666667
0.7880614204349217,5.3227768485911594e-278,0.037808687497616,3.275885305259908e-278,1.6229712719058187e-274,0.0017033278137209,1.1047041324183585e-277,1.4330868508291609e-275,1000229.0,zzy-223@63q-nws-psq,2023-05-26 13:15:55,-0.3366666666666667
0.7880614204349217,5.3227768485911594e-278,0.037808687497616,3.275885305259908e-278,1.6229712719058187e-274,0.0017033278137209,1.1047041324183585e-277,1.4330868508291609e-275,1000229.0,zzy-223@63q-nws-psq,2023-05-26 13:15:55,-0.3366666666666667
0.7880614204349217,5.3227768485911594e-278,0.037808687497616,3.275885305259908e-278,1.6229712719058187e-274,0.0017033278137209,1.1047041324183585e-277,1.4330868508291609e-275,1000229.0,zzy-223@63q-nws-psq,2023-05-26 13:15:55,-0.3366666666666667
0.9205947975234566,5.60287072996781e-11,3.918453753493728e-08,3.474449323876181e-11,6.858225802694057e-11,4.708903980088873e-09,3.2467304257759696e-11,6.095743562240266e-11,1000230.0,zzy-222@3bj-47q-h5z,2019-10-24 07:31:38,0.5
0.9999999987630585,0.0,0.0,0.0,0.0,0.0,0.0,0.0,1000231.0,zzy-222@3bj-47q-h5z,2021-07-23 15:46:25,0.2153645833333333
0.832683251290361,3.574980018097011e-114,8.85550687270407e-109,2.2207273333349043e-114,6.123476117151846e-114,3.3196257687761026e-109,2.332897686004163e-114,5.491117139637053e-114,1000232.0,zzy-222@3bj-47q-h5z,2019-07-13 01:10:55,0.6000000000000001
0.750269997582545,0.0,0.0302019095870145,0.0,0.0,0.0029249089729352,0.0,0.0,1000233.0,zzy-222@3bj-47q-h5z,2019-10-20 02:06:50,0.0
0.907941782035076,0.0,0.0271415638798034,0.0,0.0,0.0025171145527445,0.0,0.0,1000234.0,zzy-222@3bj-47q-h5z,2022-07-28 21:06:14,6.938893903907228e-18
0.9999999981274004,0.0,0.0,0.0,0.0,0.0,0.0,0.0,1000235.0,zzy-222@3bj-47q-h5z,2016-07-12 06:07:24,0.8
1.0603649725243931e-05,0.8775230151137074,1.0434451909630185e-06,1.862466967616172e-07,9.781286576338069e-08,6.714080746264065e-08,3.026995569008536e-08,2.777530496792017e-08,1000236.0,zzy-222@3bj-47q-h5z,2021-08-10 06:50:00,0.0
0.7232460251793957,0.0006079957151428,0.0248092426188934,0.0003767413956865,0.0004804200782658,0.0014688821649683,0.0003429173168658,0.000400105081829,1000237.0,225-222@5sb-dgs-py9,2020-06-19 18:05:38,0.3333333333333333
0.7232460251793957,0.0006079957151428,0.0248092426188934,0.0003767413956865,0.0004804200782658,0.0014688821649683,0.0003429173168658,0.000400105081829,1000237.0,225-222@5sb-dgs-py9,2020-06-19 18:05:38,0.3333333333333333
0.7232460251793957,0.0006079957151428,0.0248092426188934,0.0003767413956865,0.0004804200782658,0.0014688821649683,0.0003429173168658,0.000400105081829,1000237.0,225-222@5sb-dgs-py9,2020-06-19 18:05:38,0.3333333333333333
0.3846028178801448,6.669311064472677e-05,0.0129086991921734,4.145407944801323e-05,7.233378324177144e-05,0.0010419255378892,4.419614236425168e-05,6.685872149350862e-05,1000238.0,225-222@5sb-dgs-py9,2021-09-11 22:36:26,0.6666666666666666
0.3846028178801448,6.669311064472677e-05,0.0129086991921734,4.145407944801323e-05,7.233378324177144e-05,0.0010419255378892,4.419614236425168e-05,6.685872149350862e-05,1000238.0,225-222@5sb-dgs-py9,2021-09-11 22:36:26,0.6666666666666666
0.3846028178801448,6.669311064472677e-05,0.0129086991921734,4.145407944801323e-05,7.233378324177144e-05,0.0010419255378892,4.419614236425168e-05,6.685872149350862e-05,1000238.0,225-222@5sb-dgs-py9,2021-09-11 22:36:26,0.6666666666666666
0.8154078370850656,3.081063962027557e-114,0.0436751501815897,1.9107357426218198e-114,8.880041464711085e-114,0.0050954451971574,2.499312211911565e-114,7.968159150353624e-114,1000239.0,225-222@5sb-dgs-py9,2023-09-08 20:32:55,-0.0375
0.8154078370850656,3.081063962027557e-114,0.0436751501815897,1.9107357426218198e-114,8.880041464711085e-114,0.0050954451971574,2.499312211911565e-114,7.968159150353624e-114,1000239.0,225-222@5sb-dgs-py9,2023-09-08 20:32:55,-0.0375
0.8154078370850656,3.081063962027557e-114,0.0436751501815897,1.9107357426218198e-114,8.880041464711085e-114,0.0050954451971574,2.499312211911565e-114,7.968159150353624e-114,1000239.0,225-222@5sb-dgs-py9,2023-09-08 20:32:55,-0.0375
0.10104159602623,0.0,0.0046264037528119,0.0,0.0,0.0002308366025285,0.0,0.0,1000240.0,225-222@5sb-dgs-py9,2023-09-04 12:34:18,0.1
0.10104159602623,0.0,0.0046264037528119,0.0,0.0,0.0002308366025285,0.0,0.0,1000240.0,225-222@5sb-dgs-py9,2023-09-04 12:34:18,0.1
0.10104159602623,0.0,0.0046264037528119,0.0,0.0,0.0002308366025285,0.0,0.0,1000240.0,225-222@5sb-dgs-py9,2023-09-04 12:34:18,0.1
0.100450536788733,1.2139248231085528e-34,0.0062143961858826,7.53219625913365e-35,0.000165994213534,0.0002201056313592,5.506051620783918e-33,0.0002702625192847,1000241.0,225-222@5sb-dgs-py9,2018-11-12 20:26:11,0.2515625
0.100450536788733,1.2139248231085528e-34,0.0062143961858826,7.53219625913365e-35,0.000165994213534,0.0002201056313592,5.506051620783918e-33,0.0002702625192847,1000241.0,225-222@5sb-dgs-py9,2018-11-12 20:26:11,0.2515625
0.100450536788733,1.2139248231085528e-34,0.0062143961858826,7.53219625913365e-35,0.000165994213534,0.0002201056313592,5.506051620783918e-33,0.0002702625192847,1000241.0,225-222@5sb-dgs-py9,2018-11-12 20:26:11,0.2515625
0.9492508054920088,0.0,0.0431615383452105,0.0,0.0,0.0028061071956916,0.0,0.0,1000242.0,225-222@5sb-dgs-py9,2014-12-29 05:42:33,0.3308333333333333
0.9492508054920088,0.0,0.0431615383452105,0.0,0.0,0.0028061071956916,0.0,0.0,1000242.0,225-222@5sb-dgs-py9,2014-12-29 05:42:33,0.3308333333333333
0.9492508054920088,0.0,0.0431615383452105,0.0,0.0,0.0028061071956916,0.0,0.0,1000242.0,225-222@5sb-dgs-py9,2014-12-29 05:42:33,0.3308333333333333
0.1003188306128072,1.83425630372104e-39,0.0066502841369925,1.1387608291035316e-39,0.00018255203213,0.0002882521505394,8.286300544116585e-38,0.0002618512672177,1000243.0,225-222@5sb-dgs-py9,2021-07-29 13:27:35,0.1088435374149659
0.1003188306128072,1.83425630372104e-39,0.0066502841369925,1.1387608291035316e-39,0.00018255203213,0.0002882521505394,8.286300544116585e-38,0.0002618512672177,1000243.0,225-222@5sb-dgs-py9,2021-07-29 13:27:35,0.1088435374149659
0.1003188306128072,1.83425630372104e-39,0.0066502841369925,1.1387608291035316e-39,0.00018255203213,0.0002882521505394,8.286300544116585e-38,0.0002618512672177,1000243.0,225-222@5sb-dgs-py9,2021-07-29 13:27:35,0.1088435374149659
0.8795088727797101,0.0,0.0465560600599302,0.0,0.0,0.0020149703854426,0.0,0.0,1000244.0,225-222@5sb-dgs-py9,2023-09-09 16:14:55,0.5
0.8795088727797101,0.0,0.0465560600599302,0.0,0.0,0.0020149703854426,0.0,0.0,1000244.0,225-222@5sb-dgs-py9,2023-09-09 16:14:55,0.5
0.8795088727797101,0.0,0.0465560600599302,0.0,0.0,0.0020149703854426,0.0,0.0,1000244.0,225-222@5sb-dgs-py9,2023-09-09 16:14:55,0.5
0.7334057780127353,5.838976998452893e-37,0.045833955942655,3.6283717153094672e-37,0.0012431963559949,0.0015001957942137,1.3429652640061422e-35,0.0020933634449893,1000245.0,225-222@5sb-dgs-py9,2017-12-09 08:33:50,0.2587912087912087
0.7334057780127353,5.838976998452893e-37,0.045833955942655,3.6283717153094672e-37,0.0012431963559949,0.0015001957942137,1.3429652640061422e-35,0.0020933634449893,1000245.0,225-222@5sb-dgs-py9,2017-12-09 08:33:50,0.2587912087912087
0.7334057780127353,5.838976998452893e-37,0.045833955942655,3.6283717153094672e-37,0.0012431963559949,0.0015001957942137,1.3429652640061422e-35,0.0020933634449893,1000245.0,225-222@5sb-dgs-py9,2017-12-09 08:33:50,0.2587912087912087
0.9282781294146578,1.842833701983196e-12,1.067148187528133e-06,1.1443705993989414e-12,3.223191828069892e-12,4.944234002299065e-07,1.2387043202215208e-12,3.113913623489489e-12,1000246.0,zzy-222@8m5-h5z-89z,2023-01-13 18:05:33,0.2390624999999999
0.9999999977501592,0.0,0.0,0.0,0.0,0.0,0.0,0.0,1000247.0,zzy-222@8m5-h5z-89z,2019-05-22 15:40:43,0.49
0.0133580086007522,0.2856154881799774,0.0013190975348706,0.0004847888437939,0.0001641384628373,8.7676089554163e-05,3.771049697409268e-05,3.51689878028422e-05,1000248.0,zzy-222@8m5-h5z-89z,2023-06-03 02:31:25,0.0
0.3162609387710661,7.502668153178732e-239,0.0181504834057689,4.711590982964284e-239,5.092102650910087e-237,0.0007505105972918,1.3115376227091013e-238,3.1794884797160245e-237,1000249.0,zzy-222@8m5-h5z-89z,2023-08-17 23:07:53,0.0958333333333333
0.385447364659458,6.260204331177656e-87,0.0228598942768371,3.90898831866456e-87,6.500108923717238e-83,0.0007932836972396,1.630547129502377e-86,3.602045831812694e-84,1000250.0,zzy-222@8m5-h5z-89z,2022-12-15 23:51:03,0.1619047619047619
0.3895970808162672,0.0,0.021335143904466,0.0,0.0,0.0008108007931658,0.0,0.0,1000251.0,zzy-222@8m5-h5z-89z,2024-04-04 08:42:16,0.2825
0.3195579309966663,7.294678371922075e-177,0.0142438762859891,4.5172348181026835e-177,4.4956706146792037e-175,0.0008729592146626,1.0637921455327547e-176,1.9404802490768444e-175,1000252.0,zzy-222@8m5-h5z-89z,2024-02-17 00:32:10,0.5
0.9999999981261092,0.0,0.0,0.0,0.0,0.0,0.0,0.0,1000253.0,zzy-222@8m5-h5z-89z,2023-02-24 18:10:23,0.6000000000000001
0.8465288517538352,4.091202126914044e-152,0.0355798884338155,2.555196940634559e-152,1.9079807875525613e-150,0.0019040832839297,6.08614858157253e-152,1.0673150644838524e-150,1000254.0,zzy-222@8m5-h5z-89z,2016-07-10 07:12:35,0.5
0.8948531105272758,0.0,0.0292362728021145,0.0,0.0,0.0020501057457268,0.0,0.0,1000255.0,zzy-222@8m5-h5z-89z,2019-02-10 07:52:52,0.65
0.3529464403538696,0.0,0.0101639043064261,0.0,0.0,0.0008695201990853,0.0,0.0,1000256.0,zzy-222@8m5-h5z-89z,2022-01-02 03:49:50,0.6
0.0155697092389824,3.078598228836571e-141,0.0009055498389846,1.920309803753228e-141,2.713424029285703e-05,3.2412292302306445e-05,1.9945893562201144e-140,1.4114239163430834e-129,1000257.0,zzy-222@8m5-h5z-89z,2018-08-04 01:34:12,0.8
0.0804114222599127,0.0,0.0035688711157374,0.0,0.0,0.0001798402036997,0.0,0.0,1000258.0,zzy-222@8m5-h5z-89z,2016-09-06 09:28:55,0.3625
0.898657473193416,0.0,0.0391239581517101,0.0,0.0,0.0019637598505616,0.0,0.0,1000259.0,zzy-222@8m5-h5z-89z,2016-09-09 16:15:43,0.25
0.9999999985905642,6.457470261844255e-243,3.567905648189763e-240,4.0553126449962437e-243,7.894058808376945e-243,2.9006566730063976e-241,4.2035559077712157e-243,8.66348757750839e-243,1000260.0,zzy-222@8m5-h5z-89z,2024-02-16 00:36:45,0.5375
0.7781661052927704,3.620771364504352e-06,0.0085935530950191,2.246277269524468e-06,6.074889192946258e-06,0.0006688610859609,3.243972676551652e-06,5.970161776018226e-06,1000261.0,zzy-222@8m5-h5z-89z,2024-05-19 04:56:36,0.45
0.7781661052927704,3.620771364504352e-06,0.0085935530950191,2.246277269524468e-06,6.074889192946258e-06,0.0006688610859609,3.243972676551652e-06,5.970161776018226e-06,1000261.0,zzy-222@8m5-h5z-89z,2024-05-19 04:56:36,0.45
0.3876438455625902,1.410338357221307e-54,4.488552971795058e-28,8.862834411048204e-55,4.5613789248415805e-54,4.1141657740443135e-29,1.3441282498041154e-54,4.9440478088908796e-54,1000262.0,zzy-222@8m5-h5z-89z,2024-02-10 07:33:06,0.645
0.3876438455625902,1.410338357221307e-54,4.488552971795058e-28,8.862834411048204e-55,4.5613789248415805e-54,4.1141657740443135e-29,1.3441282498041154e-54,4.9440478088908796e-54,1000262.0,zzy-222@8m5-h5z-89z,2024-02-10 07:33:06,0.645
0.9976089196305308,0.0,0.0,0.0,0.0,0.0,0.0,0.0,1000263.0,zzy-222@8m5-h5z-89z,2023-11-29 02:01:43,0.0
0.9976089196305308,0.0,0.0,0.0,0.0,0.0,0.0,0.0,1000263.0,zzy-222@8m5-h5z-89z,2023-11-29 02:01:43,0.0
0.7028531041445342,1.865760232490565e-88,0.0342190511547493,1.1601384860653287e-88,6.901913792542392e-86,0.001446869239547,4.24225744381904e-88,1.765381691605565e-86,1000264.0,zzy-222@8m5-h5z-89z,2023-01-20 01:46:19,0.175
0.7028531041445342,1.865760232490565e-88,0.0342190511547493,1.1601384860653287e-88,6.901913792542392e-86,0.001446869239547,4.24225744381904e-88,1.765381691605565e-86,1000264.0,zzy-222@8m5-h5z-89z,2023-01-20 01:46:19,0.175
0.8080211536544442,5.778087818084534e-273,0.0375296477878561,3.635844212806317e-273,1.0955195239963318e-271,0.002143006974227,7.774302202294579e-273,8.387373534391136e-272,1000265.0,zzy-222@8m5-h5z-89z,2024-01-18 12:52:04,0.8000000000000002
0.8080211536544442,5.778087818084534e-273,0.0375296477878561,3.635844212806317e-273,1.0955195239963318e-271,0.002143006974227,7.774302202294579e-273,8.387373534391136e-272,1000265.0,zzy-222@8m5-h5z-89z,2024-01-18 12:52:04,0.8000000000000002
0.6987080314494672,1.852562572094329e-48,0.036808227525087,1.1527170722157315e-48,3.444982207141325e-33,0.0015055376670998,9.684793284827308e-48,3.080172868252011e-42,1000266.0,zzy-222@8m5-h5z-89z,2024-05-18 23:13:46,0.1416666666666666
0.6987080314494672,1.852562572094329e-48,0.036808227525087,1.1527170722157315e-48,3.444982207141325e-33,0.0015055376670998,9.684793284827308e-48,3.080172868252011e-42,1000266.0,zzy-222@8m5-h5z-89z,2024-05-18 23:13:46,0.1416666666666666
0.9428828200206644,4.252457395256354e-15,2.570078389314296e-09,2.6750432321234838e-15,8.447399566994283e-15,2.2895172023941846e-10,3.4397441377042028e-15,8.982514799164547e-15,1000267.0,zzy-222@8m5-h5z-89z,2024-03-01 03:48:31,0.3081632653061224
0.9428828200206644,4.252457395256354e-15,2.570078389314296e-09,2.6750432321234838e-15,8.447399566994283e-15,2.2895172023941846e-10,3.4397441377042028e-15,8.982514799164547e-15,1000267.0,zzy-222@8m5-h5z-89z,2024-03-01 03:48:31,0.3081632653061224
0.5319108958695403,0.0008317504089577,0.0285581152608017,0.0005139552476817,0.0006084592284141,0.0019025867642648,0.0003772009225343,0.0005324695924122,1000268.0,zzy-222@8m5-h5z-89z,2023-08-23 06:16:46,0.5900000000000001
0.5319108958695403,0.0008317504089577,0.0285581152608017,0.0005139552476817,0.0006084592284141,0.0019025867642648,0.0003772009225343,0.0005324695924122,1000268.0,zzy-222@8m5-h5z-89z,2023-08-23 06:16:46,0.5900000000000001
0.9520817074260056,0.0,0.0337357190412771,0.0,0.0,0.0021461441221633,0.0,0.0,1000269.0,zzy-222@8m5-h5z-89z,2023-10-17 17:58:01,0.4333333333333333
0.9520817074260056,0.0,0.0337357190412771,0.0,0.0,0.0021461441221633,0.0,0.0,1000269.0,zzy-222@8m5-h5z-89z,2023-10-17 17:58:01,0.4333333333333333
3.726959553616966e-05,1.06999796016522e-06,3.795673820597361e-06,0.9999566854804725,3.297488655869755e-07,2.648085629166745e-07,1.0695808565492537e-07,9.958596954401997e-08,1000270.0,zzy-222@8m5-h5z-89z,2019-03-06 04:54:04,0.0
0.3192407784462605,7.313142000552746e-115,0.0138128865751029,4.5565831715806975e-115,4.489803415207875e-113,0.0007802108290431,1.1340886668654163e-114,2.5119991587001908e-113,1000271.0,zzy-222@8m5-h5z-89z,2024-05-27 16:11:49,0.5238095238095237
0.9999999982034132,0.0,0.0,0.0,0.0,0.0,0.0,0.0,1000272.0,zzy-222@8m5-h5z-89z,2024-05-22 03:46:52,0.5844444444444444
0.3855695708231976,2.3994388225718606e-41,7.321113459051821e-15,1.5060380675264815e-41,7.576231512743346e-41,7.049980940675151e-16,2.2088749920324918e-41,7.280730899775335e-41,1000273.0,zzy-222@8m5-h5z-89z,2024-05-26 23:09:00,0.4783333333333333
0.489768571114637,0.0,0.0285746608864771,0.0,0.0008034357220208,0.0009737834095495,0.0,0.0013756067717272,1000274.0,zzy-222@8m5-h5z-89z,2024-05-16 18:09:45,0.5089285714285714
0.9999999983772044,8.507021520816476e-154,2.715731455183593e-149,5.3227206584256766e-154,1.4513780074673345e-153,2.511560138849184e-150,6.751095701720221e-154,1.5452513986948252e-153,1000275.0,zzy-222@8m5-h5z-89z,2024-04-28 19:09:44,0.4163265306122449
0.313832082898583,0.0,0.0108775245843454,0.0,0.0,0.0008941935138567,0.0,0.0,1000276.0,zzy-222@8m5-h5z-89z,2024-05-17 16:51:15,0.2305555555555555
0.8855471050332681,3.4491199758967766e-10,0.0214227931427342,2.1635451317234838e-10,8.480661726935554e-10,0.0020788370464026,2.9140449676035156e-10,9.85410110468311e-10,1000277.0,zzy-222@8m5-h5z-89z,2024-05-16 18:37:09,0.387037037037037
0.7681119340658493,9.638418867024075e-127,0.0424570952900232,6.036152734880514e-127,1.198017802031816e-123,0.0018223208847841,2.093888109503949e-126,2.052636233647994e-124,1000278.0,zzy-222@8m5-h5z-89z,2024-05-27 06:44:16,0.4107983193277311
0.8475119112683819,1.6705241597978734e-170,0.0355304490239733,1.0412571344364818e-170,7.419019505933224e-169,0.0022647225784962,2.630119621871918e-170,3.967552632598857e-169,1000279.0,zzy-222@8m5-h5z-89z,2024-04-03 22:32:34,0.3571428571428571
0.8512691044419812,5.588637398255593e-65,0.0411430860417915,3.4645959963033845e-65,3.754077464189272e-60,0.0017696396216057,1.505990505195882e-64,8.25499615053267e-62,1000280.0,zzy-222@8m5-h5z-89z,2024-01-21 23:18:31,0.3791666666666666
0.7105778728653137,0.0,0.0291405435452381,0.0,0.0,0.001716532787674,0.0,0.0,1000281.0,zzy-222@8m5-h5z-89z,2024-05-17 19:25:16,0.7625
0.0446614051113965,5.7268692193531374e-173,0.0029213133332034,3.5846063976997706e-173,8.236227500302004e-05,0.0001018103559912,1.0402949332103185e-171,0.0001423236865063,1000282.0,zzy-222@8m5-h5z-89z,2023-12-02 00:31:13,0.4335
0.128146948404742,0.0061385738628683,0.0127610078477165,0.00469620578133,0.0012008686616331,0.0008646526159946,0.0003621503991628,0.0003393119293126,1000283.0,zzy-222@8m5-h5z-89z,2024-04-03 20:41:18,0.0
0.0797082644537005,0.0,0.0043063634933927,0.0,0.0,0.0001626483143342,0.0,0.0,1000284.0,zzy-222@8m5-h5z-89z,2024-04-16 20:49:24,0.5333333333333333
0.0155542287113823,4.6425520109471726e-97,0.0008671450346328,2.878929149205992e-97,2.55664367676706e-05,3.094107013764917e-05,3.181767805234692e-96,1.821184847794881e-85,1000285.0,zzy-222@8m5-h5z-89z,2023-12-16 15:44:33,0.28125
0.8430194906615962,0.0,0.0357706657046156,0.0,0.0,0.0021496045632167,0.0,0.0,1000286.0,zzy-222@8m5-h5z-89z,2023-11-20 06:01:23,0.4347222222222222
0.0154496648773319,4.9476760726918704e-76,0.0009262291284566,3.0669715106782585e-76,2.803322494810999e-05,3.0312932600143185e-05,3.745994707094314e-75,1.7507058387251802e-64,1000287.0,zzy-222@8m5-h5z-89z,2024-05-08 03:04:57,0.9
0.6997948647429446,8.039650818780919e-51,0.036304352369643,4.986700269536342e-51,1.5153536518087888e-35,0.0013894800209518,4.204388113521224e-50,1.2680950124320152e-44,1000288.0,zzy-222@8m5-h5z-89z,2023-08-21 18:01:50,0.3311224489795918
0.1740620428278076,0.0,0.0059393121128509,0.0,0.0,0.0004105575308158,0.0,0.0,1000289.0,zzy-222@8m5-h5z-89z,2023-06-02 07:08:28,0.2799999999999999
0.8420042695969369,1.126331816584639e-171,0.0328315872244326,6.956135125556952e-172,5.634384575345748e-170,0.0024293515411488,1.516937533377657e-171,2.57286082079302e-170,1000290.0,zzw-222@8sy-xfb-mhq,2024-02-27 22:25:46,0.1275641025641025
0.6663562448365771,2.7974782935959705e-275,0.0197868311813233,1.7262313144307654e-275,2.534421793782385e-274,0.0021309830588827,2.814954614614561e-275,1.9085510032781794e-274,1000291.0,zzw-222@8sy-xfb-mhq,2024-03-17 17:53:53,0.0398292994883904
0.9999999985388852,2.0720123575922656e-117,7.600789445164165e-115,1.2823654304270023e-117,2.6190062318120914e-117,6.115249208064703e-116,1.1865772937020891e-117,2.880625313889044e-117,1000292.0,zzw-222@8sy-xfb-mhq,2023-10-25 17:36:53,0.1986742424242424
0.96249173185222,0.0,0.0305920911349335,0.0,0.0,0.0028670337792956,0.0,0.0,1000293.0,zzw-222@8sy-xfb-mhq,2023-06-02 15:31:47,0.44
0.8370951644477596,1.605905485084611e-30,0.0399816534755146,9.955846821114755e-31,1.0741672376882644e-25,0.0016616576895486,4.2741804091563864e-30,2.3519850512136726e-27,1000294.0,zzw-222@8sy-xfb-mhq,2023-04-10 13:59:11,0.4533333333333333
0.9724275010931148,6.650515426279641e-149,2.431601767799499e-140,4.1383807841642744e-149,1.1949246086510388e-148,3.2275110718449815e-142,4.483047777037788e-149,1.4011612006236938e-148,1000295.0,zzw-222@8sy-xfb-mhq,2022-11-05 18:56:20,0.0833333333333333
0.8972695182062048,1.107860000768021e-155,0.0430218168509314,6.855581931244751e-156,2.853848125412555e-155,2.14885823075189e-101,8.275989121521719e-156,2.570605112854636e-155,1000296.0,zzw-222@8sy-xfb-mhq,2023-11-09 23:59:59,0.175
0.6699992752668985,0.0,0.0186620643504922,0.0,0.0,0.0018088722304392,0.0,0.0,1000297.0,zzw-222@8sy-xfb-mhq,2021-09-15 15:19:42,0.4848484848484849
0.920069727713705,2.8766020582557085e-103,0.0427296993799513,1.7852648460684082e-103,1.7056539020704943e-100,0.0018405204995637,5.986776671843854e-103,3.697823720669941e-101,1000298.0,zzw-222@8sy-xfb-mhq,2022-09-02 00:49:13,0.235
0.9566369460414248,4.838412104743402e-20,1.1987455606638883e-16,2.9777900642948343e-20,5.996653269329735e-20,8.612187943595961e-17,2.745535882899896e-20,6.085064425585703e-20,1000299.0,zzy-222@64h-2rq-835,2024-04-27 17:46:53,0.1699999999999999
0.9566369460414248,4.838412104743402e-20,1.1987455606638883e-16,2.9777900642948343e-20,5.996653269329735e-20,8.612187943595961e-17,2.745535882899896e-20,6.085064425585703e-20,1000299.0,zzy-222@64h-2rq-835,2024-04-27 17:46:53,0.1699999999999999
0.9566369460414248,4.838412104743402e-20,1.1987455606638883e-16,2.9777900642948343e-20,5.996653269329735e-20,8.612187943595961e-17,2.745535882899896e-20,6.085064425585703e-20,1000299.0,zzy-222@64h-2rq-835,2024-04-27 17:46:53,0.1699999999999999
0.0621789907840717,0.0,0.0023656594457893,0.0,0.0,0.0001483620850379,0.0,0.0,1000300.0,zzy-222@64h-2rq-835,2024-05-26 13:33:25,0.1473958333333333
0.0621789907840717,0.0,0.0023656594457893,0.0,0.0,0.0001483620850379,0.0,0.0,1000300.0,zzy-222@64h-2rq-835,2024-05-26 13:33:25,0.1473958333333333
0.0621789907840717,0.0,0.0023656594457893,0.0,0.0,0.0001483620850379,0.0,0.0,1000300.0,zzy-222@64h-2rq-835,2024-05-26 13:33:25,0.1473958333333333
0.8284709371613952,0.0,0.0371380619511331,0.0,0.0,0.0042753079426676,0.0,0.0,1000301.0,zzy-222@64h-2rq-835,2024-02-25 23:59:59,0.3685714285714286
0.8284709371613952,0.0,0.0371380619511331,0.0,0.0,0.0042753079426676,0.0,0.0,1000301.0,zzy-222@64h-2rq-835,2024-02-25 23:59:59,0.3685714285714286
0.8284709371613952,0.0,0.0371380619511331,0.0,0.0,0.0042753079426676,0.0,0.0,1000301.0,zzy-222@64h-2rq-835,2024-02-25 23:59:59,0.3685714285714286
0.915155409787638,0.0,0.0320705908799271,0.0,0.0,0.0036365734673587,0.0,0.0,1000302.0,zzy-222@64h-2rq-835,2024-02-26 12:50:03,0.2166666666666666
0.915155409787638,0.0,0.0320705908799271,0.0,0.0,0.0036365734673587,0.0,0.0,1000302.0,zzy-222@64h-2rq-835,2024-02-26 12:50:03,0.2166666666666666
0.915155409787638,0.0,0.0320705908799271,0.0,0.0,0.0036365734673587,0.0,0.0,1000302.0,zzy-222@64h-2rq-835,2024-02-26 12:50:03,0.2166666666666666
0.0985776024456862,0.0,0.0046272848608396,0.0,0.0,0.0002084168892853,0.0,0.0,1000303.0,zzy-222@64h-2rq-835,2024-01-03 17:32:39,0.125
0.0985776024456862,0.0,0.0046272848608396,0.0,0.0,0.0002084168892853,0.0,0.0,1000303.0,zzy-222@64h-2rq-835,2024-01-03 17:32:39,0.125
0.0985776024456862,0.0,0.0046272848608396,0.0,0.0,0.0002084168892853,0.0,0.0,1000303.0,zzy-222@64h-2rq-835,2024-01-03 17:32:39,0.125
0.8618072721906663,1.8816466941194327e-54,7.301836653609459e-45,1.159249844439094e-54,3.655753333145257e-54,3.243887209342694e-33,1.2807295176552067e-54,3.7069953434825847e-54,1000304.0,zzy-222@64h-2rq-835,2024-04-17 01:09:51,0.1533333333333333
0.8618072721906663,1.8816466941194327e-54,7.301836653609459e-45,1.159249844439094e-54,3.655753333145257e-54,3.243887209342694e-33,1.2807295176552067e-54,3.7069953434825847e-54,1000304.0,zzy-222@64h-2rq-835,2024-04-17 01:09:51,0.1533333333333333
0.8618072721906663,1.8816466941194327e-54,7.301836653609459e-45,1.159249844439094e-54,3.655753333145257e-54,3.243887209342694e-33,1.2807295176552067e-54,3.7069953434825847e-54,1000304.0,zzy-222@64h-2rq-835,2024-04-17 01:09:51,0.1533333333333333
0.3898243877134478,2.435299342086832e-99,0.0186277253726817,1.5065158039167246e-99,2.225843655902001e-95,0.000805165403096,5.478400487331009e-99,1.2800044040678136e-96,1000305.0,zzy-222@64h-2rq-835,2023-07-17 23:02:43,0.3563690476190476
0.3898243877134478,2.435299342086832e-99,0.0186277253726817,1.5065158039167246e-99,2.225843655902001e-95,0.000805165403096,5.478400487331009e-99,1.2800044040678136e-96,1000305.0,zzy-222@64h-2rq-835,2023-07-17 23:02:43,0.3563690476190476
0.3898243877134478,2.435299342086832e-99,0.0186277253726817,1.5065158039167246e-99,2.225843655902001e-95,0.000805165403096,5.478400487331009e-99,1.2800044040678136e-96,1000305.0,zzy-222@64h-2rq-835,2023-07-17 23:02:43,0.3563690476190476
0.9005078455259533,0.0,0.0,0.0,0.0,0.0,0.0,0.0,1000306.0,zzy-222@64h-2rq-835,2023-09-08 01:53:44,0.3025
0.9005078455259533,0.0,0.0,0.0,0.0,0.0,0.0,0.0,1000306.0,zzy-222@64h-2rq-835,2023-09-08 01:53:44,0.3025
0.9005078455259533,0.0,0.0,0.0,0.0,0.0,0.0,0.0,1000306.0,zzy-222@64h-2rq-835,2023-09-08 01:53:44,0.3025
0.9816283245221612,2.2223888488827102e-47,5.440619162637781e-44,1.3677071318572835e-47,2.7598116701783767e-47,3.8661474146929337e-44,1.2675829308974356e-47,2.818003190194633e-47,1000307.0,zzy-222@64h-2rq-835,2023-06-25 14:49:55,0.0439814814814814
0.9816283245221612,2.2223888488827102e-47,5.440619162637781e-44,1.3677071318572835e-47,2.7598116701783767e-47,3.8661474146929337e-44,1.2675829308974356e-47,2.818003190194633e-47,1000307.0,zzy-222@64h-2rq-835,2023-06-25 14:49:55,0.0439814814814814
0.9816283245221612,2.2223888488827102e-47,5.440619162637781e-44,1.3677071318572835e-47,2.7598116701783767e-47,3.8661474146929337e-44,1.2675829308974356e-47,2.818003190194633e-47,1000307.0,zzy-222@64h-2rq-835,2023-06-25 14:49:55,0.0439814814814814
0.4060488518731261,0.0008800392239286,0.0260482291021532,0.0005547557051083,0.0006211954737161,0.0011732934553301,0.0004531277627275,0.0006361784040336,1000308.0,zzw-224@8f2-7vy-fpv,2018-11-29 17:30:53,0.4833333333333333
0.7296797430887116,1.90143127325918e-59,2.981281411128234e-53,1.184719691992156e-59,4.163791758452173e-59,2.64508583954948e-54,1.4839233749704856e-59,3.979365433896362e-59,1000309.0,zzw-224@8f2-7vy-fpv,2019-03-30 00:20:24,0.6166666666666667
0.8608893318911836,3.3334111188818996e-126,0.0503940435438902,2.0894210348102075e-126,4.1335302715536935e-60,0.0018435304438864,2.143308189280813e-125,1.4822274681376327e-116,1000310.0,zzw-224@8f2-7vy-fpv,2018-12-18 03:13:41,0.3634920634920635
0.8044474058835072,4.2140152446368376e-138,2.790324631363637e-122,2.652546376792186e-138,1.2442940430159565e-137,2.4243136216227194e-123,4.002761692520083e-138,1.2816413093913637e-137,1000311.0,zzw-224@8f2-7vy-fpv,2018-11-29 02:33:55,0.4925
0.9999999988409304,0.0,0.0,0.0,0.0,0.0,0.0,0.0,1000312.0,zzw-224@8f2-7vy-fpv,2018-11-29 02:43:19,0.45875
0.9999999988409304,0.0,0.0,0.0,0.0,0.0,0.0,0.0,1000313.0,zzw-224@8f2-7vy-fpv,2021-01-04 05:03:34,0.5875
0.9330858885011888,3.905655943548434e-257,0.0433701106500973,2.4606618131711682e-257,1.1567698567862271e-255,0.0023456045251776,5.7891883466129814e-257,6.653966681297255e-256,1000314.0,zzw-224@8f2-7vy-fpv,2017-08-11 22:32:54,0.16
0.3163635210764776,8.578649092348589e-123,0.0163575703298662,5.342229902334527e-123,5.418086119097444e-121,0.0013166053268362,1.2633393867284444e-122,2.077742902263376e-121,1000315.0,zzw-224@8f2-7vy-fpv,2024-04-14 01:21:43,0.8
0.0088109915280839,2.874013130749681e-12,0.7634095291489709,1.8130463637245282e-12,2.0602082982489232e-11,2.436968733987815e-05,4.418393545724342e-12,1.6973226574578742e-11,1000316.0,zzw-224@8f2-7vy-fpv,2024-05-28 16:37:15,0.8
0.5695503205566391,0.0011896361550964,0.0351033963884932,0.0007506156482708,0.0008416387383163,0.0015697985554232,0.000610974166225,0.0008492241960776,1000317.0,zzw-224@8f2-7vy-fpv,2023-08-17 23:14:10,0.5000000000000001
0.7935091660138732,2.4985602998992318e-113,0.0657515708197969,1.5758622758622766e-113,8.166225976489221e-113,0.0052455810488814,2.2947905588425677e-113,6.860734765836206e-113,1000318.0,zzw-224@8f2-7vy-fpv,2024-05-26 19:39:11,0.2583333333333333
0.9999999985561135,0.0,0.0,0.0,0.0,0.0,0.0,0.0,1000319.0,zzw-224@8f2-7vy-fpv,2024-05-18 02:06:07,0.5027777777777778
0.8860368746877076,0.0,0.0488464922435483,0.0,0.0,0.0039959272700157,0.0,0.0,1000320.0,zzw-224@8f2-7vy-fpv,2017-11-19 04:07:23,0.6777777777777777
0.6337672829573394,7.502683341922285e-219,0.0429355728158584,4.744989793688566e-219,3.7140142766858833e-218,0.0030725920296645,8.109505247806963e-219,3.020199497819601e-218,1000321.0,zzw-224@8f2-7vy-fpv,2024-01-15 12:53:25,0.7
0.6959630409459855,0.000858397086412,0.0250293657737295,0.0005413475590376,0.0006042385460584,0.0011363659314223,0.0004383393739786,0.0006199046128212,1000322.0,zzw-224@8f2-7vy-fpv,2023-10-27 13:55:33,0.1
0.8914801821100784,0.0,0.0431292316449231,0.0,0.0,0.0039128983464022,0.0,0.0,1000323.0,zzw-224@8f2-7vy-fpv,2024-02-18 01:30:13,0.5238095238095238
0.9540484015896183,6.636523175969112e-181,0.0399997153270976,4.1819229128826297e-181,1.2582313412651718e-180,2.528940695755875e-175,5.253062886629234e-181,1.24017875672757e-180,1000324.0,zzw-224@8f2-7vy-fpv,2023-10-31 00:39:57,0.475
0.882470273290714,0.0,0.0291119959924187,0.0,0.0,0.0,0.0,0.0,1000325.0,zzw-224@8f2-7vy-fpv,2022-11-10 03:09:38,0.13125
0.8491864021920587,7.32951724569379e-246,0.051730822698369,4.57913792215154e-246,5.213780027742586e-241,0.0020524085803509,2.1816418107871336e-245,1.0208475769720956e-242,1000326.0,zzw-224@8f2-7vy-fpv,2024-05-27 17:31:12,0.3916666666666666
0.9999999985329678,1.8535188870775928e-169,2.2256906747249806e-166,1.1625191085992045e-169,2.5292757201770206e-169,1.7542740192232867e-167,1.3627945074231012e-169,2.9705250838807095e-169,1000327.0,zzw-224@8f2-7vy-fpv,2021-12-31 02:01:51,0.6616666666666667
0.8275701096393425,2.0994718862741148e-19,0.0648779107248839,1.3248997144019312e-19,9.27704734469805e-19,6.558966835991193e-08,2.3081429160164784e-19,1.0851474385073653e-18,1000328.0,zzw-224@8f2-7vy-fpv,2023-12-10 06:58:29,0.7000000000000001
0.6578608544371851,0.0,0.0226907172706724,0.0,0.0,0.0,0.0,0.0,1000329.0,zzw-224@8f2-7vy-fpv,2023-11-26 14:56:04,0.4833333333333333
0.8615874751718775,9.26662614578268e-56,0.0928187870256844,5.837675193032269e-56,2.2595084079525326e-55,1.0454613502755867e-41,7.6860307276349015e-56,1.958455575820017e-55,1000330.0,zzw-224@8f2-7vy-fpv,2023-07-15 19:01:53,0.2714285714285714
0.8278905643325457,9.187969491489224e-178,0.0478248463231195,5.771083615851922e-178,5.2736751884282076e-176,0.0021603984813771,1.5979128968085303e-177,2.614692705527304e-176,1000331.0,zzw-224@8f2-7vy-fpv,2021-12-31 02:02:13,0.5916666666666667
0.7336960031547183,4.3273586933368335e-179,0.0439563097018455,2.7161938538346988e-179,1.6497307368311845e-178,0.0039112191637768,4.144156032439852e-179,1.4297769223147468e-178,1000332.0,zzw-224@8f2-7vy-fpv,2023-02-27 17:10:01,0.5
0.5214553850130548,0.0009012971732328,0.0277532200659392,0.0005595762251798,0.0006292359174388,0.0013688856334032,0.0004103697536312,0.0006392451682187,1000333.0,zzw-224@8f2-7vy-fpv,2023-07-25 18:54:58,0.0888888888888889
0.8467162224688416,1.1326986705686853e-213,0.0371976527596445,7.085214598622752e-214,4.971929589476616e-212,0.002099064938152,1.8394809345037597e-213,2.4665117758911787e-212,1000334.0,zzw-224@8f2-7vy-fpv,2022-12-21 18:53:35,0.3125
0.0151523490023806,1.4229376566063909e-29,0.0008667652130665,8.806090667571234e-30,2.819146462164258e-05,3.766536629530214e-05,8.675222086486981e-29,4.568977800167475e-18,1000335.0,zzw-224@8f2-7vy-fpv,2020-10-07 21:08:21,0.74
0.4861220781998817,0.0,0.0177698942563196,0.0,0.0,0.002050998216278,0.0,0.0,1000336.0,zzw-224@8f2-7vy-fpv,2022-08-27 18:53:20,0.35
0.479477377109806,0.0,0.0149061100570691,0.0,0.0,0.0014867099849873,0.0,0.0,1000337.0,zzw-224@8f2-7vy-fpv,2022-07-23 23:54:24,0.3466666666666667
0.9641057722313202,2.3887434071568373e-66,2.773770052919616e-33,1.4776177813901702e-66,5.495677025852259e-66,6.3932321792405975e-47,1.7536211582777262e-66,6.087639715297635e-66,1000338.0,zzw-224@8f2-7vy-fpv,2021-06-07 18:35:58,0.3936383928571428
0.1743599388333469,0.0,0.0055143631581331,0.0,0.0,0.0004736243068064,0.0,0.0,1000339.0,zzw-224@8f2-7vy-fpv,2019-06-05 12:33:37,0.4375
0.8489717340738819,1.1619241131133697e-63,0.0435746740026523,7.254876186473262e-64,7.6525999152927844e-59,0.0018930517678636,3.1516649681505977e-63,1.7648248102563972e-60,1000340.0,zzw-224@8f2-7vy-fpv,2017-05-31 17:24:36,0.6420454545454546
0.8904399252888321,9.792901733488084e-89,0.030319280653858,6.0853903032459574e-89,1.3239162362869155e-87,0.0026853357212576,1.1950844621125688e-88,9.530353594736556e-88,1000341.0,zzw-224@8f2-7vy-fpv,2020-09-20 01:16:08,0.4
0.8716350522213708,5.716762875959418e-108,5.893509778951388e-101,3.542150612429989e-108,9.580945587907915e-108,1.7482025979268645e-102,3.82222936908541e-108,1.119135806297117e-107,1000342.0,zzw-224@8f2-7vy-fpv,2019-06-01 02:32:08,0.2468022862554112
0.9999999986515792,0.0,0.0,0.0,0.0,0.0,0.0,0.0,1000343.0,zzw-224@8f2-7vy-fpv,2019-06-01 04:52:04,0.55
0.999965907951176,1.0867993740642366e-06,2.579021465154432e-05,6.706978212427631e-07,7.095203858645215e-07,1.6493302738777902e-06,4.364835050400284e-07,5.943845085733721e-07,1000344.0,zzw-224@8f2-7vy-fpv,2022-08-02 21:39:22,0.1943181818181818
0.9144979065495944,1.3601808021201129e-224,0.0355948251895495,8.532840819856741e-225,8.747522188245178e-224,0.0031281329619915,1.4586055757674504e-224,7.170679509779927e-224,1000345.0,222-22d@63s-nq7-6rk,2024-04-13 21:44:43,0.2958333333333333
0.9144979065495944,1.3601808021201129e-224,0.0355948251895495,8.532840819856741e-225,8.747522188245178e-224,0.0031281329619915,1.4586055757674504e-224,7.170679509779927e-224,1000345.0,222-22d@63s-nq7-6rk,2024-04-13 21:44:43,0.2958333333333333
0.738253766596314,0.0,0.0409515214311972,0.0,0.0,0.0038824617476361,0.0,0.0,1000346.0,222-22d@63s-nq7-6rk,2024-04-17 16:11:29,0.2393939393939394
0.738253766596314,0.0,0.0409515214311972,0.0,0.0,0.0038824617476361,0.0,0.0,1000346.0,222-22d@63s-nq7-6rk,2024-04-17 16:11:29,0.2393939393939394
0.9407948698311897,4.545932608678021e-291,0.0459571012063095,2.8333855893355792e-291,9.654665826961797e-290,0.0027615254714807,6.242211062165168e-291,5.546266458201924e-290,1000347.0,222-22d@63s-nq7-6rk,2022-11-10 12:40:44,0.0
0.9407948698311897,4.545932608678021e-291,0.0459571012063095,2.8333855893355792e-291,9.654665826961797e-290,0.0027615254714807,6.242211062165168e-291,5.546266458201924e-290,1000347.0,222-22d@63s-nq7-6rk,2022-11-10 12:40:44,0.0
0.9577071089628648,1.3053008869518288e-20,1.0501725440755288e-17,8.144151005831434e-21,1.3389699671386247e-20,2.886459351179473e-19,7.267426530518274e-21,1.1902918018948494e-20,1000348.0,222-22d@63s-nq7-6rk,2024-03-15 17:16:15,0.0833333333333333
0.9577071089628648,1.3053008869518288e-20,1.0501725440755288e-17,8.144151005831434e-21,1.3389699671386247e-20,2.886459351179473e-19,7.267426530518274e-21,1.1902918018948494e-20,1000348.0,222-22d@63s-nq7-6rk,2024-03-15 17:16:15,0.0833333333333333
0.645472059316773,0.0,0.0328306838802763,0.0,0.0,0.0030810428950894,0.0,0.0,1000349.0,222-22d@63s-nq7-6rk,2024-04-28 09:09:24,0.325
0.645472059316773,0.0,0.0328306838802763,0.0,0.0,0.0030810428950894,0.0,0.0,1000349.0,222-22d@63s-nq7-6rk,2024-04-28 09:09:24,0.325
0.5837528817024393,0.000701500322503,0.0339566077650931,0.0004376064066527,0.0005875029584486,0.0017916191371252,0.0003656459743504,0.0004883324281431,1000350.0,222-22d@63s-nq7-6rk,2024-01-22 19:27:56,0.6499999999999999
0.5837528817024393,0.000701500322503,0.0339566077650931,0.0004376064066527,0.0005875029584486,0.0017916191371252,0.0003656459743504,0.0004883324281431,1000350.0,222-22d@63s-nq7-6rk,2024-01-22 19:27:56,0.6499999999999999
0.9499715881498684,1.8300838522582967e-34,2.0396721345798227e-30,1.1543084016552356e-34,2.226906328964417e-34,1.0667529397766304e-32,1.203632615141303e-34,2.0760242189518926e-34,1000351.0,222-22d@63s-nq7-6rk,2017-02-20 00:04:33,0.35
0.9499715881498684,1.8300838522582967e-34,2.0396721345798227e-30,1.1543084016552356e-34,2.226906328964417e-34,1.0667529397766304e-32,1.203632615141303e-34,2.0760242189518926e-34,1000351.0,222-22d@63s-nq7-6rk,2017-02-20 00:04:33,0.35
0.999999998747228,1.4680022258769712e-52,7.263777461248566e-50,9.181131990208776e-53,1.4714559273618514e-52,2.3879971583121497e-51,8.1624053700730515e-53,1.32444501383867e-52,1000352.0,222-22d@63s-nq7-6rk,2024-06-02 04:09:30,0.1263333333333333
0.999999998747228,1.4680022258769712e-52,7.263777461248566e-50,9.181131990208776e-53,1.4714559273618514e-52,2.3879971583121497e-51,8.1624053700730515e-53,1.32444501383867e-52,1000352.0,222-22d@63s-nq7-6rk,2024-06-02 04:09:30,0.1263333333333333
0.999999998747228,1.4680022258769712e-52,7.263777461248566e-50,9.181131990208776e-53,1.4714559273618514e-52,2.3879971583121497e-51,8.1624053700730515e-53,1.32444501383867e-52,1000352.0,222-22d@63s-nq7-6rk,2024-06-02 04:09:30,0.1263333333333333
0.9255606464649068,7.72016866330671e-12,6.1186529015410245e-09,4.803873625526404e-12,7.876004917711346e-12,1.708872130163214e-10,4.3098879868052406e-12,7.144182992979632e-12,1000353.0,222-22d@63s-nq7-6rk,2024-05-26 20:02:11,-0.3
0.9255606464649068,7.72016866330671e-12,6.1186529015410245e-09,4.803873625526404e-12,7.876004917711346e-12,1.708872130163214e-10,4.3098879868052406e-12,7.144182992979632e-12,1000353.0,222-22d@63s-nq7-6rk,2024-05-26 20:02:11,-0.3
0.9255606464649068,7.72016866330671e-12,6.1186529015410245e-09,4.803873625526404e-12,7.876004917711346e-12,1.708872130163214e-10,4.3098879868052406e-12,7.144182992979632e-12,1000353.0,222-22d@63s-nq7-6rk,2024-05-26 20:02:11,-0.3
0.8345423738273815,3.892829475943314e-38,0.0484708837484502,2.442381311107908e-38,2.6816792772972457e-33,0.0019867974813187,1.1026850613280862e-37,5.104529550700651e-35,1000354.0,222-22d@63s-nq7-6rk,2024-03-20 10:59:44,0.5416666666666666
0.8345423738273815,3.892829475943314e-38,0.0484708837484502,2.442381311107908e-38,2.6816792772972457e-33,0.0019867974813187,1.1026850613280862e-37,5.104529550700651e-35,1000354.0,222-22d@63s-nq7-6rk,2024-03-20 10:59:44,0.5416666666666666
0.8345423738273815,3.892829475943314e-38,0.0484708837484502,2.442381311107908e-38,2.6816792772972457e-33,0.0019867974813187,1.1026850613280862e-37,5.104529550700651e-35,1000354.0,222-22d@63s-nq7-6rk,2024-03-20 10:59:44,0.5416666666666666
0.936625662959374,1.0496269481542245e-13,8.562614288864812e-11,6.573925118534294e-14,1.0882508717117013e-13,2.2424764170995656e-12,5.913117109643651e-14,9.713258273115713e-14,1000355.0,222-22d@63s-nq7-6rk,2024-04-03 18:16:08,-0.1091836734693878
0.936625662959374,1.0496269481542245e-13,8.562614288864812e-11,6.573925118534294e-14,1.0882508717117013e-13,2.2424764170995656e-12,5.913117109643651e-14,9.713258273115713e-14,1000355.0,222-22d@63s-nq7-6rk,2024-04-03 18:16:08,-0.1091836734693878
0.936625662959374,1.0496269481542245e-13,8.562614288864812e-11,6.573925118534294e-14,1.0882508717117013e-13,2.2424764170995656e-12,5.913117109643651e-14,9.713258273115713e-14,1000355.0,222-22d@63s-nq7-6rk,2024-04-03 18:16:08,-0.1091836734693878
0.980864219705805,2.2003598406588905e-45,1.7657485430207894e-42,1.3759596135748052e-45,2.2643422577871962e-45,4.754090649831305e-44,1.223061834399108e-45,2.006765233420524e-45,1000356.0,222-22d@63s-nq7-6rk,2024-04-12 22:18:18,0.2222222222222222
0.980864219705805,2.2003598406588905e-45,1.7657485430207894e-42,1.3759596135748052e-45,2.2643422577871962e-45,4.754090649831305e-44,1.223061834399108e-45,2.006765233420524e-45,1000356.0,222-22d@63s-nq7-6rk,2024-04-12 22:18:18,0.2222222222222222
0.980864219705805,2.2003598406588905e-45,1.7657485430207894e-42,1.3759596135748052e-45,2.2643422577871962e-45,4.754090649831305e-44,1.223061834399108e-45,2.006765233420524e-45,1000356.0,222-22d@63s-nq7-6rk,2024-04-12 22:18:18,0.2222222222222222
0.7579598890638903,5.807761101579082e-132,0.0287242111901741,3.643046441315165e-132,1.0180259638906797e-131,8.968704124750652e-127,4.14719683974287e-132,9.127115752389288e-132,1000357.0,222-22d@63s-nq7-6rk,2024-05-27 15:41:08,-0.1666666666666666
0.7579598890638903,5.807761101579082e-132,0.0287242111901741,3.643046441315165e-132,1.0180259638906797e-131,8.968704124750652e-127,4.14719683974287e-132,9.127115752389288e-132,1000357.0,222-22d@63s-nq7-6rk,2024-05-27 15:41:08,-0.1666666666666666
0.7579598890638903,5.807761101579082e-132,0.0287242111901741,3.643046441315165e-132,1.0180259638906797e-131,8.968704124750652e-127,4.14719683974287e-132,9.127115752389288e-132,1000357.0,222-22d@63s-nq7-6rk,2024-05-27 15:41:08,-0.1666666666666666
1.3754332819798688e-06,0.9999984142277436,1.357797709383439e-07,2.9654782764832486e-08,1.3738539153778956e-08,9.045354274144936e-09,3.849846363957174e-09,3.610044667913474e-09,1000358.0,222-22d@63s-nq7-6rk,2024-04-04 11:00:08,0.0
1.3754332819798688e-06,0.9999984142277436,1.357797709383439e-07,2.9654782764832486e-08,1.3738539153778956e-08,9.045354274144936e-09,3.849846363957174e-09,3.610044667913474e-09,1000358.0,222-22d@63s-nq7-6rk,2024-04-04 11:00:08,0.0
1.3754332819798688e-06,0.9999984142277436,1.357797709383439e-07,2.9654782764832486e-08,1.3738539153778956e-08,9.045354274144936e-09,3.849846363957174e-09,3.610044667913474e-09,1000358.0,222-22d@63s-nq7-6rk,2024-04-04 11:00:08,0.0
0.9999999986579736,0.0,0.0,0.0,0.0,0.0,0.0,0.0,1000359.0,222-22d@63s-nq7-6rk,2024-05-14 10:56:58,1.0
0.9999999986579736,0.0,0.0,0.0,0.0,0.0,0.0,0.0,1000359.0,222-22d@63s-nq7-6rk,2024-05-14 10:56:58,1.0
0.9999999986579736,0.0,0.0,0.0,0.0,0.0,0.0,0.0,1000359.0,222-22d@63s-nq7-6rk,2024-05-14 10:56:58,1.0
0.9907270635504944,1.2123520722102147e-93,1.0495482542592219e-90,7.629370452797182e-94,1.290593379166893e-93,2.516375420434581e-92,7.11529722645338e-94,1.1995167526234336e-93,1000360.0,222-22d@63s-nq7-6rk,2024-04-28 17:22:35,0.0888888888888889
5.2192679499537886e-11,0.9316297523015192,5.194599450128683e-12,1.5807312328337352e-12,6.62343247618631e-13,3.468286690957004e-13,1.47730204129843e-13,1.3721785905226814e-13,1000361.0,222-22d@63s-nq7-6rk,2023-10-23 17:15:04,0.0
5.2192679499537886e-11,0.9316297523015192,5.194599450128683e-12,1.5807312328337352e-12,6.62343247618631e-13,3.468286690957004e-13,1.47730204129843e-13,1.3721785905226814e-13,1000361.0,222-222@8sz-v45-3h5,2023-10-24 17:31:28,0.0
5.2192679499537886e-11,0.9316297523015192,5.194599450128683e-12,1.5807312328337352e-12,6.62343247618631e-13,3.468286690957004e-13,1.47730204129843e-13,1.3721785905226814e-13,1000361.0,222-22d@63s-nq7-6rk,2023-10-23 17:15:04,0.0
5.2192679499537886e-11,0.9316297523015192,5.194599450128683e-12,1.5807312328337352e-12,6.62343247618631e-13,3.468286690957004e-13,1.47730204129843e-13,1.3721785905226814e-13,1000361.0,zzy-222@5yy-b72-z9f,2023-10-30 05:34:16,0.0
5.2192679499537886e-11,0.9316297523015192,5.194599450128683e-12,1.5807312328337352e-12,6.62343247618631e-13,3.468286690957004e-13,1.47730204129843e-13,1.3721785905226814e-13,1000361.0,zzw-222@5z4-zcb-c3q,2023-08-21 21:06:42,0.0
5.2192679499537886e-11,0.9316297523015192,5.194599450128683e-12,1.5807312328337352e-12,6.62343247618631e-13,3.468286690957004e-13,1.47730204129843e-13,1.3721785905226814e-13,1000361.0,222-222@5z8-h2m-whq,2023-05-17 15:25:51,0.0
5.2192679499537886e-11,0.9316297523015192,5.194599450128683e-12,1.5807312328337352e-12,6.62343247618631e-13,3.468286690957004e-13,1.47730204129843e-13,1.3721785905226814e-13,1000361.0,222-22d@63s-nq7-6rk,2023-10-23 17:15:04,0.0
5.2192679499537886e-11,0.9316297523015192,5.194599450128683e-12,1.5807312328337352e-12,6.62343247618631e-13,3.468286690957004e-13,1.47730204129843e-13,1.3721785905226814e-13,1000361.0,zzy-222@5yy-b72-z9f,2023-10-30 05:34:16,0.0
0.9999999987801202,4.75841594906256e-222,1.9124895698307803e-219,2.9918015377845124e-222,4.783136700677991e-222,6.451946172395345e-221,2.699688527004131e-222,4.424368698834757e-222,1000362.0,222-22d@63s-nq7-6rk,2024-05-26 03:15:37,0.2888888888888889
0.9999999987801202,4.75841594906256e-222,1.9124895698307803e-219,2.9918015377845124e-222,4.783136700677991e-222,6.451946172395345e-221,2.699688527004131e-222,4.424368698834757e-222,1000362.0,222-22d@63s-nq7-6rk,2024-05-26 03:15:37,0.2888888888888889
0.9999999987801202,4.75841594906256e-222,1.9124895698307803e-219,2.9918015377845124e-222,4.783136700677991e-222,6.451946172395345e-221,2.699688527004131e-222,4.424368698834757e-222,1000362.0,222-22d@63s-nq7-6rk,2024-05-26 03:15:37,0.2888888888888889
0.9933996481601188,1.1820568366414069e-131,1.0227420560223711e-128,7.434450455546948e-132,1.2599168768914368e-131,2.439400098781477e-130,6.94291724325241e-132,1.1476783339578873e-131,1000363.0,222-22d@63s-nq7-6rk,2024-04-08 00:12:04,0.2222222222222222
0.9933996481601188,1.1820568366414069e-131,1.0227420560223711e-128,7.434450455546948e-132,1.2599168768914368e-131,2.439400098781477e-130,6.94291724325241e-132,1.1476783339578873e-131,1000363.0,222-22d@63s-nq7-6rk,2024-04-08 00:12:04,0.2222222222222222
0.9933996481601188,1.1820568366414069e-131,1.0227420560223711e-128,7.434450455546948e-132,1.2599168768914368e-131,2.439400098781477e-130,6.94291724325241e-132,1.1476783339578873e-131,1000363.0,222-22d@63s-nq7-6rk,2024-04-08 00:12:04,0.2222222222222222
0.999997223814803,5.6349369416031554e-08,2.2313326720368854e-06,3.539778238349525e-08,4.1062211268277144e-08,1.1008693772232309e-07,2.646233514560708e-08,3.509818068064221e-08,1000364.0,222-22d@63s-nq7-6rk,2024-01-11 15:51:20,-0.1697278911564625
0.999997223814803,5.6349369416031554e-08,2.2313326720368854e-06,3.539778238349525e-08,4.1062211268277144e-08,1.1008693772232309e-07,2.646233514560708e-08,3.509818068064221e-08,1000364.0,222-22d@63s-nq7-6rk,2024-01-11 15:51:20,-0.1697278911564625
0.999997223814803,5.6349369416031554e-08,2.2313326720368854e-06,3.539778238349525e-08,4.1062211268277144e-08,1.1008693772232309e-07,2.646233514560708e-08,3.509818068064221e-08,1000364.0,222-22d@63s-nq7-6rk,2024-01-11 15:51:20,-0.1697278911564625
0.0998711942300956,1.1656683295336884e-39,0.0070603499736956,7.281252952572535e-40,0.0001836167309442,0.000248353361902,5.242522725747983e-38,0.0002497817756207,1000365.0,222-22d@63s-nq7-6rk,2023-12-09 23:22:12,0.1291666666666666
0.0998711942300956,1.1656683295336884e-39,0.0070603499736956,7.281252952572535e-40,0.0001836167309442,0.000248353361902,5.242522725747983e-38,0.0002497817756207,1000365.0,222-22d@63s-nq7-6rk,2023-12-09 23:22:12,0.1291666666666666
0.0998711942300956,1.1656683295336884e-39,0.0070603499736956,7.281252952572535e-40,0.0001836167309442,0.000248353361902,5.242522725747983e-38,0.0002497817756207,1000365.0,222-22d@63s-nq7-6rk,2023-12-09 23:22:12,0.1291666666666666
0.8790497951667745,8.112426926991976e-113,0.0275303007847473,5.100050549951869e-113,1.6046609109763008e-112,7.78830548999951e-106,6.252204879972062e-113,1.5359722947424184e-112,1000366.0,222-22d@63s-nq7-6rk,2020-02-26 18:44:30,0.2087962962962963
0.8790497951667745,8.112426926991976e-113,0.0275303007847473,5.100050549951869e-113,1.6046609109763008e-112,7.78830548999951e-106,6.252204879972062e-113,1.5359722947424184e-112,1000366.0,222-22d@63s-nq7-6rk,2020-02-26 18:44:30,0.2087962962962963
0.8790497951667745,8.112426926991976e-113,0.0275303007847473,5.100050549951869e-113,1.6046609109763008e-112,7.78830548999951e-106,6.252204879972062e-113,1.5359722947424184e-112,1000366.0,222-22d@63s-nq7-6rk,2020-02-26 18:44:30,0.2087962962962963
0.8574810714576255,1.909888166538807e-205,0.0553666283836617,1.1970734995362332e-205,2.4121829253883533e-139,0.002168652668865,1.1864678657567957e-204,6.598140630689734e-196,1000367.0,222-22d@63s-nq7-6rk,2024-05-15 12:48:57,0.2556818181818182
0.8574810714576255,1.909888166538807e-205,0.0553666283836617,1.1970734995362332e-205,2.4121829253883533e-139,0.002168652668865,1.1864678657567957e-204,6.598140630689734e-196,1000367.0,222-22d@63s-nq7-6rk,2024-05-15 12:48:57,0.2556818181818182
0.8574810714576255,1.909888166538807e-205,0.0553666283836617,1.1970734995362332e-205,2.4121829253883533e-139,0.002168652668865,1.1864678657567957e-204,6.598140630689734e-196,1000367.0,222-22d@63s-nq7-6rk,2024-05-15 12:48:57,0.2556818181818182
0.4819663812993802,1.710945957083462e-206,0.0282959143027034,1.0780892904239488e-206,3.3073080263434125e-204,0.0012158980182433,3.280636250186121e-206,9.851926714599823e-205,1000368.0,222-22d@63s-nq7-6rk,2024-02-13 06:57:57,0.675
0.4819663812993802,1.710945957083462e-206,0.0282959143027034,1.0780892904239488e-206,3.3073080263434125e-204,0.0012158980182433,3.280636250186121e-206,9.851926714599823e-205,1000368.0,222-22d@63s-nq7-6rk,2024-02-13 06:57:57,0.675
0.4819663812993802,1.710945957083462e-206,0.0282959143027034,1.0780892904239488e-206,3.3073080263434125e-204,0.0012158980182433,3.280636250186121e-206,9.851926714599823e-205,1000368.0,222-22d@63s-nq7-6rk,2024-02-13 06:57:57,0.675
0.6043940028209891,1.5854149302888434e-243,2.5776875948071218e-17,9.894007059467128e-244,4.17862603850252e-243,2.4722947772786143e-202,1.2500278010019105e-243,5.572861187702414e-243,1000369.0,222-22d@63s-nq7-6rk,2023-07-11 19:53:04,0.7
0.6043940028209891,1.5854149302888434e-243,2.5776875948071218e-17,9.894007059467128e-244,4.17862603850252e-243,2.4722947772786143e-202,1.2500278010019105e-243,5.572861187702414e-243,1000369.0,222-22d@63s-nq7-6rk,2023-07-11 19:53:04,0.7
0.6043940028209891,1.5854149302888434e-243,2.5776875948071218e-17,9.894007059467128e-244,4.17862603850252e-243,2.4722947772786143e-202,1.2500278010019105e-243,5.572861187702414e-243,1000369.0,222-22d@63s-nq7-6rk,2023-07-11 19:53:04,0.7
0.5527360325641071,0.0014176697276361,0.0404700137448368,0.000893417451342,0.0010185066912609,0.0016994813670317,0.0006999435432839,0.0008139840329976,1000370.0,222-22d@63s-nq7-6rk,2017-07-31 10:23:03,0.0541666666666666
0.5527360325641071,0.0014176697276361,0.0404700137448368,0.000893417451342,0.0010185066912609,0.0016994813670317,0.0006999435432839,0.0008139840329976,1000370.0,222-22d@63s-nq7-6rk,2017-07-31 10:23:03,0.0541666666666666
0.5527360325641071,0.0014176697276361,0.0404700137448368,0.000893417451342,0.0010185066912609,0.0016994813670317,0.0006999435432839,0.0008139840329976,1000370.0,222-22d@63s-nq7-6rk,2017-07-31 10:23:03,0.0541666666666666
0.9024558992728152,0.0,0.0436839931523559,0.0,0.0,0.0043329849001643,0.0,0.0,1000371.0,222-22d@63s-nq7-6rk,2024-05-19 10:28:54,0.2892361111111111
0.9024558992728152,0.0,0.0436839931523559,0.0,0.0,0.0043329849001643,0.0,0.0,1000371.0,222-22d@63s-nq7-6rk,2024-05-19 10:28:54,0.2892361111111111
0.986160589841784,1.9930741446028664e-255,6.30789705658353e-248,1.2415626129859245e-255,2.613815968474801e-255,8.677688626947357e-253,1.2439399791308178e-255,2.408489383140296e-255,1000372.0,222-22d@63s-nq7-6rk,2024-03-28 23:36:49,-0.0142857142857142
0.986160589841784,1.9930741446028664e-255,6.30789705658353e-248,1.2415626129859245e-255,2.613815968474801e-255,8.677688626947357e-253,1.2439399791308178e-255,2.408489383140296e-255,1000372.0,222-22d@63s-nq7-6rk,2024-03-28 23:36:49,-0.0142857142857142
0.1003973924798933,1.2037565068252399e-286,0.0051752198483673,7.55624726938831e-287,6.227425434291635e-285,0.0002829215347122,1.926424156337051e-286,2.8050826289062773e-285,1000373.0,222-22d@63s-nq7-6rk,2024-05-15 14:42:02,0.3374999999999999
0.1003973924798933,1.2037565068252399e-286,0.0051752198483673,7.55624726938831e-287,6.227425434291635e-285,0.0002829215347122,1.926424156337051e-286,2.8050826289062773e-285,1000373.0,222-22d@63s-nq7-6rk,2024-05-15 14:42:02,0.3374999999999999
0.999999999004418,0.0,0.0,0.0,0.0,0.0,0.0,0.0,1000374.0,222-22d@63s-nq7-6rk,2024-01-20 15:44:10,0.2202380952380952
0.999999999004418,0.0,0.0,0.0,0.0,0.0,0.0,0.0,1000374.0,222-22d@63s-nq7-6rk,2024-01-20 15:44:10,0.2202380952380952
0.9564489041795122,5.894625841585854e-20,4.8493442551060633e-17,3.7033308107753653e-20,6.175132556946173e-20,1.2166669463197073e-18,3.37575922178663e-20,5.585154481379849e-20,1000375.0,222-22d@63s-nq7-6rk,2024-02-25 19:22:19,-0.0166666666666666
0.9564489041795122,5.894625841585854e-20,4.8493442551060633e-17,3.7033308107753653e-20,6.175132556946173e-20,1.2166669463197073e-18,3.37575922178663e-20,5.585154481379849e-20,1000375.0,222-22d@63s-nq7-6rk,2024-02-25 19:22:19,-0.0166666666666666
0.7049252870985847,2.784473097724671e-138,0.0345106849282454,1.7287828767254306e-138,9.782496026414153e-136,0.0018304887970044,5.075557785274858e-138,2.2184562966749807e-136,1000376.0,222-22d@63s-nq7-6rk,2016-10-20 14:20:53,0.3
0.7049252870985847,2.784473097724671e-138,0.0345106849282454,1.7287828767254306e-138,9.782496026414153e-136,0.0018304887970044,5.075557785274858e-138,2.2184562966749807e-136,1000376.0,222-22d@63s-nq7-6rk,2016-10-20 14:20:53,0.3
0.91872293992436,0.0,0.0413895482710469,0.0,0.0,0.0035665234399148,0.0,0.0,1000377.0,222-22d@63s-nq7-6rk,2024-04-21 20:11:26,0.0
0.91872293992436,0.0,0.0413895482710469,0.0,0.0,0.0035665234399148,0.0,0.0,1000377.0,222-22d@63s-nq7-6rk,2024-04-21 20:11:26,0.0
0.9999999989310208,4.600667080697027e-43,4.282542796395664e-41,2.8904062607180737e-43,3.953614012493916e-43,2.0504511741743924e-42,2.3939213336476725e-43,3.58156987954845e-43,1000378.0,222-22d@63s-nq7-6rk,2024-04-08 01:49:57,0.6166666666666667
0.9999999989310208,4.600667080697027e-43,4.282542796395664e-41,2.8904062607180737e-43,3.953614012493916e-43,2.0504511741743924e-42,2.3939213336476725e-43,3.58156987954845e-43,1000378.0,222-22d@63s-nq7-6rk,2024-04-08 01:49:57,0.6166666666666667
0.3884362776688482,0.0,0.0234622798961192,0.0,0.0,0.0010014308303405,0.0,0.0,1000379.0,222-22d@63s-nq7-6rk,2023-10-30 17:22:46,0.2069444444444444
0.3884362776688482,0.0,0.0234622798961192,0.0,0.0,0.0010014308303405,0.0,0.0,1000379.0,222-22d@63s-nq7-6rk,2023-10-30 17:22:46,0.2069444444444444
0.9999999986161006,3.899372200634506e-275,1.5991954118254348e-272,2.45863079665283e-275,4.598721183992073e-275,1.269191491188028e-273,2.4307441656794358e-275,4.691560049417916e-275,1000380.0,222-22d@63s-nq7-6rk,2024-04-26 06:28:24,0.9333333333333332
0.9999999986161006,3.899372200634506e-275,1.5991954118254348e-272,2.45863079665283e-275,4.598721183992073e-275,1.269191491188028e-273,2.4307441656794358e-275,4.691560049417916e-275,1000380.0,222-22d@63s-nq7-6rk,2024-04-26 06:28:24,0.9333333333333332
0.9120546463650216,0.0,0.0404078109900521,0.0,0.0,0.0036585639887659,0.0,0.0,1000381.0,222-22d@63s-nq7-6rk,2021-02-24 16:21:07,0.1115740740740741
0.9120546463650216,0.0,0.0404078109900521,0.0,0.0,0.0036585639887659,0.0,0.0,1000381.0,222-22d@63s-nq7-6rk,2021-02-24 16:21:07,0.1115740740740741
0.9140959294079776,5.3238594523765854e-104,0.0547510938130949,3.346735767044643e-104,1.8128189138848057e-103,0.0048951000466687,4.83849110006129e-104,1.660903814223482e-103,1000382.0,222-22d@63s-nq7-6rk,2020-03-01 21:42:49,0.2777777777777778
0.9140959294079776,5.3238594523765854e-104,0.0547510938130949,3.346735767044643e-104,1.8128189138848057e-103,0.0048951000466687,4.83849110006129e-104,1.660903814223482e-103,1000382.0,222-22d@63s-nq7-6rk,2020-03-01 21:42:49,0.2777777777777778
0.9423982356939168,3.2766378030361946e-15,2.5733327966232455e-12,2.0468355964508887e-15,3.3583304176310832e-15,7.028392199924776e-14,1.780568021661727e-15,2.915897720194652e-15,1000383.0,222-22d@63s-nq7-6rk,2024-05-08 15:46:48,0.35
0.9423982356939168,3.2766378030361946e-15,2.5733327966232455e-12,2.0468355964508887e-15,3.3583304176310832e-15,7.028392199924776e-14,1.780568021661727e-15,2.915897720194652e-15,1000383.0,222-22d@63s-nq7-6rk,2024-05-08 15:46:48,0.35
0.923054963355136,1.6864113406618323e-248,0.0535462113094956,1.060499910983909e-248,7.280710872987904e-248,0.0043173961449106,1.8041636262159777e-248,6.0332631751726185e-248,1000384.0,222-22d@63s-nq7-6rk,2022-05-30 11:45:33,0.3718614718614718
0.923054963355136,1.6864113406618323e-248,0.0535462113094956,1.060499910983909e-248,7.280710872987904e-248,0.0043173961449106,1.8041636262159777e-248,6.0332631751726185e-248,1000384.0,222-22d@63s-nq7-6rk,2022-05-30 11:45:33,0.3718614718614718
0.0114372062754713,0.0,0.0007654414204041,0.0,2.1481637115648907e-05,2.6036142215840385e-05,0.0,2.999677074176212e-05,1000385.0,222-22d@63s-nq7-6rk,2024-03-01 15:58:26,0.1733333333333333
0.0114372062754713,0.0,0.0007654414204041,0.0,2.1481637115648907e-05,2.6036142215840385e-05,0.0,2.999677074176212e-05,1000385.0,222-22d@63s-nq7-6rk,2024-03-01 15:58:26,0.1733333333333333
0.9375347876440888,4.440672445198828e-14,3.888504893403828e-11,2.7922683093725712e-14,4.7522206638580854e-14,9.16874831858511e-13,2.633337624161717e-14,4.1902391082680337e-14,1000386.0,222-22d@63s-nq7-6rk,2024-01-15 05:41:27,0.2875
0.9375347876440888,4.440672445198828e-14,3.888504893403828e-11,2.7922683093725712e-14,4.7522206638580854e-14,9.16874831858511e-13,2.633337624161717e-14,4.1902391082680337e-14,1000386.0,222-22d@63s-nq7-6rk,2024-01-15 05:41:27,0.2875
0.930867722805648,0.0,0.0486151176937378,0.0,0.0,0.0049672380081898,0.0,0.0,1000387.0,222-22d@63s-nq7-6rk,2023-12-27 15:08:11,0.3333333333333333
0.930867722805648,0.0,0.0486151176937378,0.0,0.0,0.0049672380081898,0.0,0.0,1000387.0,222-22d@63s-nq7-6rk,2023-12-27 15:08:11,0.3333333333333333
0.7012671392751837,1.4442580959844673e-262,0.0362653332268033,9.071855133109937e-263,4.149892476802805e-261,0.0022554389092621,2.0084787023804064e-262,2.0108691246519428e-261,1000388.0,222-22d@63s-nq7-6rk,2024-01-01 11:19:55,0.6166666666666667
0.7012671392751837,1.4442580959844673e-262,0.0362653332268033,9.071855133109937e-263,4.149892476802805e-261,0.0022554389092621,2.0084787023804064e-262,2.0108691246519428e-261,1000388.0,222-22d@63s-nq7-6rk,2024-01-01 11:19:55,0.6166666666666667
0.9999999986410256,2.295857777673937e-12,1.9466748192642936e-10,1.4339770085135949e-12,1.9087249528707574e-12,1.0551885355155958e-11,1.1301843620271405e-12,1.6261078936118114e-12,1000389.0,222-22d@63s-nq7-6rk,2023-10-01 01:32:05,-0.1535714285714285
0.9999999986410256,2.295857777673937e-12,1.9466748192642936e-10,1.4339770085135949e-12,1.9087249528707574e-12,1.0551885355155958e-11,1.1301843620271405e-12,1.6261078936118114e-12,1000389.0,222-22d@63s-nq7-6rk,2023-10-01 01:32:05,-0.1535714285714285
0.9999999991053282,0.0,0.0,0.0,0.0,0.0,0.0,0.0,1000390.0,222-22d@63s-nq7-6rk,2023-07-22 15:48:21,0.5242424242424243
0.9999999991053282,0.0,0.0,0.0,0.0,0.0,0.0,0.0,1000390.0,222-22d@63s-nq7-6rk,2023-07-22 15:48:21,0.5242424242424243
0.4517674227291114,0.0,0.0192751254173651,0.0,0.0,0.0016206663003591,0.0,0.0,1000391.0,222-22d@63s-nq7-6rk,2024-06-02 06:01:11,0.1166666666666666
0.575816502971908,0.0006972630218682,0.0345623610177744,0.0004356737944146,0.0005892213772264,0.0017790397926482,0.0003699228460311,0.0004919157754286,1000392.0,222-22d@63s-nq7-6rk,2024-04-02 15:34:21,0.1666666666666666
0.9871710848162344,0.0,0.0,0.0,0.0,0.0,0.0,0.0,1000393.0,222-22d@63s-nq7-6rk,2024-04-10 10:12:29,0.1555555555555555
0.7632184252977934,5.206846401828645e-05,0.0217237683348475,3.2641822687899265e-05,5.207115218177788e-05,0.0008534286778604,2.878591162448692e-05,4.53824907216345e-05,1000394.0,222-22d@63s-nq7-6rk,2024-02-09 18:52:32,0.2180871212121212
0.7578395807341809,1.08273740695567e-174,0.0301373615605889,6.75694412785153e-175,1.8622899114365166e-174,1.918771954339137e-169,7.453250445735142e-175,1.612821221595256e-174,1000395.0,222-22d@63s-nq7-6rk,2023-12-20 00:52:59,0.5995454545454546
0.8536612478211721,0.0,0.0530428278395701,0.0,0.0,0.0,0.0,0.0,1000396.0,222-22d@63s-nq7-6rk,2022-10-18 18:06:57,0.1795454545454545
0.9999999981289132,0.0,0.0,0.0,0.0,0.0,0.0,0.0,1000397.0,222-22d@63s-nq7-6rk,2023-12-29 20:32:24,-0.1277777777777778
0.8707884668204017,9.371316163337804e-07,5.027620170860368e-05,5.863769948799594e-07,7.525669792687656e-07,5.171632630955937e-06,4.306895275834098e-07,6.129754025478553e-07,1000398.0,222-22d@63s-nq7-6rk,2022-07-16 14:32:39,0.3083333333333333
0.8773176446159083,6.460976433574751e-59,0.0779469661870065,4.019443583118791e-59,1.4327853967847966e-58,7.11692162630864e-45,4.811372733048803e-59,1.2690124179910313e-58,1000399.0,222-22d@63s-nq7-6rk,2024-02-10 15:46:58,-0.1075
0.9999999989353076,1.9641756092621401e-53,1.7448456848304158e-51,1.228150549631082e-53,1.6544171658152732e-53,9.06731743591528e-53,1.0044675434469956e-53,1.4619183318161783e-53,1000400.0,222-22d@63s-nq7-6rk,2024-03-13 02:31:14,-0.5767045454545454
0.9999999989353076,1.9641756092621401e-53,1.7448456848304158e-51,1.228150549631082e-53,1.6544171658152732e-53,9.06731743591528e-53,1.0044675434469956e-53,1.4619183318161783e-53,1000400.0,222-22d@63s-nq7-6rk,2024-03-13 02:31:14,-0.5767045454545454
0.9999999989353076,1.9641756092621401e-53,1.7448456848304158e-51,1.228150549631082e-53,1.6544171658152732e-53,9.06731743591528e-53,1.0044675434469956e-53,1.4619183318161783e-53,1000400.0,222-22d@63s-nq7-6rk,2024-03-13 02:31:14,-0.5767045454545454
0.0155125271474082,5.88180917061274e-187,0.0009756686848993,3.6817386252973215e-187,2.925907640955104e-05,3.6670153338341976e-05,3.862180816557064e-186,1.8358132344991524e-175,1000401.0,222-22d@63s-nq7-6rk,2024-01-03 23:17:45,0.0108225108225108
0.0155125271474082,5.88180917061274e-187,0.0009756686848993,3.6817386252973215e-187,2.925907640955104e-05,3.6670153338341976e-05,3.862180816557064e-186,1.8358132344991524e-175,1000401.0,222-22d@63s-nq7-6rk,2024-01-03 23:17:45,0.0108225108225108
0.0155125271474082,5.88180917061274e-187,0.0009756686848993,3.6817386252973215e-187,2.925907640955104e-05,3.6670153338341976e-05,3.862180816557064e-186,1.8358132344991524e-175,1000401.0,222-22d@63s-nq7-6rk,2024-01-03 23:17:45,0.0108225108225108
0.9999999987699452,1.5996175679272892e-71,6.198286382430531e-69,1.0003704873956698e-71,1.5777758054749494e-71,2.2562324950243285e-70,8.780120899270903e-72,1.3870796633852666e-71,1000402.0,222-22d@63s-nq7-6rk,2024-03-01 16:59:52,0.5
0.9999999987699452,1.5996175679272892e-71,6.198286382430531e-69,1.0003704873956698e-71,1.5777758054749494e-71,2.2562324950243285e-70,8.780120899270903e-72,1.3870796633852666e-71,1000402.0,222-22d@63s-nq7-6rk,2024-03-01 16:59:52,0.5
0.9999999987699452,1.5996175679272892e-71,6.198286382430531e-69,1.0003704873956698e-71,1.5777758054749494e-71,2.2562324950243285e-70,8.780120899270903e-72,1.3870796633852666e-71,1000402.0,222-22d@63s-nq7-6rk,2024-03-01 16:59:52,0.5
0.8747553778199004,6.753447425876952e-77,0.0284653617520628,4.2427895024922456e-77,1.3329242788359847e-76,6.259779290736754e-70,5.173789960049466e-77,1.1955143650838659e-76,1000403.0,222-22d@63s-nq7-6rk,2023-10-28 20:43:34,0.475
0.8747553778199004,6.753447425876952e-77,0.0284653617520628,4.2427895024922456e-77,1.3329242788359847e-76,6.259779290736754e-70,5.173789960049466e-77,1.1955143650838659e-76,1000403.0,222-22d@63s-nq7-6rk,2023-10-28 20:43:34,0.475
0.8747553778199004,6.753447425876952e-77,0.0284653617520628,4.2427895024922456e-77,1.3329242788359847e-76,6.259779290736754e-70,5.173789960049466e-77,1.1955143650838659e-76,1000403.0,222-22d@63s-nq7-6rk,2023-10-28 20:43:34,0.475
0.9999999992159648,0.0,0.0,0.0,0.0,0.0,0.0,0.0,1000404.0,222-22d@63s-nq7-6rk,2024-04-21 22:12:26,0.3
0.9999999992159648,0.0,0.0,0.0,0.0,0.0,0.0,0.0,1000404.0,222-22d@63s-nq7-6rk,2024-04-21 22:12:26,0.3
0.9999999992159648,0.0,0.0,0.0,0.0,0.0,0.0,0.0,1000404.0,222-22d@63s-nq7-6rk,2024-04-21 22:12:26,0.3
0.9185134902419084,0.0,0.045024267594067,0.0,0.0,0.005391171053802,0.0,0.0,1000405.0,222-22d@63s-nq7-6rk,2023-12-10 18:32:08,0.0
0.9185134902419084,0.0,0.045024267594067,0.0,0.0,0.005391171053802,0.0,0.0,1000405.0,222-22d@63s-nq7-6rk,2023-12-10 18:32:08,0.0
0.9185134902419084,0.0,0.045024267594067,0.0,0.0,0.005391171053802,0.0,0.0,1000405.0,222-22d@63s-nq7-6rk,2023-12-10 18:32:08,0.0
0.6582488207271883,2.4231884636243958e-263,0.021834516506001,1.5242955301241347e-263,4.684727580741705e-263,5.930885018429088e-257,1.861332993657131e-263,4.294851101961805e-263,1000406.0,222-22d@63s-nq7-6rk,2023-10-10 12:51:55,0.40625
0.6582488207271883,2.4231884636243958e-263,0.021834516506001,1.5242955301241347e-263,4.684727580741705e-263,5.930885018429088e-257,1.861332993657131e-263,4.294851101961805e-263,1000406.0,222-22d@63s-nq7-6rk,2023-10-10 12:51:55,0.40625
0.6582488207271883,2.4231884636243958e-263,0.021834516506001,1.5242955301241347e-263,4.684727580741705e-263,5.930885018429088e-257,1.861332993657131e-263,4.294851101961805e-263,1000406.0,222-22d@63s-nq7-6rk,2023-10-10 12:51:55,0.40625
0.2798095683412281,0.0,0.0110389945159052,0.0,0.0,0.0010532611568629,0.0,0.0,1000407.0,222-22d@63s-nq7-6rk,2024-05-25 22:34:47,-1.0
0.2798095683412281,0.0,0.0110389945159052,0.0,0.0,0.0010532611568629,0.0,0.0,1000407.0,222-22d@63s-nq7-6rk,2024-05-25 22:34:47,-1.0
0.2798095683412281,0.0,0.0110389945159052,0.0,0.0,0.0010532611568629,0.0,0.0,1000407.0,222-22d@63s-nq7-6rk,2024-05-25 22:34:47,-1.0
0.9563411594851208,6.841513632901485e-20,5.49370482115134e-17,4.2723423550010364e-20,7.048090345333787e-20,1.46340923291114e-18,3.847612054459292e-20,6.239016665621096e-20,1000408.0,222-22d@63s-nq7-6rk,2022-11-13 02:50:11,0.0666666666666666
0.9563411594851208,6.841513632901485e-20,5.49370482115134e-17,4.2723423550010364e-20,7.048090345333787e-20,1.46340923291114e-18,3.847612054459292e-20,6.239016665621096e-20,1000408.0,222-22d@63s-nq7-6rk,2022-11-13 02:50:11,0.0666666666666666
0.9563411594851208,6.841513632901485e-20,5.49370482115134e-17,4.2723423550010364e-20,7.048090345333787e-20,1.46340923291114e-18,3.847612054459292e-20,6.239016665621096e-20,1000408.0,222-22d@63s-nq7-6rk,2022-11-13 02:50:11,0.0666666666666666
0.9893241157622836,0.000255379732357,0.0084203032687559,0.0001599123848315,0.0001770464902174,0.0004287543155265,0.0001153880994929,0.0001483193279683,1000409.0,222-22d@63s-nq7-6rk,2024-06-01 23:40:39,-0.0166666666666666
7.42940326733515e-10,0.9999999983939106,7.367640705093049e-11,1.9066136137336656e-11,8.445119358307119e-12,4.903002543157412e-12,2.09416401398706e-12,1.950816153519837e-12,1000410.0,222-22d@63s-nq7-6rk,2023-12-25 01:18:09,0.0
0.8859600828452076,0.0,0.0475376744241512,0.0,0.0,0.0062027141905518,0.0,0.0,1000411.0,222-22d@63s-nq7-6rk,2023-12-01 14:54:52,0.325
0.6581365618336434,3.093791209312995e-198,0.0211994380259054,1.946103024283223e-198,6.013004474097653e-198,7.889981160396648e-192,2.379370524825332e-198,5.592309076270559e-198,1000412.0,222-22d@63s-nq7-6rk,2024-04-28 13:29:46,0.3666666666666667
0.9254028943630452,1.5175742059461924e-11,1.3797260552772108e-08,9.557400037035534e-12,1.6367180312888264e-11,3.168966104240465e-10,9.188235715390314e-12,1.5656529836239362e-11,1000413.0,222-22d@63s-nq7-6rk,2023-09-06 11:56:31,0.2375
0.999993547840267,1.570461327604668e-07,5.068103749040035e-06,9.820063626864769e-08,1.0804623042354241e-07,2.635860780909667e-07,6.998888837043888e-08,8.963632613302156e-08,1000414.0,222-22d@63s-nq7-6rk,2024-01-16 16:17:17,-0.0218421052631578
0.8944506303896749,2.097971471170162e-08,1.6893294355976045e-05,1.3084267337693349e-08,2.1562147011038648e-08,4.5967267704284e-07,1.1713967778575661e-08,1.9521878499441544e-08,1000415.0,222-22d@63s-nq7-6rk,2024-03-15 21:50:16,-0.2416666666666666
0.8168795790770556,2.83330363546209e-24,1.894499622909566e-20,1.7661547232688486e-24,3.804516009866e-24,2.15766671186876e-21,1.68587059444449e-24,3.3583169534113795e-24,1000416.0,222-22d@63s-nq7-6rk,2024-04-27 16:47:02,0.1952380952380952
0.6909146880019779,4.307484513496814e-36,0.0453079868531983,2.703577166663251e-36,0.0012644049498471,0.0016832911212913,4.231320390957239e-35,5.6545908491304057e-08,1000417.0,222-22d@63s-nq7-6rk,2024-04-06 13:29:29,0.2801948051948052
0.6594003268023441,0.0,0.0224119886948061,0.0,0.0,0.0,0.0,0.0,1000418.0,222-22d@63s-nq7-6rk,2022-08-05 14:11:34,0.0666666666666666
0.9825379726869986,2.398773704259428e-123,8.035945994640706e-116,1.5043390634195888e-123,3.236066527682844e-123,1.0097392696056538e-120,1.523220324702913e-123,2.9721466742264687e-123,1000419.0,222-22d@63s-nq7-6rk,2024-04-04 13:40:38,0.05
0.8393348726397016,3.023985157672194e-232,0.0370703825649519,1.8831261004772464e-232,1.5857153100035279e-230,0.0022969327415359,4.570574468375892e-232,6.943139936162437e-231,1000420.0,222-22d@63s-nq7-6rk,2024-02-03 16:09:29,-0.1819444444444444
0.9999971918916069,5.649370888684493e-08,2.2594617920824345e-06,3.5493164998649686e-08,4.126056769773517e-08,1.1100410549887737e-07,2.6690479321472207e-08,3.557569738948067e-08,1000421.0,222-22d@63s-nq7-6rk,2024-02-28 02:47:08,0.2951136363636363
0.8240731711666294,4.14247371515289e-06,0.0203676745211252,2.5819479736176764e-06,0.0006108528930241,0.000763869103434,8.601901839161972e-06,0.0003896071302845,1000422.0,222-22d@63s-nq7-6rk,2024-04-22 16:17:05,-1.3877787807814457e-17
0.999999998790847,0.0,0.0,0.0,0.0,0.0,0.0,0.0,1000423.0,222-22d@63s-nq7-6rk,2024-05-20 02:31:11,0.5
0.8786684604197255,1.921540257302453e-86,1.2399115588629536e-80,1.2025333394951285e-86,2.4316339862754466e-86,3.7271513992419513e-84,1.1964549409749532e-86,2.2131834372956467e-86,1000424.0,222-22d@63s-nq7-6rk,2024-04-21 13:51:31,0.7625
0.9487037281163846,4.8383164940207616e-17,3.7872121760602876e-14,3.006808924073724e-17,4.914239435032241e-17,1.07123034579803e-15,2.698390296600848e-17,4.4252239622567104e-17,1000425.0,222-22d@63s-nq7-6rk,2024-05-27 22:09:20,-0.2625
0.9641123805495324,3.01510305831622e-24,2.537336683427982e-21,1.892909545975539e-24,3.164196000590736e-24,6.40787798890909e-23,1.7211032568744936e-24,2.822659595043202e-24,1000426.0,222-22d@63s-nq7-6rk,2022-07-19 08:34:01,0.2055555555555555
0.9999999992159648,0.0,0.0,0.0,0.0,0.0,0.0,0.0,1000427.0,222-22d@63s-nq7-6rk,2024-05-22 23:34:02,-0.25
0.094317786043976,2.048306692655483e-13,0.0061772560244754,1.2746298944304428e-13,0.0001722169351668,0.0002185053675132,9.644945471001525e-12,0.0002316322115808,1000428.0,222-22d@63s-nq7-6rk,2023-12-03 21:39:00,-0.261111111111111
0.3869469196160628,0.0,0.0243647282480078,0.0,0.0,0.0010616198297556,0.0,0.0,1000429.0,222-22d@63s-nq7-6rk,2024-02-22 22:44:57,0.4507575757575758
0.9999999985350984,0.0,0.0,0.0,0.0,0.0,0.0,0.0,1000430.0,222-22d@63s-nq7-6rk,2024-01-19 00:57:15,0.6773809523809523
0.9272236088845898,5.885383434238881e-12,4.738882295152671e-09,3.6752904824331016e-12,6.057936810342615e-12,1.2830426485565648e-10,3.262916525781911e-12,5.402899776757738e-12,1000431.0,222-22d@63s-nq7-6rk,2023-11-03 13:01:05,-0.8
0.9272236088845898,5.885383434238881e-12,4.738882295152671e-09,3.6752904824331016e-12,6.057936810342615e-12,1.2830426485565648e-10,3.262916525781911e-12,5.402899776757738e-12,1000431.0,zzy-222@63r-4b5-syv,2023-11-03 13:01:05,-0.8
0.4410827654635014,6.463967985730867e-33,2.88679049566083e-26,4.020517909201837e-33,1.1066600943093322e-32,1.9088994192907794e-27,4.241955509689863e-33,9.789423790407914e-33,1000432.0,222-22d@63s-nq7-6rk,2024-04-18 18:13:24,0.0147017045454545
0.4410827654635014,6.463967985730867e-33,2.88679049566083e-26,4.020517909201837e-33,1.1066600943093322e-32,1.9088994192907794e-27,4.241955509689863e-33,9.789423790407914e-33,1000432.0,zzy-222@63r-4b5-syv,2024-04-18 18:13:24,0.0147017045454545
0.0968983093132272,7.065257737623661e-232,0.006101996543063,4.437940973578574e-232,2.318803223767541e-227,0.0002799534709276,1.9967811285964485e-231,7.041202442884228e-229,1000433.0,222-22d@63s-nq7-6rk,2024-05-04 13:36:30,0.3261904761904762
0.0968983093132272,7.065257737623661e-232,0.006101996543063,4.437940973578574e-232,2.318803223767541e-227,0.0002799534709276,1.9967811285964485e-231,7.041202442884228e-229,1000433.0,zzy-222@63r-4b5-syv,2024-05-04 13:36:30,0.3261904761904762
0.7712824187552959,2.9108561012585243e-151,4.893412211864927e-127,1.829838457000696e-151,4.695818457038352e-151,2.833503624879972e-147,2.030427254891001e-151,4.4533981732641845e-151,1000434.0,222-22d@63s-nq7-6rk,2024-04-20 13:58:47,0.3888888888888889
0.7712824187552959,2.9108561012585243e-151,4.893412211864927e-127,1.829838457000696e-151,4.695818457038352e-151,2.833503624879972e-147,2.030427254891001e-151,4.4533981732641845e-151,1000434.0,zzy-222@63r-4b5-syv,2024-04-20 13:58:47,0.3888888888888889
0.9867630767296182,2.48367435214856e-198,1.2182064596924992e-189,1.5498153109884206e-198,3.3767434896570844e-198,1.712694429448207e-195,1.5942579007351665e-198,3.0619880354507375e-198,1000435.0,222-22d@63s-nq7-6rk,2024-05-04 18:34:41,0.0398863636363636
0.9867630767296182,2.48367435214856e-198,1.2182064596924992e-189,1.5498153109884206e-198,3.3767434896570844e-198,1.712694429448207e-195,1.5942579007351665e-198,3.0619880354507375e-198,1000435.0,zzy-222@63r-4b5-syv,2024-05-04 18:34:41,0.0398863636363636
0.8785263102175895,1.6995439177280688e-165,0.0444446505251936,1.064278819285682e-165,2.3595869320956678e-163,0.0023432941527671,3.100521358365402e-165,7.355126880963648e-164,1000436.0,222-22d@63s-nq7-6rk,2024-03-04 02:33:11,0.3416666666666667
0.8785263102175895,1.6995439177280688e-165,0.0444446505251936,1.064278819285682e-165,2.3595869320956678e-163,0.0023432941527671,3.100521358365402e-165,7.355126880963648e-164,1000436.0,zzy-222@63r-4b5-syv,2024-03-04 02:33:11,0.3416666666666667
0.8665336507761511,1.3085797173004362e-32,0.0765462175437928,8.226587954330003e-33,3.134573828804638e-32,1.3465764566392729e-18,1.1005006825359407e-32,2.904016673006207e-32,1000437.0,222-22d@63s-nq7-6rk,2024-04-30 23:03:48,0.2833333333333333
0.8665336507761511,1.3085797173004362e-32,0.0765462175437928,8.226587954330003e-33,3.134573828804638e-32,1.3465764566392729e-18,1.1005006825359407e-32,2.904016673006207e-32,1000437.0,zzy-222@63r-4b5-syv,2024-04-30 23:03:48,0.2833333333333333
0.9999999989146804,6.2443120742069425e-25,5.37714409616775e-23,3.901147636994984e-25,5.2108675454727935e-25,2.8991550579302737e-24,3.1035402913785583e-25,4.493541572101802e-25,1000438.0,222-22d@63s-nq7-6rk,2024-03-31 13:06:07,0.0888888888888888
0.9999999989146804,6.2443120742069425e-25,5.37714409616775e-23,3.901147636994984e-25,5.2108675454727935e-25,2.8991550579302737e-24,3.1035402913785583e-25,4.493541572101802e-25,1000438.0,zzy-222@63r-4b5-syv,2024-03-31 13:06:07,0.0888888888888888
0.9162619232071838,1.5674065951803362e-62,2.619167382641727e-47,9.864648484803024e-63,2.397785228701988e-62,4.913151222792616e-59,1.062809294455658e-62,2.1691276726412417e-62,1000439.0,222-22d@63s-nq7-6rk,2024-03-02 22:41:44,0.3125
0.9999999988006484,6.938129698789765e-13,6.444126238652903e-11,4.36414649225572e-13,5.975103971103348e-13,3.072242007085204e-12,3.655535910937689e-13,5.320468431099476e-13,1000440.0,222-22d@63s-nq7-6rk,2023-11-02 02:49:38,0.3113636363636363
0.7172799314850947,1.004483211251993e-114,0.0603286101708196,6.311231761748661e-115,2.649158319778286e-114,1.2673033760892908e-82,8.222546400541531e-115,2.3664573183314344e-114,1000441.0,222-22d@63s-nq7-6rk,2024-03-24 03:08:54,0.0
0.1723508440206172,8.342151190464493e-202,0.0072458590087721,5.2086261853276285e-202,9.361438857702432e-201,0.0005863581572232,9.300993626595219e-202,5.950626356105221e-201,1000442.0,222-22d@63s-nq7-6rk,2024-05-23 03:21:57,0.4375
0.9999999976974876,3.5628670791315843e-11,1.1375446852442522e-09,2.2263199037767022e-11,2.443618647110879e-11,5.995166302988695e-11,1.5642755737511608e-11,2.0032744885848302e-11,1000443.0,222-22d@63s-nq7-6rk,2024-04-12 02:17:05,0.0951569264069264
0.9999999986781576,3.8159696576352564e-130,8.379010719239642e-128,2.396639312259423e-130,4.080664287132156e-130,6.306122499154411e-129,2.243716163887834e-130,3.9368486529632804e-130,1000444.0,222-22d@63s-nq7-6rk,2023-12-22 03:19:24,-0.0673611111111111
0.9203195979276472,4.295126431965095e-11,0.0012694305834742,2.6855301775999684e-11,4.0526251572379424e-10,7.722392910406846e-05,4.762157229440201e-11,2.7890196607520307e-10,1000445.0,222-22d@63s-nq7-6rk,2024-05-03 22:19:08,-0.3676190476190476
0.9999999989608191,1.0333498810427835e-20,7.190690863384827e-19,6.4954031691810666e-21,8.457014082716712e-21,3.5290982670944263e-20,5.252577348849851e-21,7.529164119747946e-21,1000446.0,222-22d@63s-nq7-6rk,2019-05-24 01:09:45,0.2869047619047619
0.9995100819198665,0.0,0.0,0.0,0.0,0.0,0.0,0.0,1000447.0,222-22d@63s-nq7-6rk,2024-03-03 17:09:48,-0.1333333333333333
0.9999621362996588,7.691873010259438e-07,3.044964867670264e-05,4.832168835972926e-07,5.611586368621415e-07,1.495687972053791e-06,3.605663813569831e-07,4.761222184054775e-07,1000448.0,222-22d@63s-nq7-6rk,2023-12-07 02:48:29,0.7
