FID,sky,tree,road,grass,person,earth,wall,fence,building,plant,car,signboard,awning,streetlight,sidewalk,ashcan,water,mountain,van,bicycle,bridge,railing,column,chair,minibike,fountain,sculpture,pier,booth,ceiling,lake,windowpane,skyscraper,lamp,sofa,bulletin board,desk,glass
zzy-222@628-dx3-fvf_0_18661,0.008887,0.555781,0.323608,0.067595,9.5e-05,0.044033,0.0,0.0,0.0,0.0,0.0,0.0,0.0,0.0,0.0,0.0,0.0,0.0,0.0,0.0,0.0,0.0,0.0,0.0,0.0,0.0,0.0,0.0,0.0,0.0,0.0,0.0,0.0,0.0,0.0,0.0,0.0,0.0
zzy-222@628-dx3-fvf_180_18661,0.065979,0.517622,0.225806,0.101011,0.0,0.003855,5e-06,0.000127,0.0,0.0,0.0,0.0,0.0,0.0,0.0,0.0,0.0,0.0,0.0,0.0,0.0,0.0,0.0,0.0,0.0,0.0,0.0,0.0,0.0,0.0,0.0,0.0,0.0,0.0,0.0,0.0,0.0,0.0
zzy-222@628-dx3-fvf_270_18661,0.106919,0.446855,0.092241,0.043218,2.9e-05,0.064497,0.0,0.00854,8.8e-05,0.001951,0.003206,0.000334,0.0,0.0,0.0,0.0,0.0,0.0,0.0,0.0,0.0,0.0,0.0,0.0,0.0,0.0,0.0,0.0,0.0,0.0,0.0,0.0,0.0,0.0,0.0,0.0,0.0,0.0
zzy-222@628-dx3-fvf_90_18661,0.007563,0.614785,0.0,0.092778,0.0,0.270168,0.0,0.0,0.0,0.004722,0.0,0.0,0.0,0.0,0.0,0.0,0.0,0.0,0.0,0.0,0.0,0.0,0.0,0.0,0.0,0.0,0.0,0.0,0.0,0.0,0.0,0.0,0.0,0.0,0.0,0.0,0.0,0.0
zzy-222@628-gnk-649_0_18302,0.391665,0.10678,0.339624,0.0,0.0,0.104666,8.1e-05,0.01335,0.024414,0.0,0.001541,0.015342,0.000552,0.001165,0.0,0.0,0.0,0.0,0.0,0.0,0.0,0.0,0.0,0.0,0.0,0.0,0.0,0.0,0.0,0.0,0.0,0.0,0.0,0.0,0.0,0.0,0.0,0.0
zzy-222@628-gnk-649_180_18302,0.404387,0.073286,0.418374,0.004917,0.0,0.051853,0.0,6.1e-05,0.043252,0.0,0.001189,0.00114,0.0,0.000376,9.5e-05,0.0,0.0,0.0,0.0,0.0,0.0,0.0,0.0,0.0,0.0,0.0,0.0,0.0,0.0,0.0,0.0,0.0,0.0,0.0,0.0,0.0,0.0,0.0
zzy-222@628-gnk-649_270_18302,0.435786,0.061665,0.379585,0.0001,0.0,0.045151,0.0,0.035237,0.00906,0.0,0.000403,0.024956,0.0,0.000215,0.0,0.0,0.0,0.0,0.0,0.0,0.0,0.0,0.0,0.0,0.0,0.0,0.0,0.0,0.0,0.0,0.0,0.0,0.0,0.0,0.0,0.0,0.0,0.0
zzy-222@628-gnk-649_90_18302,0.291968,0.273589,0.295928,0.002639,0.0,0.123474,0.0,0.0,0.0,0.00083,0.0,0.0,0.0,0.0,0.0,0.0,0.0,0.0,0.0,0.0,0.0,0.0,0.0,0.0,0.0,0.0,0.0,0.0,0.0,0.0,0.0,0.0,0.0,0.0,0.0,0.0,0.0,0.0
zzy-222@628-jmm-jgk_0_18424,0.129587,0.441221,0.014155,0.18844,0.0,0.08123,3.2e-05,0.004309,0.000793,0.003994,0.007986,0.001008,0.0,0.000151,0.0,0.003765,0.0,0.0,0.0,0.0,0.0,0.0,0.0,0.0,0.0,0.0,0.0,0.0,0.0,0.0,0.0,0.0,0.0,0.0,0.0,0.0,0.0,0.0
zzy-222@628-jmm-jgk_180_18424,0.157092,0.335652,0.418792,0.075957,0.0,0.0,0.0,0.0,0.0,0.0,0.0,0.005161,0.0,0.0,0.002798,0.0,0.0,0.0,0.0,0.0,0.0,0.0,0.0,0.0,0.0,0.0,0.0,0.0,0.0,0.0,0.0,0.0,0.0,0.0,0.0,0.0,0.0,0.0
zzy-222@628-jmm-jgk_270_18424,0.099827,0.445562,0.331841,0.106948,0.0,0.015823,0.0,0.0,0.0,0.0,0.0,0.0,0.0,0.0,0.0,0.0,0.0,0.0,0.0,0.0,0.0,0.0,0.0,0.0,0.0,0.0,0.0,0.0,0.0,0.0,0.0,0.0,0.0,0.0,0.0,0.0,0.0,0.0
zzy-222@628-jmm-jgk_90_18424,0.226853,0.297117,0.371851,0.100789,0.0,0.0,0.0,0.0,0.0,0.0,0.0,4.4e-05,0.0,0.0,0.0,0.0,0.0,0.0,0.0,0.0,0.0,0.0,0.0,0.0,0.0,0.0,0.0,0.0,0.0,0.0,0.0,0.0,0.0,0.0,0.0,0.0,0.0,0.0
zzy-222@628-mrb-4sq_0_08527,0.367544,0.130986,0.408479,0.002397,0.0,0.027107,0.001086,0.000171,0.045098,0.006174,0.000654,9.3e-05,0.0,1e-05,0.002644,0.0,0.0,0.0,0.0,0.0,0.0,0.0,0.0,0.0,0.0,0.0,0.0,0.0,0.0,0.0,0.0,0.0,0.0,0.0,0.0,0.0,0.0,0.0
zzy-222@628-mrb-4sq_180_08527,0.412437,0.082053,0.449482,0.00459,0.0,0.00041,0.0,0.0,0.016721,0.001057,0.001299,0.007295,0.0,0.000125,0.017595,0.0,0.0,0.0,0.0,0.0,0.0,0.0,0.0,0.0,0.0,0.0,0.0,0.0,0.0,0.0,0.0,0.0,0.0,0.0,0.0,0.0,0.0,0.0
zzy-222@628-mrb-4sq_270_08527,0.346897,0.157532,0.349534,0.134807,0.0001,7e-06,0.0,2e-06,0.004966,0.0,0.0,0.000737,0.0,3.9e-05,0.000552,0.0,0.0,0.0,0.0,0.0,0.0,0.0,0.0,0.0,0.0,0.0,0.0,0.0,0.0,0.0,0.0,0.0,0.0,0.0,0.0,0.0,0.0,0.0
zzy-222@628-mrb-4sq_90_08527,0.267449,0.126797,0.288142,0.009189,0.0,0.002854,0.0,0.001243,0.260864,0.0,0.0,0.000537,0.0,0.0,0.02876,0.0,0.012244,0.0,0.0,0.0,0.0,0.0,0.0,0.0,0.0,0.0,0.0,0.0,0.0,0.0,0.0,0.0,0.0,0.0,0.0,0.0,0.0,0.0
zzy-222@628-nqv-ks5_0_08008,0.342288,0.006614,0.006367,0.0,0.0,0.215781,5.6e-05,0.000225,0.239026,0.177642,0.006582,0.0,0.0,0.0,0.002361,0.0,0.0,0.0,0.0,0.0,0.0,0.0,0.0,0.0,0.0,0.0,0.0,0.0,0.0,0.0,0.0,0.0,0.0,0.0,0.0,0.0,0.0,0.0
zzy-222@628-nqv-ks5_180_08008,0.347942,0.091719,0.365784,0.0,0.0,0.021216,0.0,0.0,0.094556,0.004573,0.038647,0.001189,0.0,3.9e-05,0.03407,0.0,0.0,0.0,0.0,0.0,0.0,0.0,0.0,0.0,0.0,0.0,0.0,0.0,0.0,0.0,0.0,0.0,0.0,0.0,0.0,0.0,0.0,0.0
zzy-222@628-nqv-ks5_270_08008,0.441248,0.000686,0.401597,0.0,0.0,0.042571,0.0,0.0,0.048271,0.010515,0.004104,0.0,0.0,0.000115,0.001416,0.000437,0.0,0.000371,0.0,0.0,0.0,0.0,0.0,0.0,0.0,0.0,0.0,0.0,0.0,0.0,0.0,0.0,0.0,0.0,0.0,0.0,0.0,0.0
zzy-222@628-nqv-ks5_90_08008,0.435713,0.014363,0.289402,0.006797,0.000332,0.036653,0.002151,5.4e-05,0.068135,0.099639,0.005327,6.6e-05,0.0,1.7e-05,0.018394,1e-05,0.0,0.0,0.0,0.0,0.0,0.0,0.0,0.0,0.0,0.0,0.0,0.0,0.0,0.0,0.0,0.0,0.0,0.0,0.0,0.0,0.0,0.0
zzy-222@628-nxn-xbk_0_08008,0.453984,0.013154,0.405552,1e-05,0.0,0.017717,0.000325,0.031743,0.030215,0.000667,0.013369,9.5e-05,0.0,0.000181,0.001433,0.0,0.0,0.0,0.000869,0.0,0.0,0.0,0.0,0.0,0.0,0.0,0.0,0.0,0.0,0.0,0.0,0.0,0.0,0.0,0.0,0.0,0.0,0.0
zzy-222@628-nxn-xbk_180_08008,0.451997,0.035669,0.388779,0.0,0.0,0.005339,0.0,0.0,0.027468,0.0,0.060017,0.0,0.0,9.3e-05,0.027534,0.0,0.0,0.0,0.000986,0.0,0.0,0.0,0.0,0.0,0.0,0.0,0.0,0.0,0.0,0.0,0.0,0.0,0.0,0.0,0.0,0.0,0.0,0.0
zzy-222@628-nxn-xbk_270_08008,0.390403,0.012478,0.412666,0.0,0.0,0.0,0.0,0.0,0.131101,0.0,0.017913,0.001729,0.0,0.0,0.028647,0.000151,0.0,0.0,0.003599,0.001174,0.0,0.0,0.0,0.0,0.0,0.0,0.0,0.0,0.0,0.0,0.0,0.0,0.0,0.0,0.0,0.0,0.0,0.0
zzy-222@628-nxn-xbk_90_08008,0.442563,0.009221,0.432966,0.0,0.0,0.006899,0.0,0.0,0.075503,0.000847,0.014053,0.0,0.0,0.002263,0.007393,0.0,0.0,0.0,0.0,0.0,0.0,0.0,0.0,0.0,0.0,0.0,0.0,0.0,0.0,0.0,0.0,0.0,0.0,0.0,0.0,0.0,0.0,0.0
zzy-222@628-ph5-g49_0_19072,0.176731,0.322595,0.393811,0.051418,0.0,0.000103,0.0,0.0,0.017683,0.011912,0.000447,0.003159,0.0,0.0,0.021445,0.0,0.0,0.0,0.0,0.0,0.0,0.0,0.0,0.0,0.0,0.0,0.0,0.0,0.0,0.0,0.0,0.0,0.0,0.0,0.0,0.0,0.0,0.0
zzy-222@628-ph5-g49_180_19072,0.271218,0.252969,0.3774,0.031833,0.0,0.0,0.0,0.005427,0.028127,0.014849,0.005383,0.00218,0.0,0.0,0.010613,0.0,0.0,0.0,0.0,0.0,0.0,0.0,0.0,0.0,0.0,0.0,0.0,0.0,0.0,0.0,0.0,0.0,0.0,0.0,0.0,0.0,0.0,0.0
zzy-222@628-ph5-g49_270_19072,0.229785,0.333079,0.386006,0.030864,0.0,0.00094,0.0,0.0,0.0,2.7e-05,0.0,0.002622,0.0,0.000225,0.006028,0.0,0.0,0.0,0.0,0.0,0.0,0.0,0.0,0.0,0.0,0.0,0.0,0.0,0.0,0.0,0.0,0.0,0.0,0.0,0.0,0.0,0.0,0.0
zzy-222@628-ph5-g49_90_19072,0.070186,0.439226,0.352417,0.028718,0.0,0.001548,0.0,0.0,0.004912,0.052319,0.000662,0.005588,0.0,2.2e-05,0.044346,0.0,0.0,0.0,0.0,0.0,0.0,0.0,0.0,0.0,0.0,0.0,0.0,0.0,0.0,0.0,0.0,0.0,0.0,0.0,0.0,0.0,0.0,0.0
zzy-222@628-pn8-djv_0_08052,0.328154,0.176013,0.0,0.105266,0.0,0.091953,0.0,0.0,0.013176,0.000498,0.001399,0.0,0.0,0.000757,0.0,0.0,0.0,0.0,0.0,0.0,0.0,0.0,0.0,0.0,0.0,0.0,0.0,0.0,0.0,0.0,0.0,0.0,0.0,0.0,0.0,0.0,0.0,0.0
zzy-222@628-pn8-djv_180_08052,0.3901,0.062739,0.390105,0.031421,0.0,0.000244,0.000168,0.004893,0.06209,0.017751,0.001438,0.0,0.0,0.000747,0.038164,0.0,0.0,0.0,0.0,0.0,0.0,0.0,0.0,0.0,0.0,0.0,0.0,0.0,0.0,0.0,0.0,0.0,0.0,0.0,0.0,0.0,0.0,0.0
zzy-222@628-pn8-djv_270_08052,0.218347,0.346284,0.135762,0.02623,0.0,0.0,8.8e-05,0.003118,0.001208,0.0,0.001565,0.0,0.0,0.0,0.0,0.0,0.0,0.0,0.0,0.0,0.0,0.0,0.0,0.0,0.0,0.0,0.0,0.0,0.0,0.0,0.0,0.0,0.0,0.0,0.0,0.0,0.0,0.0
zzy-222@628-pn8-djv_90_08052,0.385715,0.099817,0.415862,0.032756,0.0,0.000129,0.000693,0.01603,0.023394,0.010269,0.002639,1.5e-05,0.0,1.2e-05,0.01218,0.0,0.0,0.0,0.0,0.0,0.0,0.0,0.0,0.0,0.0,0.0,0.0,0.0,0.0,0.0,0.0,0.0,0.0,0.0,0.0,0.0,0.0,0.0
zzy-222@628-prt-4jv_0_19054,0.386521,0.142886,0.331074,0.139045,0.0,0.0,0.0,0.0,0.0,0.0,0.0,0.0,0.0,0.0,0.0,0.0,0.0,0.0,0.0,0.0,0.0,0.0,0.0,0.0,0.0,0.0,0.0,0.0,0.0,0.0,0.0,0.0,0.0,0.0,0.0,0.0,0.0,0.0
zzy-222@628-prt-4jv_180_19054,0.404741,0.050623,0.123052,0.168462,0.0,0.0,0.0,0.0,0.075876,0.001643,0.027168,0.000918,0.0,0.0,0.147517,0.0,0.0,0.0,0.0,0.0,0.0,0.0,0.0,0.0,0.0,0.0,0.0,0.0,0.0,0.0,0.0,0.0,0.0,0.0,0.0,0.0,0.0,0.0
zzy-222@628-prt-4jv_270_19054,0.344812,0.169375,0.341155,0.080337,0.0,0.004211,0.0,0.006743,0.003875,0.004988,0.0,0.004138,0.0,0.002659,0.029832,0.0,0.0,0.0,0.0,0.0,0.002388,0.0,0.0,0.0,0.0,0.0,0.0,0.0,0.0,0.0,0.0,0.0,0.0,0.0,0.0,0.0,0.0,0.0
zzy-222@628-prt-4jv_90_19054,0.391113,0.092834,0.392678,0.065364,0.0,0.0,0.0,0.0,0.020278,0.004919,0.001511,0.0,0.0,0.00032,0.013162,0.0,0.0,0.0,0.0,0.0,0.0,0.0,0.0,0.0,0.0,0.0,0.0,0.0,0.0,0.0,0.0,0.0,0.0,0.0,0.0,0.0,0.0,0.0
zzy-222@628-pwy-3t9_0_19007,0.407979,0.045066,0.354741,0.103679,0.0,0.002397,0.000913,0.004148,0.015283,0.009565,0.000591,0.000571,0.0,0.000862,0.0,0.0,0.0,0.0,0.0,0.0,0.0,0.0,0.0,0.0,0.0,0.0,0.0,0.0,0.0,0.0,0.0,0.0,0.0,0.0,0.0,0.0,0.0,0.0
zzy-222@628-pwy-3t9_270_19007,0.392725,0.050557,0.052314,0.191575,0.0,0.08313,0.001243,0.00249,0.019202,0.001587,0.031836,2e-05,0.0,0.0,0.0,0.0,0.0,0.0,0.0,0.0,0.0,0.000442,0.0,0.0,0.0,0.0,0.0,0.0,0.0,0.0,0.0,0.0,0.0,0.0,0.0,0.0,0.0,0.0
zzy-222@628-r69-8vz_0_07762,0.455786,0.002134,0.429495,0.027009,0.0,0.00718,0.004966,0.0,0.042625,0.018826,0.00262,0.0,0.0,0.0,0.007324,0.0,0.0,0.0,0.0,0.0,0.0,0.0,0.0,0.0,0.0,0.0,0.0,0.0,0.0,0.0,0.0,0.0,0.0,0.0,0.0,0.0,0.0,0.0
zzy-222@628-r69-8vz_180_07762,0.484617,0.017988,0.440996,0.024014,0.0,0.006458,0.0,0.0,0.024729,0.0,0.000134,0.0,0.0,0.000886,0.0,0.0,0.0,0.0,0.0,0.0,0.0,0.0,0.0,0.0,0.0,0.0,0.0,0.0,0.0,0.0,0.0,0.0,0.0,0.0,0.0,0.0,0.0,0.0
zzy-222@628-r69-8vz_270_07762,0.442251,0.006746,0.315798,0.04332,0.0,0.100457,0.002566,6.8e-05,0.055959,0.017068,0.005198,0.002642,0.0,0.001128,0.00438,0.0,0.0,0.0,0.0,0.0,0.0,0.0,0.0,0.0,0.0,0.0,0.0,0.0,0.0,0.0,0.0,0.0,0.0,0.0,0.0,0.0,0.0,0.0
zzy-222@628-r69-8vz_90_07762,0.491865,0.030381,0.429524,0.007271,0.0,0.023979,0.0,0.0,0.008682,9.5e-05,0.0,0.002771,0.0,0.000916,0.000679,0.0,0.0,0.0,0.0,0.0,0.0,0.0,0.0,0.0,0.0,0.0,0.0,0.0,0.0,0.0,0.0,0.0,0.0,0.0,0.0,0.0,0.0,0.0
zzy-222@628-r7f-jvz_0_07712,0.346941,0.196895,0.352451,0.013408,0.0,0.033372,0.0,0.033118,0.003125,0.0,0.002683,0.0,0.0,0.0,0.011733,0.0,0.0,0.0,0.000881,0.0,0.0,0.0,0.0,0.0,0.0,0.0,0.0,0.0,0.0,0.0,0.0,0.0,0.0,0.0,0.0,0.0,0.0,0.0
zzy-222@628-r7f-jvz_180_07712,0.327244,0.215762,0.341218,0.001985,0.0,0.052195,0.0,0.005527,0.027893,0.023525,0.000725,0.0,0.0,0.000371,0.003555,0.0,0.0,0.0,0.0,0.0,0.0,0.0,0.0,0.0,0.0,0.0,0.0,0.0,0.0,0.0,0.0,0.0,0.0,0.0,0.0,0.0,0.0,0.0
zzy-222@628-r7f-jvz_270_07712,0.39812,0.11062,0.062026,0.002742,0.0,0.018455,0.004358,0.022266,0.011072,0.30522,0.0,0.002542,0.0,0.003948,0.037104,0.0,0.0,0.0,0.0,0.0,0.0,0.00074,0.0,0.0,0.0,0.0,0.0,0.0,0.0,0.0,0.0,0.0,0.0,0.0,0.0,0.0,0.0,0.0
zzy-222@628-r7f-jvz_90_07712,0.303127,0.270508,0.290002,0.072024,0.0,0.000754,0.0,0.0,0.012705,0.0,0.001389,0.0,0.0,0.0,0.04949,0.0,0.0,0.0,0.0,0.0,0.0,0.0,0.0,0.0,0.0,0.0,0.0,0.0,0.0,0.0,0.0,0.0,0.0,0.0,0.0,0.0,0.0,0.0
zzy-222@628-rnc-92k_0_07740,0.373098,0.150833,0.220059,0.2179,0.0,0.0,0.0,0.003455,0.01334,0.004338,0.002161,0.0,0.0,0.000503,0.0,0.0,0.0,0.000239,0.0,0.0,0.0,0.0,0.0,0.0,0.0,0.0,0.0,0.0,0.0,0.0,0.0,0.0,0.0,0.0,0.0,0.0,0.0,0.0
zzy-222@628-rnc-92k_180_07740,0.395518,0.205107,0.213047,0.111748,0.0,0.0,0.0,0.021956,0.012222,0.000715,0.002698,0.0,0.0,0.0,0.0,0.001221,0.0,0.0,0.0,0.0,0.0,0.0,0.0,0.0,0.0,0.0,0.0,0.0,0.0,0.0,0.0,0.0,0.0,0.0,0.0,0.0,0.0,0.0
zzy-222@628-rnc-92k_270_07740,0.391831,0.153857,0.001592,0.13468,0.0,0.0,0.000381,0.0,0.018376,0.252405,0.0,0.0,0.0,0.0,0.009597,0.0,0.0,0.002319,0.0,0.0,0.0,0.0,0.0,0.0,0.0,0.0,0.0,0.0,0.0,0.0,0.0,0.0,0.0,0.0,0.0,0.0,0.0,0.0
zzy-222@628-rnc-92k_90_07740,0.216243,0.442529,0.0,0.340715,0.0,0.0,0.0,0.0,0.0,0.0,0.0,0.0,0.0,0.0,0.0,0.0,0.0,0.000513,0.0,0.0,0.0,0.0,0.0,0.0,0.0,0.0,0.0,0.0,0.0,0.0,0.0,0.0,0.0,0.0,0.0,0.0,0.0,0.0
zzy-222@628-sxx-wp9_0_08739,0.389792,0.11813,0.146892,4.6e-05,0.0,0.197808,0.0,0.026479,0.045332,0.016304,0.0,0.001011,0.0,0.0,0.0,0.015078,0.0,0.0,0.0,0.0,0.0,0.0,0.0,0.0,0.0,0.0,0.0,0.0,0.0,0.0,0.0,0.0,0.0,0.0,0.0,0.0,0.0,0.0
zzy-222@628-sxx-wp9_180_08739,0.383525,0.056487,0.149985,0.000217,0.0,0.202166,0.002161,0.022268,0.062346,0.000105,0.022693,0.0,0.001431,0.0,0.0,0.0,0.0,0.0,0.025325,0.0,0.0,0.000176,0.0,0.0,0.0,0.0,0.0,0.0,0.0,0.0,0.0,0.0,0.0,0.0,0.0,0.0,0.0,0.0
zzy-222@628-sxx-wp9_270_08739,0.448743,0.042917,0.188228,0.002957,0.0,0.207332,0.0,0.001382,0.059958,0.021409,0.017717,0.000662,0.0,0.0,0.0,0.002058,0.0,0.0,0.0,0.0,0.0,0.000872,0.0,0.0,0.0,0.0,0.0,0.0,0.0,0.0,0.0,0.0,0.0,0.0,0.0,0.0,0.0,0.0
zzy-222@628-sxx-wp9_90_08739,0.386606,0.050271,0.370405,0.000483,0.0,0.001436,0.002554,6.8e-05,0.09188,0.057217,0.00396,0.0,0.0,0.0,0.020437,0.0,0.0,0.0,0.013328,0.0,0.0,4.4e-05,0.0,0.0,0.0,0.0,0.0,0.0,0.0,0.0,0.0,0.0,0.0,0.0,0.0,0.0,0.0,0.0
zzy-222@628-t59-yn5_0_08540,0.003962,0.636958,0.0,0.027024,0.0,0.283528,0.027705,0.0,0.000198,0.00874,0.0,0.0,0.0,0.0,0.0,0.0,0.003965,0.0,0.0,0.0,0.0,0.0,0.0,0.0,0.0,0.0,0.0,0.0,0.0,0.0,0.0,0.0,0.0,0.0,0.0,0.0,0.0,0.0
zzy-222@628-t59-yn5_180_08540,0.001982,0.691938,0.282083,0.007312,0.0,3.9e-05,0.00022,0.000334,0.0,0.011221,0.0,0.0,0.0,0.0,0.004321,0.0,0.0,0.0,0.0,0.0,0.0,0.0,0.0,0.0,0.0,0.0,0.0,0.0,0.0,0.0,0.0,0.0,0.0,0.0,0.0,0.0,0.0,0.0
zzy-222@628-t59-yn5_270_08540,0.058081,0.531001,0.333394,0.054373,0.0,0.003667,0.0,0.0,0.003599,0.015007,0.000879,0.0,0.0,0.0,0.0,0.0,0.0,0.0,0.0,0.0,0.0,0.0,0.0,0.0,0.0,0.0,0.0,0.0,0.0,0.0,0.0,0.0,0.0,0.0,0.0,0.0,0.0,0.0
zzy-222@628-t59-yn5_90_08540,0.04689,0.524941,0.395247,0.0076,0.0,0.024929,0.0,0.0,0.0,0.0,0.000278,0.0,0.0,0.0,0.0,0.0,0.0,0.0,0.0,0.0,0.0,0.0,0.0,0.0,0.0,0.0,0.0,0.0,0.0,0.0,0.0,0.0,0.0,0.0,0.0,0.0,0.0,0.0
zzy-222@628-w7j-gc5_0_06716,0.028291,0.428281,0.25844,0.0,0.0,0.284988,0.0,0.0,0.0,0.0,0.0,0.0,0.0,0.0,0.0,0.0,0.0,0.0,0.0,0.0,0.0,0.0,0.0,0.0,0.0,0.0,0.0,0.0,0.0,0.0,0.0,0.0,0.0,0.0,0.0,0.0,0.0,0.0
zzy-222@628-w7j-gc5_180_06716,0.267444,0.294045,0.073625,0.112864,0.0,0.154785,0.0,0.025837,0.0,0.018821,0.0,0.0,0.0,2.4e-05,1e-05,0.0,0.0,0.0,0.0,0.0,0.0,0.0,0.0,0.0,0.0,0.0,0.0,0.0,0.0,0.0,0.0,0.0,0.0,0.0,0.0,0.0,0.0,0.0
zzy-222@628-w7j-gc5_270_06716,0.179915,0.395359,0.300808,0.03032,0.0,0.064202,0.011421,0.015415,0.0,0.0,0.000774,0.001194,0.0,0.0,0.0,0.0,0.0,0.0,0.0,0.0,0.0,0.0,0.0,0.0,0.0,0.0,0.0,0.0,0.0,0.0,0.0,0.0,0.0,0.0,0.0,0.0,0.0,0.0
zzy-222@628-w7j-gc5_90_06716,0.16519,0.35665,0.336658,0.054895,0.0,0.040334,0.000581,0.0,0.015906,0.0,0.0,0.0,0.0,0.0,0.0,0.0,0.0,0.0,0.0,0.0,0.0,0.0,0.0,0.0,0.0,0.0,0.0,0.0,0.0,0.0,0.0,0.0,0.0,0.0,0.0,0.0,0.0,0.0
zzy-222@628-x7t-dy9_0_06405,0.186345,0.501643,0.185544,0.0,0.0,0.061008,0.047461,0.017998,0.0,0.0,0.0,0.0,0.0,0.0,0.0,0.0,0.0,0.0,0.0,0.0,0.0,0.0,0.0,0.0,0.0,0.0,0.0,0.0,0.0,0.0,0.0,0.0,0.0,0.0,0.0,0.0,0.0,0.0
zzy-222@628-x7t-dy9_180_06405,0.288369,0.224941,0.09728,0.001262,0.0,0.361743,0.018914,0.001982,0.001074,0.0,0.0,0.0,0.0,0.0,0.0,0.0,0.004434,0.0,0.0,0.0,0.0,0.0,0.0,0.0,0.0,0.0,0.0,0.0,0.0,0.0,0.0,0.0,0.0,0.0,0.0,0.0,0.0,0.0
zzy-222@628-x7t-dy9_270_06405,0.387131,0.206748,0.0,0.0,7e-06,0.312598,0.092378,0.0,0.0,0.0,0.0,0.001116,0.0,0.0,0.0,0.0,0.0,0.0,0.0,0.0,0.0,0.0,0.0,0.0,0.0,0.0,0.0,0.0,0.0,0.0,0.0,0.0,0.0,0.0,0.0,0.0,0.0,0.0
zzy-222@628-x7t-dy9_90_06405,0.326902,0.265813,0.0,0.0,0.0,0.296736,0.065762,0.008962,0.000598,0.0,0.0,0.0,0.0,0.0,0.0,0.0,0.003159,0.0,0.0,0.0,0.0,0.0,0.0,0.0,0.0,0.0,0.0,0.0,0.0,0.0,0.0,0.0,0.0,0.0,0.0,0.0,0.0,0.0
zzy-222@628-x8c-g49_0_06473,0.413716,0.089587,0.434124,0.037195,0.0,0.000625,0.0,0.0,0.023567,0.0,0.000332,0.0,0.0,0.0,0.000854,0.0,0.0,0.0,0.0,0.0,0.0,0.0,0.0,0.0,0.0,0.0,0.0,0.0,0.0,0.0,0.0,0.0,0.0,0.0,0.0,0.0,0.0,0.0
zzy-222@628-x8c-g49_180_06473,0.307251,0.215012,0.424985,0.049009,0.0,1.7e-05,0.003667,0.0,0.0,0.0,0.0,0.0,0.0,0.0,5.9e-05,0.0,0.0,0.0,0.0,0.0,0.0,0.0,0.0,0.0,0.0,0.0,0.0,0.0,0.0,0.0,0.0,0.0,0.0,0.0,0.0,0.0,0.0,0.0
zzy-222@628-x8c-g49_270_06473,0.225671,0.30262,0.255281,0.190076,0.0,0.0,0.0,0.0,0.002156,0.0,0.0,0.006072,0.0,0.005601,0.007991,0.0,0.0,0.0,0.0,0.0,0.0,0.0,0.0,0.0,0.0,0.0,0.0,0.0,0.0,0.0,0.0,0.0,0.0,0.0,0.0,0.0,0.0,0.0
zzy-222@628-x8c-g49_90_06473,0.422642,0.093684,0.411384,0.034392,0.0,0.00314,0.002852,0.00114,0.013691,0.0,0.000471,0.0,0.0,0.000564,0.014121,0.0,0.0,0.0,0.00103,0.0,0.0,0.0,0.0,0.0,0.0,0.0,0.0,0.0,0.0,0.0,0.0,0.0,0.0,0.0,0.0,0.0,0.0,0.0
zzy-222@628-z7y-t5f_0_10512,0.217334,0.296418,0.343345,0.084741,0.0,0.010171,0.0,0.0,0.00218,0.009565,0.004106,0.0,0.0,0.0,0.0022,0.0,0.0,0.0,0.0,0.0,0.0,0.0,0.0,0.0,0.0,0.0,0.0,0.0,0.0,0.0,0.0,0.0,0.0,0.0,0.0,0.0,0.0,0.0
zzy-222@628-z7y-t5f_180_10512,0.279878,0.28364,0.040657,0.167725,0.0,0.073518,0.0,9.3e-05,0.0,0.005403,0.008042,0.0,0.0,0.0,0.0,0.0,0.0,0.0,0.0,0.0,1.5e-05,0.0,0.000308,0.0,0.0,0.0,0.0,0.0,0.0,0.0,0.0,0.0,0.0,0.0,0.0,0.0,0.0,0.0
zzy-222@628-z7y-t5f_270_10512,0.285154,0.279172,0.320356,0.102268,0.0,0.000205,0.0,0.0,0.000229,0.003472,0.000601,0.001997,0.0,0.002344,0.0,0.0,0.0,0.0,0.0,0.0,0.0,0.0,0.0,0.0,0.0,0.0,0.0,0.0,0.0,0.0,0.0,0.0,0.0,0.0,0.0,0.0,0.0,0.0
zzy-222@628-z7y-t5f_90_10512,0.257996,0.283542,0.412864,0.016016,0.0,0.027571,0.0,0.0,0.00084,0.0,0.000391,0.0,0.0,7e-06,0.0,0.0,0.0,0.0,0.0,0.0,0.0,0.0,0.0,0.0,0.0,0.0,0.0,0.0,0.0,0.0,0.0,0.0,0.0,0.0,0.0,0.0,0.0,0.0
zzy-222@628-zzp-cqz_180_01001,0.276606,0.251567,0.296274,0.069343,0.0,0.082798,0.0,0.0,0.017549,0.003975,0.0,0.001199,0.0,5e-06,0.0,0.0,0.0,0.0,0.0,0.0,0.0,0.0,0.0,0.0,0.0,0.0,0.0,0.0,0.0,0.0,0.0,0.0,0.0,0.0,0.0,0.0,0.0,0.0
zzy-222@628-zzp-cqz_270_01001,0.328147,0.157737,0.210386,0.148245,0.000715,0.057078,0.0,0.0,0.025417,0.011958,0.0,0.0,0.0,0.0,0.024092,0.0,0.0,0.0,0.0,0.0,0.0,0.0,0.0,0.0,0.0,0.0,0.0,0.0,0.0,0.0,0.0,0.0,0.0,0.0,0.0,0.0,0.0,0.0
zzy-222@629-28y-p5f_0_01077,0.22085,0.286821,0.288374,0.15678,0.0,0.0,0.0,0.0,0.0,0.022842,0.000383,0.0,0.0,0.0,0.0,0.0,0.0,0.0,0.0,0.0,0.0,0.0,0.0,0.0,0.0,0.0,0.0,0.0,0.0,0.0,0.0,0.0,0.0,0.0,0.0,0.0,0.0,0.0
zzy-222@629-28y-p5f_180_01077,0.358501,0.147476,0.381575,0.070623,0.0,0.0,0.0,0.002202,0.022434,0.014194,0.0,0.000186,0.0,0.0,0.002151,0.0,0.0,0.0,0.0,0.0,0.0,0.0,0.0,0.0,0.0,0.0,0.0,0.0,0.0,0.0,0.0,0.0,0.0,0.0,0.0,0.0,0.0,0.0
zzy-222@629-28y-p5f_270_01077,0.290054,0.162168,0.128176,0.312239,0.0,0.0,0.002139,0.009578,0.015684,0.014529,0.0,0.0,0.0,0.0,0.0,0.0,0.0,0.0,0.0,0.0,0.0,0.0,0.0,0.0,0.0,0.0,0.0,0.0,0.0,0.0,0.0,0.0,0.0,0.0,0.0,0.0,0.0,0.0
zzy-222@629-28y-p5f_90_01077,0.284526,0.25446,0.42644,0.015911,0.000156,0.000181,0.00021,0.0,0.008071,0.007417,0.002627,0.0,0.0,0.0,0.0,0.0,0.0,0.0,0.0,0.0,0.0,0.0,0.0,0.0,0.0,0.0,0.0,0.0,0.0,0.0,0.0,0.0,0.0,0.0,0.0,0.0,0.0,0.0
zzy-222@629-2rs-k75_0_01040,0.353811,0.173301,0.057874,0.304973,0.0,0.082617,0.000488,0.001812,0.0,0.0,0.014377,0.0,0.0,2e-06,0.0,0.0,0.0,0.0,0.0,0.0,0.0,0.0,0.0,0.0,0.0,0.0,0.0,0.0,0.0,0.0,0.0,0.0,0.0,0.0,0.0,0.0,0.0,0.0
zzy-222@629-2rs-k75_180_01040,0.081499,0.449116,0.148044,0.018875,0.0,0.302241,0.0,0.0,0.0,0.0,0.0,0.0,0.0,0.0,0.0,0.0,0.0,0.0,0.0,0.0,0.0,0.0,0.0,0.0,0.0,0.0,0.0,0.0,0.0,0.0,0.0,0.0,0.0,0.0,0.0,0.0,0.0,0.0
zzy-222@629-2rs-k75_270_01040,0.020193,0.54998,0.000293,0.00553,0.0,0.420342,0.0,0.0,0.0,0.0,0.0,0.002571,0.0,0.0,0.0,0.0,0.0,0.001091,0.0,0.0,0.0,0.0,0.0,0.0,0.0,0.0,0.0,0.0,0.0,0.0,0.0,0.0,0.0,0.0,0.0,0.0,0.0,0.0
zzy-222@629-2rs-k75_90_01040,0.355046,0.175811,0.048086,0.306965,0.0,0.07834,0.0,0.0,0.007944,0.000508,0.004749,0.000298,0.0,0.0,0.001733,0.0,0.0,0.0,0.0,0.0,0.0,0.0,0.0,0.0,0.0,0.0,0.0,0.0,0.0,0.0,0.0,0.0,0.0,0.0,0.0,0.0,0.0,0.0
zzy-222@629-3d5-skf_0_06457,0.416702,0.096509,0.30158,0.171931,0.0,0.0,0.0,0.0,0.010833,0.0,0.002405,5e-06,0.0,0.0,0.0,0.0,0.0,0.0,0.0,0.0,0.0,0.0,0.0,0.0,0.0,0.0,0.0,0.0,0.0,0.0,0.0,0.0,0.0,0.0,0.0,0.0,0.0,0.0
zzy-222@629-3d5-skf_180_06457,0.288596,0.18749,0.044897,0.381274,0.0,0.0,0.0,0.007676,0.0,0.020645,0.01126,7e-06,0.0,0.0,0.0,0.0,0.0,0.0,0.0,0.0,0.0,0.0,0.0,0.0,0.0,0.0,0.0,0.0,0.0,0.0,0.0,0.0,0.0,0.0,0.0,0.0,0.0,0.0
zzy-222@629-3d5-skf_270_06457,0.163311,0.393687,0.349297,0.075732,0.0,0.0,0.0,0.0,0.015479,0.0,0.000913,0.001477,0.0,0.000105,0.0,0.0,0.0,0.0,0.0,0.0,0.0,0.0,0.0,0.0,0.0,0.0,0.0,0.0,0.0,0.0,0.0,0.0,0.0,0.0,0.0,0.0,0.0,0.0
zzy-222@629-3d5-skf_90_06457,0.32417,0.138394,0.352922,0.137024,0.0,0.0,0.0,0.0,0.012473,0.001453,0.004431,0.0,0.0,0.000566,0.000383,0.0,0.0,0.0,0.0,0.0,0.0,0.0,0.0,0.0,0.0,0.0,0.0,0.0,0.0,0.0,0.0,0.0,0.0,0.0,0.0,0.0,0.0,0.0
zzy-222@629-3rh-9cq_0_06095,0.316184,0.165244,0.348464,0.130969,0.0,0.0,0.0,0.000249,0.028982,0.003438,0.003579,0.00033,0.0,0.000791,0.000671,0.0,0.0,0.0,0.0,0.0,0.0,0.0,0.0,0.0,0.0,0.0,0.0,0.0,0.0,0.0,0.0,0.0,0.0,0.0,0.0,0.0,0.0,0.0
zzy-222@629-3rh-9cq_180_06095,0.380759,0.117261,0.389346,0.078999,0.0,0.0,0.0,8.3e-05,0.023281,0.0,0.0,1e-05,0.0,0.0,0.0,0.0,0.0,0.0,0.0,0.0,0.0,0.0,0.0,0.0,0.0,0.0,0.0,0.0,0.0,0.0,0.0,0.0,0.0,0.0,0.0,0.0,0.0,0.0
zzy-222@629-3rh-9cq_270_06095,0.249587,0.253467,0.284897,0.130032,0.0,0.037793,0.0,0.0,0.013274,0.0,0.0,0.0,0.0,0.001541,0.0,0.0,0.0,0.0,0.0,0.0,0.0,0.0,0.0,0.0,0.0,0.0,0.0,0.0,0.0,0.0,0.0,0.0,0.0,0.0,0.0,0.0,0.0,0.0
zzy-222@629-3rh-9cq_90_06095,0.407693,0.082439,0.396895,0.082925,0.0,0.0,0.0,0.000129,0.019243,0.0,0.0,5.6e-05,0.0,0.0,0.0,0.0,0.0,0.0,0.0,0.0,0.0,0.0,0.0,0.0,0.0,0.0,0.0,0.0,0.0,0.0,0.0,0.0,0.0,0.0,0.0,0.0,0.0,0.0
zzy-222@629-3ww-45f_0_01245,0.352097,0.168511,0.287227,0.0653,0.0,0.052427,0.0,0.021099,0.0,0.000103,0.000527,0.0,0.0,0.0,0.0,0.0,0.010271,0.0,0.0,0.0,0.0,0.0,0.0,0.0,0.0,0.0,0.0,0.0,0.0,0.0,0.0,0.0,0.0,0.0,0.0,0.0,0.0,0.0
zzy-222@629-3ww-45f_180_01245,0.22552,0.305457,0.366882,0.031086,0.0,0.051472,0.0,0.001101,0.0,0.0,0.009382,0.0,0.0,0.0,0.0,0.0,0.0,0.0,0.0,0.0,0.0,0.0,0.0,0.0,0.0,0.0,0.0,0.0,0.0,0.0,0.0,0.0,0.0,0.0,0.0,0.0,0.0,0.0
zzy-222@629-3ww-45f_270_01245,0.240076,0.330952,0.000132,0.205627,0.0,0.109207,0.0,0.018391,0.0,0.077839,0.007615,0.0,0.0,0.0,0.0,0.0,0.0,0.0,0.0,0.0,0.0,0.0,0.0,0.0,0.0,0.0,0.0,0.0,0.0,0.0,0.0,0.0,0.0,0.0,0.0,0.0,0.0,0.0
zzy-222@629-3ww-45f_90_01245,0.302302,0.283689,0.295391,0.001228,0.0,0.089275,0.0,0.0,0.007219,0.0,0.014631,0.001309,0.0,0.0,0.0,0.0,0.0,0.0,0.0,0.0,0.0,0.0,0.0,0.0,0.0,0.0,0.0,0.0,0.0,0.0,0.0,0.0,0.0,0.0,0.0,0.0,0.0,0.0
zzy-222@629-7xz-p9z_0_11949,0.175813,0.384163,0.376555,0.0,0.0,0.063469,0.0,0.0,0.0,0.0,0.0,0.0,0.0,0.0,0.0,0.0,0.0,0.0,0.0,0.0,0.0,0.0,0.0,0.0,0.0,0.0,0.0,0.0,0.0,0.0,0.0,0.0,0.0,0.0,0.0,0.0,0.0,0.0
zzy-222@629-7xz-p9z_180_11949,0.116775,0.424077,0.364346,0.000452,0.0,0.092363,0.0,0.0,0.0,0.0,0.0,0.0,0.0,0.0,0.0,0.0,0.0,0.0,0.0,0.0,0.0,0.0,0.0,0.0,0.0,0.0,0.0,0.0,0.0,0.0,0.0,0.0,0.0,0.0,0.0,0.0,0.0,0.0
zzy-222@629-7xz-p9z_270_11949,0.000969,0.567454,0.0,0.0,0.0,0.431577,0.0,0.0,0.0,0.0,0.0,0.0,0.0,0.0,0.0,0.0,0.0,0.0,0.0,0.0,0.0,0.0,0.0,0.0,0.0,0.0,0.0,0.0,0.0,0.0,0.0,0.0,0.0,0.0,0.0,0.0,0.0,0.0
zzy-222@629-7xz-p9z_90_11949,0.227996,0.288931,0.415488,0.008215,0.0,0.020344,0.0,0.000125,0.001638,0.014116,0.014087,9.3e-05,0.0,0.0,0.008967,0.0,0.0,0.0,0.0,0.0,0.0,0.0,0.0,0.0,0.0,0.0,0.0,0.0,0.0,0.0,0.0,0.0,0.0,0.0,0.0,0.0,0.0,0.0
zzy-222@629-h8q-nnq_0_10924,0.443557,0.050212,0.421948,0.057915,0.0,0.008135,0.0,0.001775,0.003113,0.0,0.000579,0.002749,0.0,0.0,0.0,0.0,0.0,0.0,0.0,0.0,0.0,0.0,0.0,0.0,0.0,0.0,0.0,0.0,0.0,0.0,0.0,0.0,0.0,0.0,0.0,0.0,0.0,0.0
zzy-222@629-h8q-nnq_180_10924,0.388657,0.114756,0.357249,0.094902,0.0,0.024541,0.0,0.000229,0.001277,0.0,0.0,0.00405,0.0,0.000383,0.0,0.0,0.0,0.0,0.0,0.0,0.0,0.0,0.0,0.0,0.0,0.0,0.0,0.0,0.0,0.0,0.0,0.0,0.0,0.0,0.0,0.0,0.0,0.0
zzy-222@629-h8q-nnq_270_10924,0.324519,0.144478,0.425803,0.01022,0.0,0.074722,0.0,0.018792,0.0,0.0,0.0,0.0,0.0,0.0,0.0,0.0,0.0,0.0,0.0,0.0,0.0,0.0,0.0,0.0,0.0,0.0,0.0,0.0,0.0,0.0,0.0,0.0,0.0,0.0,0.0,0.0,0.0,0.0
zzy-222@629-h8q-nnq_90_10924,0.494319,0.001233,0.392886,0.010244,0.0,0.064443,0.00064,0.00269,0.004983,0.0,0.000769,0.000593,0.0,2.9e-05,0.0,0.0,0.0,0.00012,0.0,0.0,0.0,0.0,0.0,0.0,0.0,0.0,0.0,0.0,0.0,0.0,0.0,0.0,0.0,0.0,0.0,0.0,0.0,0.0
zzy-222@629-km9-q9f_0_12481,0.001873,0.651997,0.073896,0.0,0.0,0.232014,0.000654,0.035256,0.000388,0.000317,0.0,0.0,0.0,0.0,0.0,0.0,0.0,0.0,0.0,0.0,0.0,0.0,0.0,0.0,0.0,0.0,0.0,0.0,0.0,0.0,0.0,0.0,0.0,0.0,0.0,0.0,0.0,0.0
zzy-222@629-km9-q9f_180_12481,0.000708,0.741211,0.0,0.0,0.0,0.257119,0.0,0.0,0.0,0.000962,0.0,0.0,0.0,0.0,0.0,0.0,0.0,0.0,0.0,0.0,0.0,0.0,0.0,0.0,0.0,0.0,0.0,0.0,0.0,0.0,0.0,0.0,0.0,0.0,0.0,0.0,0.0,0.0
zzy-222@629-km9-q9f_270_12481,0.037534,0.519426,0.199355,0.0,0.0,0.232766,0.0,0.0,0.0,0.009917,0.0,0.000105,0.0,0.0,0.0,0.0,0.0,0.0,0.0,0.0,0.0,0.0,0.0,0.0,0.0,0.0,0.0,0.0,0.0,0.0,0.0,0.0,0.0,0.0,0.0,0.0,0.0,0.0
zzy-222@629-km9-q9f_90_12481,0.056958,0.559717,0.249182,0.0,0.0,0.134104,0.0,0.0,0.0,0.0,0.0,0.0,0.0,0.0,0.0,0.0,0.0,0.0,0.0,0.0,0.0,0.0,0.0,0.0,0.0,0.0,0.0,0.0,0.0,0.0,0.0,0.0,0.0,0.0,0.0,0.0,0.0,0.0
zzy-222@629-kn6-6hq_0_12498,0.161174,0.38157,0.396021,0.042603,0.0,0.0,0.001514,0.00093,0.0,0.00739,0.001125,0.0,0.0,0.0,0.001609,0.0,0.0,0.005908,0.0,0.0,0.0,0.0,0.0,0.0,0.0,0.0,0.0,0.0,0.0,0.0,0.0,0.0,0.0,0.0,0.0,0.0,0.0,0.0
zzy-222@629-kn6-6hq_180_12498,0.157117,0.385166,0.3872,0.067419,0.0,0.0,0.0,0.002607,0.0,0.000491,0.0,0.0,0.0,0.0,0.0,0.0,0.0,0.0,0.0,0.0,0.0,0.0,0.0,0.0,0.0,0.0,0.0,0.0,0.0,0.0,0.0,0.0,0.0,0.0,0.0,0.0,0.0,0.0
zzy-222@629-kn6-6hq_270_12498,0.093921,0.457107,0.399663,0.023005,0.0,0.0,0.0,0.0,0.0,0.019026,0.007278,0.0,0.0,0.0,0.0,0.0,0.0,0.0,0.0,0.0,0.0,0.0,0.0,0.0,0.0,0.0,0.0,0.0,0.0,0.0,0.0,0.0,0.0,0.0,0.0,0.0,0.0,0.0
zzy-222@629-kn6-6hq_90_12498,0.087939,0.461926,0.280422,0.054966,0.0,0.074888,0.0,0.0,0.0,0.018896,0.003938,8.1e-05,0.0,2.9e-05,0.002207,0.0,0.0,0.0,0.0,0.0,0.0,0.0,0.0,0.0,0.0,0.0,0.0,0.0,0.0,0.0,0.0,0.0,0.0,0.0,0.0,0.0,0.0,0.0
zzy-222@629-m52-q4v_0_12436,0.00051,0.556799,0.0,0.0,0.0,0.44207,0.0,0.0,0.0,2.2e-05,0.0,0.0,0.0,0.0,0.0,0.0,0.0,0.0,0.0,0.0,0.0,0.0,0.0,0.0,0.0,0.0,0.0,0.0,0.0,0.0,0.0,0.0,0.0,0.0,0.0,0.0,0.0,0.0
zzy-222@629-m52-q4v_180_12436,0.114019,0.451758,0.177842,0.076021,0.0,0.06208,0.0,0.0,0.0,0.072029,0.0,0.0,0.0,0.0,0.0,0.0,0.004922,0.0,0.0,0.0,0.0,0.0,0.0,0.0,0.0,0.0,0.0,0.0,0.0,0.0,0.0,0.0,0.0,0.0,0.0,0.0,0.0,0.0
zzy-222@629-m52-q4v_270_12436,0.273921,0.285786,0.287332,0.126082,0.0,0.0,0.0,0.0,0.0,0.02688,0.0,0.0,0.0,0.0,0.0,0.0,0.0,0.0,0.0,0.0,0.0,0.0,0.0,0.0,0.0,0.0,0.0,0.0,0.0,0.0,0.0,0.0,0.0,0.0,0.0,0.0,0.0,0.0
zzy-222@629-m52-q4v_90_12436,0.087136,0.412148,0.296462,0.19469,0.0,0.000374,0.0,0.0,0.0,2.9e-05,0.0,0.0,0.0,0.0,0.0,0.0,0.0,0.0,0.0,0.0,0.0,0.0,0.0,0.0,0.0,0.0,0.0,0.0,0.0,0.0,0.0,0.0,0.0,0.0,0.0,0.0,0.0,0.0
zzy-222@629-mqk-yn5_0_10516,0.084875,0.456045,0.39418,0.059961,0.0,0.0,0.0,0.0,0.0,0.004939,0.0,0.0,0.0,0.0,0.0,0.0,0.0,0.0,0.0,0.0,0.0,0.0,0.0,0.0,0.0,0.0,0.0,0.0,0.0,0.0,0.0,0.0,0.0,0.0,0.0,0.0,0.0,0.0
zzy-222@629-mqk-yn5_180_10516,0.196553,0.464258,0.0,0.157764,0.0,0.12499,0.0,0.0,0.0,0.0,0.0,0.0,0.0,0.0,0.0,0.0,0.0,0.0,0.0,0.0,0.0,0.0,0.0,0.0,0.0,0.0,0.0,0.0,0.0,0.0,0.0,0.0,0.0,0.0,0.0,0.0,0.0,0.0
zzy-222@629-mqk-yn5_270_10516,0.162285,0.382974,0.271714,0.0,0.0,0.182671,0.0,0.0,0.0,4.9e-05,0.0,0.0,0.0,0.0,0.0,0.0,0.0,0.0,0.0,0.0,0.0,0.0,0.0,0.0,0.0,0.0,0.0,0.0,0.0,0.0,0.0,0.0,0.0,0.0,0.0,0.0,0.0,0.0
zzy-222@629-mqk-yn5_90_10516,0.151147,0.48876,0.218816,0.024329,0.0,0.058862,0.0,0.0,0.0,0.00595,0.0,0.000217,0.0,0.0,0.0,0.0,0.005481,0.00043,0.0,0.0,0.0,0.0,0.0,0.0,0.0,0.0,0.0,0.0,0.0,0.0,0.0,0.0,0.0,0.0,0.0,0.0,0.0,0.0
zzy-222@62b-nmp-vxq_0_21842,0.359592,0.096509,0.391289,0.00406,0.0,0.000637,0.001245,0.009514,0.014392,0.020647,0.006467,0.0,0.0,0.0,0.017397,0.0,0.0,0.0,0.0,0.0,0.0,6.6e-05,0.0,0.0,0.0,0.0,0.0,0.0,0.0,0.0,0.0,0.0,0.0,0.0,0.0,0.0,0.0,0.0
zzy-222@62b-nmp-vxq_180_21842,0.398884,0.006667,0.272095,0.039248,0.0,0.0,0.145483,0.003408,0.017766,0.006042,0.0,0.000112,0.0,0.000999,0.065347,0.0,0.0,0.0,0.0,0.0,0.0,0.005437,0.002346,0.0,0.0,0.0,0.0,0.0,0.0,0.0,0.0,0.0,0.0,0.0,0.0,0.0,0.0,0.0
zzy-222@62b-nmp-vxq_270_21842,0.410747,0.073083,0.411743,0.012847,0.0,0.0,0.041763,0.000159,0.013853,0.004441,0.00835,0.0,0.0,0.000469,0.02218,0.0,0.0,0.0,0.000264,0.0,0.0,0.0,0.0,0.0,0.0,0.0,0.0,0.0,0.0,0.0,0.0,0.0,0.0,0.0,0.0,0.0,0.0,0.0
zzy-222@62b-nmp-vxq_90_21842,0.397537,0.051362,0.4179,0.01083,0.0,7e-06,0.0,0.002087,0.096069,0.001753,0.001489,0.0,0.0,0.000835,0.020129,0.0,0.0,0.0,0.0,0.0,0.0,0.0,0.0,0.0,0.0,0.0,0.0,0.0,0.0,0.0,0.0,0.0,0.0,0.0,0.0,0.0,0.0,0.0
zzy-222@62j-sg9-x3q_0_02130,0.225244,0.108325,0.156248,0.0,0.0,3.4e-05,0.0,0.002053,0.138364,0.148623,0.002783,0.00177,0.0,0.0,0.146616,0.000984,0.0,0.0,0.0,0.0,0.0,0.0,0.0,0.00041,0.0,0.0,0.0,0.0,0.0,0.0,0.0,0.0,0.0,0.0,0.0,0.0,0.0,0.0
zzy-222@62j-sg9-x3q_180_02130,0.182795,0.312107,0.339624,0.045469,0.0,5e-06,0.0,0.0,0.005815,0.009836,0.089902,0.0,0.0,0.001267,0.003982,0.0,0.0,0.0,0.0,0.0,0.0,0.0,0.0,0.0,0.0,0.0,0.0,0.0,0.0,0.0,0.0,0.0,0.0,0.0,0.0,0.0,0.0,0.0
zzy-222@62j-sg9-x3q_270_02130,0.071357,0.090667,0.071958,0.0,0.0,0.0,0.000703,0.0,0.41582,0.151394,0.0,0.0,0.0,0.0,0.19605,0.0,0.0,0.0,0.0,0.0,0.0,0.0,0.0,0.0,0.0,0.0,0.0,0.0,0.0,0.0,0.0,0.0,0.0,0.0,0.0,0.0,0.0,0.0
zzy-222@62j-sg9-x3q_90_02130,0.22186,0.272756,0.266072,0.058433,0.0,0.0,0.0,0.013601,0.006653,0.0,0.103706,0.0,0.0,0.006467,0.050251,0.0,0.0,0.0,0.0,0.0,0.0,0.0,0.0,0.0,0.0,0.0,0.0,0.0,0.0,0.0,0.0,0.0,0.0,0.0,0.0,0.0,0.0,0.0
zzy-222@62j-sgg-wrk_0_02115,0.101189,0.34116,0.335293,0.000259,0.0,0.0,0.0,0.0,0.093354,0.007971,0.118477,0.0,0.0,0.0,0.002297,0.0,0.0,0.0,0.0,0.0,0.0,0.0,0.0,0.0,0.0,0.0,0.0,0.0,0.0,0.0,0.0,0.0,0.0,0.0,0.0,0.0,0.0,0.0
zzy-222@62j-sgg-wrk_180_02115,0.109302,0.173879,0.298044,0.0,0.0,0.001575,0.0,0.0,0.316704,0.002295,0.038726,0.0,0.0,0.0,0.058618,0.0,0.0,0.0,0.0,0.0,0.0,0.0,0.0,0.0,0.000857,0.0,0.0,0.0,0.0,0.0,0.0,0.0,0.0,0.0,0.0,0.0,0.0,0.0
zzy-222@62j-sgg-wrk_270_02115,0.064839,0.399131,0.27571,0.020579,0.0,0.0,0.0,0.008992,0.055398,0.038003,0.122092,0.004727,0.0,0.000171,0.009546,0.0,0.0,0.0,0.0,0.0,0.0,0.0,0.0,0.0,0.0,0.0,0.0,0.0,0.0,0.0,0.0,0.0,0.0,0.0,0.0,0.0,0.0,0.0
zzy-222@62j-sgg-wrk_90_02115,0.048801,0.094907,0.013743,0.0,0.001582,0.019531,0.001245,0.0,0.501409,0.0,0.200369,0.000483,0.0,0.003596,0.065701,0.0,0.0,0.0,0.0,0.0,0.0,0.0,0.0,0.0,0.0,0.0,0.0,0.0,0.0,0.0,0.0,0.0,0.0,0.0,0.0,0.0,0.0,0.0
zzy-222@62j-sgx-qcq_0_02186,0.192246,0.155947,0.138208,0.041802,0.0025,2.9e-05,0.0,0.002673,0.16668,0.017178,0.127192,0.001487,0.0,1.5e-05,0.069854,0.0,0.0,0.0,0.0,0.0,0.0,0.010508,0.0,0.0,0.0,0.0,0.0,0.0,0.0,0.0,0.0,0.0,0.0,0.0,0.0,0.0,0.0,0.0
zzy-222@62j-sgx-qcq_180_02186,0.107971,0.135623,0.097844,0.020984,0.0,0.0,0.000508,0.054729,0.341948,0.027791,0.001492,0.009512,0.0,0.0,0.196399,0.0,0.0,0.0,0.0,0.0,0.0,0.0,0.0,0.0,0.0,0.0,0.0,0.0,0.0,0.0,0.0,0.0,0.0,0.0,0.0,0.0,0.0,0.0
zzy-222@62j-sgx-qcq_270_02186,0.23906,0.131846,0.365601,0.000117,0.0,0.0,0.0,0.0,0.132153,0.007886,0.100129,0.0,0.0,0.0,0.023208,0.0,0.0,0.0,0.0,0.0,0.0,0.0,0.0,0.0,0.0,0.0,0.0,0.0,0.0,0.0,0.0,0.0,0.0,0.0,0.0,0.0,0.0,0.0
zzy-222@62j-sgx-qcq_90_02186,0.112566,0.31043,0.285044,0.016318,0.0,0.0,0.0,0.0,0.166699,0.010183,0.043889,0.0,0.0,0.0,0.054871,0.0,0.0,0.0,0.0,0.0,0.0,0.0,0.0,0.0,0.0,0.0,0.0,0.0,0.0,0.0,0.0,0.0,0.0,0.0,0.0,0.0,0.0,0.0
zzy-222@62j-sjh-mkz_0_02124,0.1304,0.37186,0.093958,0.048452,0.0,0.0,0.0,0.001357,0.027385,0.0,0.277048,0.0,0.0,0.0,0.01783,0.0,0.0,0.0,0.0,0.0,0.0,0.028774,0.0,0.0,0.0,0.0,0.0,0.0,0.0,0.0,0.0,0.0,0.0,0.0,0.0,0.0,0.0,0.0
zzy-222@62j-sjh-mkz_180_02124,0.187322,0.0,0.033774,0.020645,0.0,0.0,0.000886,0.0,0.429531,0.014802,0.289714,0.0,0.0,0.0,0.011912,0.0,0.0,0.0,0.0,0.0,0.0,0.000691,0.0,0.0,0.0,0.0,0.0,0.0,0.0,0.0,0.0,0.0,0.0,0.0,0.0,0.0,0.0,0.0
zzy-222@62j-sjh-mkz_270_02124,0.085015,0.387766,0.316057,0.016948,0.0,0.0,0.0,0.001128,0.050754,9.3e-05,0.045085,0.0,0.0,0.002166,0.058206,0.0,0.0,0.0,0.0,0.0,0.0,0.03283,0.0,0.0,0.0,0.0,0.0,0.0,0.0,0.0,0.0,0.0,0.0,0.0,0.0,0.0,0.0,0.0
zzy-222@62j-sjh-mkz_90_02124,0.274976,0.104231,0.342068,0.01321,0.00031,0.0,0.0,0.025879,0.150103,0.005127,0.026987,0.0,0.0,0.00043,0.044292,0.0,0.0,0.0,0.0,0.0,0.0,0.001677,0.0,0.0,0.0,0.0,0.0,0.0,0.0,0.0,0.0,0.0,0.0,0.0,0.0,0.0,0.0,0.0
zzy-222@62j-sjk-qs5_0_02125,0.41332,0.076934,0.445647,0.021726,0.0,0.005164,0.0,0.002048,0.02272,0.0,0.001506,0.0,0.0,0.000154,0.010754,0.0,0.0,0.0,0.0,0.0,0.0,0.0,0.0,0.0,0.0,0.0,0.0,0.0,0.0,0.0,0.0,0.0,0.0,0.0,0.0,0.0,0.0,0.0
zzy-222@62j-sjk-qs5_180_02125,0.440693,0.061643,0.428792,0.01311,0.0,0.028127,0.0,0.000227,0.001191,0.0,0.005625,0.0,0.0,0.0,0.0,0.0,0.0,0.0,0.0,0.0,0.0,0.0,0.0,0.0,0.0,0.0,0.0,0.0,0.0,0.0,0.0,0.0,0.0,0.0,0.0,0.0,0.0,0.0
zzy-222@62j-sjk-qs5_270_02125,0.367026,0.110527,0.400652,0.040662,0.003174,0.024307,0.0,0.0,0.009778,0.01759,0.004612,5e-06,0.0,0.0,0.012842,0.0,0.0,0.0,0.0,0.0,0.0,0.0,0.0,0.0,0.0,0.008447,0.000334,0.0,0.0,0.0,0.0,0.0,0.0,0.0,0.0,0.0,0.0,0.0
zzy-222@62j-sjk-qs5_90_02125,0.486807,0.009302,0.168442,0.015413,0.00147,0.199524,0.018894,0.0,5.4e-05,0.0,0.0,0.000615,0.0,0.001299,0.028877,0.0,0.0,0.002559,0.0,0.0,0.0,1.5e-05,0.0,0.0,0.0,0.0,0.0,3.9e-05,0.0,0.0,0.0,0.0,0.0,0.0,0.0,0.0,0.0,0.0
zzy-222@62j-srb-wx5_0_01702,0.427839,0.032744,0.410002,0.00481,0.000254,0.0,0.0,0.0,0.051729,0.002051,0.003535,0.001514,0.0,0.00448,0.051868,0.0,0.0,0.0,0.0,0.0,0.0,0.0,0.0,0.0,0.0,0.0,0.0,0.0,0.0,0.0,0.0,0.0,0.0,0.0,0.0,0.0,0.0,0.0
zzy-222@62j-srb-wx5_180_01702,0.310815,0.116643,0.415845,0.008616,0.0,0.016064,5e-06,0.00519,0.068232,0.002202,0.0,0.004653,0.0,0.000452,0.022126,0.0,0.0,0.0,0.0,0.0,0.0,0.0,0.0,0.0,0.0,0.0,0.0,0.0,0.0,0.0,0.0,0.0,0.0,0.0,0.0,0.0,0.0,0.0
zzy-222@62j-srb-wx5_270_01702,0.306104,0.047283,0.403765,0.0,0.0,0.000562,0.005652,0.0,0.179167,0.012043,0.035784,0.000396,0.0,0.000134,0.008496,0.0,0.0,0.0,0.0,0.0,0.0,0.0,0.0,0.0,0.0,0.0,0.0,0.0,0.0,0.0,0.0,0.0,0.0,0.0,0.0,0.0,0.0,0.0
zzy-222@62j-srb-wx5_90_01702,0.341846,0.131028,0.140471,0.013218,0.0,0.000134,0.0,0.0,0.021211,0.009299,0.010005,0.007737,0.0003,0.003098,0.290684,0.0,0.0,0.0,0.0,0.0,0.0,0.0,0.0,0.0,0.0,0.0,0.0,0.0,0.000701,0.0,0.0,0.0,0.0,0.0,0.0,0.0,0.0,0.0
zzy-222@62j-t3b-wx5_0_01824,0.264285,0.272083,0.188247,0.00054,0.0,0.247554,0.0,7.6e-05,0.0,0.024292,0.0,0.002925,0.0,0.0,0.0,0.0,0.0,0.0,0.0,0.0,0.0,0.0,0.0,0.0,0.0,0.0,0.0,0.0,0.0,0.0,0.0,0.0,0.0,0.0,0.0,0.0,0.0,0.0
zzy-222@62j-t3b-wx5_180_01824,0.236467,0.320691,0.0,0.029001,0.0,0.389941,0.0,0.021868,0.0,0.0,0.0,8.3e-05,0.0,0.0,0.0,0.0,0.0,0.0,0.0,0.0,0.0,0.0,0.0,0.0,0.0,0.0,0.0,0.0,0.0,0.0,0.0,0.0,0.0,0.0,0.0,0.0,0.0,0.0
zzy-222@62j-t3b-wx5_270_01824,0.130981,0.50219,2.2e-05,0.0,0.0,0.36438,0.0,0.0,0.0,0.000562,0.0,0.0,0.0,0.0,0.0,0.0,0.0,0.0,0.0,0.0,0.0,0.0,0.0,0.0,0.0,0.0,0.0,0.0,0.0,0.0,0.0,0.0,0.0,0.0,0.0,0.0,0.0,0.0
zzy-222@62j-t3b-wx5_90_01824,0.408921,0.084458,0.000322,0.039629,0.0,0.459434,0.0,0.002725,0.000894,1e-05,0.0,0.000371,0.0,0.0,0.0,0.0,0.003208,0.0,0.0,0.0,0.0,0.0,0.0,0.0,0.0,0.0,0.0,0.0,0.0,0.0,0.0,0.0,0.0,0.0,0.0,0.0,0.0,0.0
zzy-222@62j-t4r-zj9_0_01824,0.153203,0.397466,0.0,0.151047,0.0,0.242915,0.0,0.0,0.0,0.0,0.0,0.0,0.0,0.000176,0.0,0.0,0.0,0.0,0.0,0.0,0.0,0.0,0.0,0.0,0.0,0.0,0.0,0.0,0.0,0.0,0.0,0.0,0.0,0.0,0.0,0.0,0.0,0.0
zzy-222@62j-t4r-zj9_180_01824,0.437244,0.089893,0.0,0.000161,0.0,0.32363,0.0,0.000366,0.0,0.0,0.0,0.002388,0.0,0.0,0.0,0.0,0.041252,0.0,0.0,0.0,0.0,0.0,0.0,0.0,0.0,0.0,0.0,0.0,0.0,0.0,0.0,0.0,0.0,0.0,0.0,0.0,0.0,0.0
zzy-222@62j-t4r-zj9_270_01824,0.39343,0.127295,0.16874,0.002122,0.000676,0.155989,0.0,0.000266,0.0,0.005115,0.0,0.000159,0.0,0.0,0.0,0.0,0.017966,0.0,0.0,0.0,0.0,0.0,0.0,0.0,0.0,0.0,0.0,0.0,0.0,0.0,0.0,0.0,0.0,0.0,0.0,0.0,0.0,0.0
zzy-222@62j-t4r-zj9_90_01824,0.128386,0.39905,0.097239,0.144636,0.0,0.189675,0.0,0.001516,0.0,0.0,0.001196,0.0,0.0,0.0,0.0,0.0,0.0,0.012678,0.0,0.0,0.0,0.0,0.0,0.0,0.0,0.0,0.0,0.0,0.0,0.0,0.0,0.0,0.0,0.0,0.0,0.0,0.0,0.0
zzy-222@62j-t54-yvz_0_01852,0.0,0.347986,0.0,0.0,0.0,0.000276,0.0,0.015276,0.49385,0.0,0.0,0.0,0.0,0.018367,0.0,0.0,0.0,0.0,0.0,0.0,0.0,0.110037,0.0,0.0,0.0,0.0,0.0,0.0,0.0,0.0,0.0,0.0,0.0,0.0,0.0,0.0,0.0,0.0
zzy-222@62j-t54-yvz_180_01852,0.37802,0.05728,0.0,0.0,0.0,0.018823,0.121497,0.010183,0.097424,0.000156,0.000264,0.0,0.0,0.0,0.0,0.0,0.305613,0.0,0.0,0.0,0.0,0.003347,0.0,0.0,0.0,0.0,0.0,0.0,0.0,0.0,0.0,0.0,0.0,0.0,0.0,0.0,0.0,0.0
zzy-222@62j-t54-yvz_270_01852,0.138826,0.090623,0.0,0.0,0.010513,0.003625,0.020049,0.004058,0.380071,0.0,0.0,0.0,0.0,0.001733,0.00616,0.001069,0.0,0.0,0.0,0.018101,0.0,0.103545,0.0,0.0,0.0,0.0,0.0,0.0,0.0,0.0,0.0,0.0,0.0,0.0,0.0,0.0,0.0,0.0
zzy-222@62j-t54-yvz_90_01852,0.285376,0.01877,0.0,0.002271,0.0,0.000898,0.0851,0.039741,0.293044,0.002053,0.000168,0.0,0.0,0.000449,0.118347,0.0,0.126909,0.0,0.0,0.0,0.002207,0.003882,0.0,0.0,0.0,0.0,0.0,0.0,0.0,0.0,0.0,0.0,0.0,0.0,0.0,0.0,0.0,0.0
zzy-222@62j-wc2-fxq_0_03903,0.392864,0.101475,0.334065,0.066646,0.0,0.064905,0.0,0.0,0.0,0.004648,0.001074,0.000151,0.0,0.000129,0.000398,0.0,0.0,0.0,0.0,0.0,0.0,0.0,0.0,0.0,0.0,0.0,0.0,0.0,0.0,0.0,0.0,0.0,0.0,0.0,0.0,0.0,0.0,0.0
zzy-222@62j-wc2-fxq_180_03903,0.279368,0.185881,0.389492,0.08064,0.0,0.0,0.001033,0.0,0.005735,0.006172,0.000312,0.0,0.0,0.00177,0.000178,0.0,0.0,0.0,0.0,0.0,0.0,0.0,0.0,0.0,0.0,0.0,0.0,0.0,0.0,0.0,0.0,0.0,0.0,0.0,0.0,0.0,0.0,0.0
zzy-222@62j-wc2-fxq_270_03903,0.230532,0.267893,0.427378,0.067573,0.0,0.0,0.000579,2e-06,0.000815,0.004009,0.000938,0.000278,0.0,0.0,2e-06,0.0,0.0,0.0,0.0,0.0,0.0,0.0,0.0,0.0,0.0,0.0,0.0,0.0,0.0,0.0,0.0,0.0,0.0,0.0,0.0,0.0,0.0,0.0
zzy-222@62j-wc2-fxq_90_03903,0.285442,0.260527,0.174136,0.165703,0.0,0.084448,0.0,0.0,0.003315,0.009907,0.001777,0.0,0.0,0.0,0.000698,0.0,0.0,0.0,0.0,0.0,0.0,0.0,0.0,0.0,0.0,0.0,0.0,0.0,0.0,0.0,0.0,0.0,0.0,0.0,0.0,0.0,0.0,0.0
zzy-222@62j-wty-hbk_0_03901,0.222092,0.330962,0.366267,0.07344,0.0,0.005388,0.0,0.000649,0.0,0.0,0.001201,0.0,0.0,0.0,0.0,0.0,0.0,0.0,0.0,0.0,0.0,0.0,0.0,0.0,0.0,0.0,0.0,0.0,0.0,0.0,0.0,0.0,0.0,0.0,0.0,0.0,0.0,0.0
zzy-222@62j-wty-hbk_180_03901,0.233896,0.3201,0.323594,0.11573,0.0,0.0,0.0,0.0,0.005798,0.0,0.000486,0.0,0.0,0.000264,0.0,0.0,0.0,0.0,0.0,0.0,0.0,0.0,0.0,0.0,0.0,0.0,0.0,0.0,0.0,0.0,0.0,0.0,0.0,0.0,0.0,0.0,0.0,0.0
zzy-222@62j-wty-hbk_270_03901,0.117183,0.325225,0.373381,0.114041,0.0,0.0,0.0,0.0,0.004216,0.006084,0.000142,0.0,0.0,0.0,0.0,0.0,0.0,0.0,0.0,0.0,0.0,0.0,0.0,0.0,0.0,0.0,0.0,0.0,0.0,0.0,0.0,0.0,0.0,0.0,0.0,0.0,0.0,0.0
zzy-222@62j-wty-hbk_90_03901,0.005378,0.708381,0.028311,0.144944,0.0,0.0,0.0,0.0,0.0,0.061013,0.0,0.0,0.0,0.0,0.007002,0.0,0.0,0.0,0.0,0.0,0.0,0.0,0.0,0.0,0.0,0.0,0.0,0.0,0.0,0.0,0.0,0.0,0.0,0.0,0.0,0.0,0.0,0.0
zzy-222@62j-wx9-pqf_0_03905,0.165403,0.354941,0.322871,0.058582,0.0,0.0,0.048823,0.000786,0.002126,0.041741,0.0,0.002976,0.0,0.0,0.0,0.0,0.0,0.0,0.0,0.0,0.0,0.0,0.0,0.0,0.0,0.0,0.0,0.0,0.0,0.0,0.0,0.0,0.0,0.0,0.0,0.0,0.0,0.0
zzy-222@62j-wx9-pqf_180_03905,0.279338,0.164692,0.433999,0.0,0.000645,0.001936,1.5e-05,0.0,0.101267,0.000796,0.010415,0.000889,0.0,0.0,0.0,0.0,0.0,0.0,0.0,0.0,0.0,0.0,0.0,0.0,7.6e-05,0.0,0.0,0.0,0.0,0.0,0.0,0.0,0.0,0.0,0.0,0.0,0.0,0.0
zzy-222@62j-wx9-pqf_270_03905,0.320088,0.148418,0.428237,0.015471,0.0,0.0,0.001025,0.021777,0.036809,0.02783,0.0,2.2e-05,0.0,0.000132,0.00019,0.0,0.0,0.0,0.0,0.0,0.0,0.0,0.0,0.0,0.0,0.0,0.0,0.0,0.0,0.0,0.0,0.0,0.0,0.0,0.0,0.0,0.0,0.0
zzy-222@62j-wx9-pqf_90_03905,0.282661,0.204641,0.428374,0.019399,0.0,0.0022,0.0,0.014028,1.2e-05,0.022402,0.012046,0.000803,0.0,0.00064,0.000259,0.0,0.0,0.0,0.0,0.0,0.0,0.0,0.0,0.0,0.0,0.0,0.0,0.0,0.0,0.0,0.0,0.0,0.0,0.0,0.0,0.0,0.0,0.0
zzy-222@62j-x36-8n5_0_03901,0.161189,0.411902,0.268025,0.112202,0.0,0.046682,0.0,0.0,0.0,0.0,0.0,0.0,0.0,0.0,0.0,0.0,0.0,0.0,0.0,0.0,0.0,0.0,0.0,0.0,0.0,0.0,0.0,0.0,0.0,0.0,0.0,0.0,0.0,0.0,0.0,0.0,0.0,0.0
zzy-222@62j-x36-8n5_180_03901,0.174167,0.393191,0.346599,0.047136,0.0,0.037622,0.0,0.0,0.0,0.000276,0.0,0.0,0.0,0.00042,0.0,0.0,0.0,0.0,0.0,0.0,0.0,0.0,0.0,0.0,0.0,0.0,0.0,0.0,0.0,0.0,0.0,0.0,0.0,0.0,0.0,0.0,0.0,0.0
zzy-222@62j-x36-8n5_270_03901,0.013269,0.56563,0.278208,0.078301,0.0,0.036038,0.0,0.0,0.0,0.021492,0.0,0.0,0.0,0.0,0.002808,0.0,0.0,0.0,0.0,0.0,0.0,0.0,0.0,0.0,0.0,0.0,0.0,0.0,0.0,0.0,0.0,0.0,0.0,0.0,0.0,0.0,0.0,0.0
zzy-222@62j-x36-8n5_90_03901,0.0,0.686814,0.0,0.011602,0.0,0.300234,0.0,0.0,0.0,0.00135,0.0,0.0,0.0,0.0,0.0,0.0,0.0,0.0,0.0,0.0,0.0,0.0,0.0,0.0,0.0,0.0,0.0,0.0,0.0,0.0,0.0,0.0,0.0,0.0,0.0,0.0,0.0,0.0
zzy-222@62j-y7q-mkz_0_02631,0.410789,0.111384,0.411921,0.021016,0.0,0.017869,0.0,0.0,0.000408,0.010049,0.007617,0.001943,0.0,0.000583,5e-06,0.0,0.0,0.0,0.0,0.0,0.0,0.0,0.0,0.0,0.0,0.0,0.0,0.0,0.0,0.0,0.0,0.0,0.0,0.0,0.0,0.0,0.0,0.0
zzy-222@62j-y7q-mkz_180_02631,0.300034,0.2648,0.380486,0.0,0.0,0.046782,0.0,0.0,0.0,0.0,0.002188,0.0,0.0,0.0,0.0,0.0,0.0,0.0,0.0,0.0,0.0,0.0,0.0,0.0,0.0,0.0,0.0,0.0,0.0,0.0,0.0,0.0,0.0,0.0,0.0,0.0,0.0,0.0
zzy-222@62j-y7q-mkz_270_02631,0.323645,0.257844,0.348481,0.001768,0.0,0.064495,0.0,0.002371,0.000232,0.0,0.0,0.001038,0.0,0.0,0.0,0.0,0.0,0.0,0.0,0.0,9.3e-05,0.0,0.0,0.0,0.0,0.0,0.0,0.0,0.0,0.0,0.0,0.0,0.0,0.0,0.0,0.0,0.0,0.0
zzy-222@62j-y7q-mkz_90_02631,0.094348,0.508923,0.278254,0.000125,0.0,0.100178,0.0,0.0,0.0,0.0,0.0,2.2e-05,0.0,2e-05,0.0,0.0,0.0,0.0,0.0,0.0,0.0,0.0,0.0,0.0,0.0,0.0,0.0,0.0,0.0,0.0,0.0,0.0,0.0,0.0,0.0,0.0,0.0,0.0
zzy-222@62j-y7w-rx5_0_02631,0.181589,0.342585,0.416492,0.007122,0.0,0.052212,0.0,0.0,0.0,0.0,0.0,0.0,0.0,0.0,0.0,0.0,0.0,0.0,0.0,0.0,0.0,0.0,0.0,0.0,0.0,0.0,0.0,0.0,0.0,0.0,0.0,0.0,0.0,0.0,0.0,0.0,0.0,0.0
zzy-222@62j-y7w-rx5_180_02631,0.044109,0.544463,0.012598,2.9e-05,0.0,0.345718,0.0,0.0,0.0,0.000852,0.0,0.006536,0.0,0.0,0.0,0.0,0.0,0.0,0.0,0.0,0.0,0.0,0.0,0.0,0.0,0.0,0.0,0.0,0.0,0.0,0.0,0.0,0.0,0.0,0.0,0.0,0.0,0.0
zzy-222@62j-y7w-rx5_270_02631,0.029219,0.606025,0.008325,0.002166,0.0,0.35408,0.0,0.0,0.0,0.0,0.0,0.000186,0.0,0.0,0.0,0.0,0.0,0.0,0.0,0.0,0.0,0.0,0.0,0.0,0.0,0.0,0.0,0.0,0.0,0.0,0.0,0.0,0.0,0.0,0.0,0.0,0.0,0.0
zzy-222@62j-y7w-rx5_90_02631,0.018787,0.491594,0.010471,0.193916,0.0,0.187786,0.0,0.0,4.4e-05,0.0,0.0,0.003823,0.0,0.0,0.0,0.0,0.000305,0.077883,0.0,0.0,0.0,0.0,0.0,0.0,0.0,0.0,0.0,0.0,0.0,0.0,0.0,0.0,0.0,0.0,0.0,0.0,0.0,0.0
zzy-222@62k-67y-5vf_0_02652,0.415137,0.070291,0.38146,0.026411,2e-05,0.045076,0.007395,0.004358,0.022549,0.011323,0.0,0.000112,0.0,0.0,0.0,0.0,0.0,0.0,0.0,0.0,0.0,0.0,0.0,0.0,0.0,0.0,0.0,0.0,0.0,0.0,0.0,0.0,0.0,0.0,0.0,0.0,0.0,0.0
zzy-222@62k-67y-5vf_180_02652,0.410625,0.073499,0.023613,0.368198,0.0,0.026189,2e-05,0.00916,0.04856,0.007075,0.0,0.0,0.003428,0.0,0.0,0.0,0.0,0.0,0.0,0.0,0.0,0.0,0.0,0.0,0.0,0.0,0.0,0.0,0.0,0.0,0.0,0.0,0.0,0.0,0.0,0.0,0.0,0.0
zzy-222@62k-67y-5vf_270_02652,0.438701,0.055061,0.205815,0.007383,0.0,0.066482,0.0,0.00106,0.033755,0.176311,0.000962,0.0,0.0,0.000752,0.0,0.0,0.0,0.000212,0.0,0.0,0.0,0.0,0.0,0.0,0.0,0.0,0.0,0.0,0.0,0.0,0.0,0.0,0.0,0.0,0.0,0.0,0.0,0.0
zzy-222@62k-67y-5vf_90_02652,0.404829,0.071174,0.425989,0.015972,0.0,0.034211,0.0,0.003655,0.025266,0.004402,0.002041,0.0,0.0,0.001079,0.0,5e-06,0.0,0.0,0.0,0.0,0.0,0.0,0.0,0.0,0.0,0.0,0.0,0.0,0.0,0.0,0.0,0.0,0.0,0.0,0.0,0.0,0.0,0.0
zzy-222@62k-963-bhq_0_01535,0.07947,0.460481,0.365847,0.052668,0.0,0.0,0.000925,0.000518,0.000237,0.020745,0.0,0.0,0.0,0.0,0.0,0.0,0.0,0.0,0.0,0.0,0.0,0.0,0.0,0.0,0.0,0.0,0.0,0.0,0.0,0.0,0.0,0.0,0.0,0.0,0.0,0.0,0.0,0.0
zzy-222@62k-963-bhq_180_01535,0.0503,0.469719,0.398984,0.034583,0.0,0.012786,0.0,0.0,0.000312,0.021018,0.0,0.0,0.0,0.0,0.012297,0.0,0.0,0.0,0.0,0.0,0.0,0.0,0.0,0.0,0.0,0.0,0.0,0.0,0.0,0.0,0.0,0.0,0.0,0.0,0.0,0.0,0.0,0.0
zzy-222@62k-963-bhq_270_01535,0.0,0.624878,0.028528,0.131042,0.0,0.016538,0.0,0.0,0.0,0.0,0.0,0.0,0.0,0.0,0.0,0.0,0.0,0.0,0.0,0.0,0.0,0.0,0.0,0.0,0.0,0.0,0.0,0.0,0.0,0.0,0.0,0.0,0.0,0.0,0.0,0.0,0.0,0.0
zzy-222@62k-963-bhq_90_01535,0.202915,0.280706,0.120056,0.264509,0.0,0.0,0.002668,0.004556,0.006062,0.015413,0.0,0.009019,0.0,0.0,0.048091,0.0,0.0,0.0,0.0,0.0,0.0,0.0,0.0,0.0,0.0,0.0,0.0,0.0,0.0,0.0,0.0,0.0,0.0,0.0,0.0,0.0,0.0,0.0
zzy-222@62k-g69-bkz_0_05146,0.204207,0.323496,0.180999,0.275039,0.0,0.0,0.007322,0.0,0.0,0.0,0.0,7e-06,0.0,0.0,0.0,0.0,0.0,0.000247,0.0,0.0,0.0,0.0,0.0,0.0,0.0,0.0,0.0,0.0,0.0,0.0,0.0,0.0,0.0,0.0,0.0,0.0,0.0,0.0
zzy-222@62k-g69-bkz_180_05146,0.354448,0.137551,0.330779,0.164927,0.0,0.0,0.0,0.0,0.0,0.0,0.000903,0.0,0.0,0.0,0.0,0.0,0.0,0.008909,0.0,0.0,0.0,0.0,0.0,0.0,0.0,0.0,0.0,0.0,0.0,0.0,0.0,0.0,0.0,0.0,0.0,0.0,0.0,0.0
zzy-222@62k-g69-bkz_270_05146,0.333501,0.188723,0.023452,0.17991,0.0,0.044841,0.0,0.0,0.0,0.02686,0.0,0.0,0.0,0.0,0.0,0.0,0.0,0.0,0.0,0.0,0.0,0.0,0.0,0.0,0.0,0.0,0.0,0.0,0.0,0.0,0.0,0.0,0.0,0.0,0.0,0.0,0.0,0.0
zzy-222@62k-g69-bkz_90_05146,0.349324,0.171692,0.198044,0.179817,0.0,0.065337,0.0,0.0,0.001587,0.0,0.000386,0.000457,0.0,0.0,0.0,0.0,0.0,0.010605,0.0,0.0,0.0,0.0,0.0,0.0,0.0,0.0,0.0,0.0,0.0,0.0,0.0,0.0,0.0,0.0,0.0,0.0,0.0,0.0
zzy-222@62k-jgp-xyv_0_02907,0.026931,0.482493,0.381069,0.028564,0.0,0.010837,0.001086,0.001345,0.018408,0.010889,0.004478,2.2e-05,0.0,0.0,0.026414,0.0,0.0,0.0,0.0,0.0,0.0,0.0,0.0,0.0,0.0,0.0,0.0,0.0,0.0,0.0,0.0,0.0,0.0,0.0,0.0,0.0,0.0,0.0
zzy-222@62k-jgp-xyv_180_02907,0.371555,0.045217,0.057939,0.146221,0.0,0.0,0.0,0.002361,0.059534,0.028828,0.015686,0.0,0.0,0.0,0.185193,0.001497,0.0,0.0,0.0,0.0,0.0,0.0,0.0,0.0,0.0,0.0,0.0,0.0,0.0,0.0,0.0,0.0,0.0,0.0,0.0,0.0,0.0,0.0
zzy-222@62k-jgp-xyv_270_02907,0.325059,0.126775,0.356982,0.033057,0.0,4.4e-05,0.0,0.0,0.049966,0.0254,0.002493,0.00052,0.0,0.000117,0.053472,0.0,0.0,0.0,0.0,0.0,0.0,0.0,0.0,0.0,0.0,0.0,0.0,0.0,0.0,0.0,0.0,0.0,0.0,0.0,0.0,0.0,0.0,0.0
zzy-222@62k-jgp-xyv_90_02907,0.284802,0.174753,0.363496,0.048586,0.0,0.0,0.0,0.005881,0.074207,0.003442,0.002524,0.001646,0.0,0.001123,0.034802,0.0,0.0,0.0,0.0,0.0,0.0,0.0,0.0,0.0,0.0,0.0,0.0,0.0,0.0,0.0,0.0,0.0,0.0,0.0,0.0,0.0,0.0,0.0
zzy-222@62k-jh2-yvz_0_02769,0.021042,0.849668,0.0,0.029661,0.0,0.0,0.0,0.0,0.0,0.004377,0.0,0.0,0.0,0.0,0.0,0.0,0.0,0.000754,0.0,0.0,0.0,0.0,0.0,0.0,0.0,0.0,0.0,0.0,0.0,0.0,0.0,0.0,0.0,0.0,0.0,0.0,0.0,0.0
zzy-222@62k-jh2-yvz_180_02769,0.040547,0.552939,0.144629,0.0,0.0,0.232959,0.0,0.0,0.0,0.005647,0.0,0.0,0.0,0.0,0.0,0.0,0.0,0.0,0.0,0.0,0.0,0.0,0.0,0.0,0.0,0.0,0.0,0.0,0.0,0.0,0.0,0.0,0.0,0.0,0.0,0.0,0.0,0.0
zzy-222@62k-jh2-yvz_270_02769,0.000806,0.791189,0.032043,3.7e-05,0.0,0.000159,0.0,0.0,0.0,0.056753,0.0,0.0,0.0,0.0,0.0,0.0,0.003503,0.021396,0.0,0.0,0.0,0.0,0.0,0.0,0.0,0.0,0.0,0.0,0.0,0.0,0.0,0.0,0.0,0.0,0.0,0.0,0.0,0.0
zzy-222@62k-jh2-yvz_90_02769,0.043398,0.57145,0.254968,0.016543,0.0,0.090242,0.0,0.0,0.0,0.0,0.000432,0.0,0.0,0.0,0.0,0.0,0.0,0.0,0.0,0.0,0.0,0.0,0.0,0.0,0.0,0.0,0.0,0.0,0.0,0.0,0.0,0.0,0.0,0.0,0.0,0.0,0.0,0.0
zzy-222@62k-k4c-7kf_0_02879,0.048198,0.506907,0.117349,0.020767,0.0,0.262825,0.0,0.0,0.0,0.018203,0.0,0.0,0.0,0.0,0.0,0.0,0.0,0.0,0.0,0.0,0.0,0.0,0.0,0.0,0.0,0.0,0.0,0.0,0.0,0.0,0.0,0.0,0.0,0.0,0.0,0.0,0.0,0.0
zzy-222@62k-k4c-7kf_180_02879,0.099641,0.583567,0.076218,0.199961,0.0,0.0,0.0,0.000647,0.0,0.01686,0.0,0.0,0.0,0.000112,0.0,0.0,0.0,0.0,0.0,0.0,0.0,0.0,0.0,0.0,0.0,0.0,0.0,0.0,0.0,0.0,0.0,0.0,0.0,0.0,0.0,0.0,0.0,0.0
zzy-222@62k-k4c-7kf_270_02879,0.212942,0.40363,0.236111,0.142876,0.0,0.002471,0.0,0.0,0.0,0.0,0.0,0.0,0.0,0.0,0.0,0.0,0.00197,0.0,0.0,0.0,0.0,0.0,0.0,0.0,0.0,0.0,0.0,0.0,0.0,0.0,0.0,0.0,0.0,0.0,0.0,0.0,0.0,0.0
zzy-222@62k-k4c-7kf_90_02879,0.224082,0.353374,0.329541,0.027729,0.0,0.059629,0.0,0.0,0.0,0.000906,0.0,0.00458,0.0,0.0,0.0,0.0,0.0,0.0,0.0,0.0,0.0,0.0,0.0,0.0,0.0,0.0,0.0,0.0,0.0,0.0,0.0,0.0,0.0,0.0,0.0,0.0,0.0,0.0
zzy-222@62k-m2k-xwk_0_06071,0.10322,0.510393,0.212961,0.0955,0.0,0.0,0.0,0.0,0.0,0.077925,0.0,0.0,0.0,0.0,0.0,0.0,0.0,0.0,0.0,0.0,0.0,0.0,0.0,0.0,0.0,0.0,0.0,0.0,0.0,0.0,0.0,0.0,0.0,0.0,0.0,0.0,0.0,0.0
zzy-222@62k-m2k-xwk_180_06071,0.134829,0.430015,0.333303,0.008135,0.0,0.088735,0.0,0.0,0.0,0.004983,0.0,0.0,0.0,0.0,0.0,0.0,0.0,0.0,0.0,0.0,0.0,0.0,0.0,0.0,0.0,0.0,0.0,0.0,0.0,0.0,0.0,0.0,0.0,0.0,0.0,0.0,0.0,0.0
zzy-222@62k-m2k-xwk_270_06071,0.002644,0.678689,0.277144,0.004492,0.0,0.010552,0.0,0.0,0.0,0.026172,0.0,0.0,0.0,0.0,0.0,0.0,0.0,0.0,0.0,0.0,0.0,0.0,0.0,0.0,0.0,0.0,0.0,0.0,0.0,0.000308,0.0,0.0,0.0,0.0,0.0,0.0,0.0,0.0
zzy-222@62k-m2k-xwk_90_06071,0.012319,0.635701,0.113015,0.139407,0.0,0.0,0.0,0.0,0.0,0.099558,0.0,0.0,0.0,0.0,0.0,0.0,0.0,0.0,0.0,0.0,0.0,0.0,0.0,0.0,0.0,0.0,0.0,0.0,0.0,0.0,0.0,0.0,0.0,0.0,0.0,0.0,0.0,0.0
zzy-222@62k-mhx-pgk_0_01057,0.20094,0.428879,0.343984,0.0,0.0,0.006238,0.0,0.019688,0.0,0.0,0.0,0.0,0.0,0.0,0.0,0.0,0.0,0.0,0.0,0.0,0.000271,0.0,0.0,0.0,0.0,0.0,0.0,0.0,0.0,0.0,0.0,0.0,0.0,0.0,0.0,0.0,0.0,0.0
zzy-222@62k-mhx-pgk_180_01057,0.104851,0.482458,0.335283,0.005312,0.0,0.014104,0.0,0.027444,0.0,5e-06,0.0,0.0,0.0,0.0,0.0,0.0,0.0,0.0,0.0,0.0,0.015066,0.010605,0.0,0.0,0.0,0.0,0.0,0.0,0.0,0.0,0.0,0.0,0.0,0.0,0.0,0.0,0.0,0.0
zzy-222@62k-mhx-pgk_270_01057,0.023542,0.62968,0.0,0.0,0.0,0.306931,0.0,0.028579,0.0,1e-05,0.0,0.0,0.0,0.0,0.0,0.0,0.0,0.0,0.0,0.0,0.0,0.011257,0.0,0.0,0.0,0.0,0.0,0.0,0.0,0.0,0.0,0.0,0.0,0.0,0.0,0.0,0.0,0.0
zzy-222@62k-mhx-pgk_90_01057,0.016907,0.727849,0.001233,0.000681,0.0,0.149512,0.0,0.060779,0.0,0.041909,0.0,0.0,0.0,0.0,0.0,0.0,0.001096,0.0,0.0,0.0,0.0,0.0,0.0,0.0,0.0,0.0,0.0,0.0,0.0,0.0,0.0,0.0,0.0,0.0,0.0,0.0,0.0,0.0
zzy-222@62k-nyx-gtv_0_02038,0.088918,0.451235,0.200405,0.0002,0.00032,0.254929,0.0,0.0,0.000129,0.0,0.0,0.0,0.0,0.0,0.0,0.0,0.001414,3.4e-05,0.0,0.0,0.0,0.0,0.0,0.0,0.0,0.0,0.0,0.0,0.0,0.0,0.0,0.0,0.0,0.0,0.0,0.0,0.0,0.0
zzy-222@62k-nyx-gtv_180_02038,0.327036,0.1979,0.39334,0.04967,0.0,0.01436,0.0,0.0,0.010444,0.000693,0.005955,0.0,0.0,0.0,0.0,0.0,0.0,0.0,0.0,0.0,0.0,0.0,0.0,0.0,0.0,0.0,0.0,0.0,0.0,0.0,0.0,0.0,0.0,0.0,0.0,0.0,0.0,0.0
zzy-222@62k-nyx-gtv_270_02038,0.0,0.621199,0.075342,0.000894,0.0,0.278325,0.001592,0.0,0.0,0.005918,0.0,0.0,0.0,0.0,0.0,0.0,0.004246,0.012485,0.0,0.0,0.0,0.0,0.0,0.0,0.0,0.0,0.0,0.0,0.0,0.0,0.0,0.0,0.0,0.0,0.0,0.0,0.0,0.0
zzy-222@62k-nyx-gtv_90_02038,0.298672,0.205813,0.329563,0.075662,0.0,0.040994,0.0,0.0,0.038513,0.002449,0.008125,0.0,0.0,0.0,0.0,0.0,0.0,0.0,0.00021,0.0,0.0,0.0,0.0,0.0,0.0,0.0,0.0,0.0,0.0,0.0,0.0,0.0,0.0,0.0,0.0,0.0,0.0,0.0
zzy-222@62k-pwg-5s5_0_02748,0.407471,0.047979,0.232668,0.221958,0.0,0.0,0.0,0.001848,0.077693,0.003394,0.000273,2e-06,0.0,0.0,0.0,0.0,0.0,0.0,0.0,0.0,0.0,0.000266,0.0,0.0,0.0,0.0,0.0,0.0,0.0,0.0,0.0,0.0,0.0,0.0,0.0,0.0,0.0,0.0
zzy-222@62k-pwg-5s5_180_02748,0.187524,0.3648,0.339302,0.091282,0.0,0.0,0.0,0.0,0.000771,0.0,0.000488,0.0,0.0,0.0,0.002444,0.000598,0.0,0.0,0.0,0.0,0.0,0.0,0.0,0.0,0.0,0.0,0.0,0.0,0.0,0.0,0.0,0.0,0.0,0.0,0.0,0.0,0.0,0.0
zzy-222@62k-pwg-5s5_270_02748,0.371621,0.123164,0.355049,0.096145,0.0,0.0,0.0,0.0,0.004158,0.009055,0.0,0.0,0.0,7.6e-05,0.000266,0.0,0.0,0.0,0.0,0.0,0.0,0.0,0.0,0.0,0.0,0.0,0.0,0.0,0.0,0.0,0.0,0.0,0.0,0.0,0.0,0.0,0.0,0.0
zzy-222@62k-pwg-5s5_90_02748,0.397051,0.051711,0.282122,0.188948,0.0,0.0,0.000432,0.0,0.01146,0.005703,8.3e-05,0.000242,0.0,4.2e-05,0.0,0.0,0.0,0.0,0.0,0.0,0.0,0.0,0.0,0.0,0.0,0.0,0.0,0.0,0.0,0.0,0.0,0.0,0.0,0.0,0.0,0.0,0.0,0.0
zzy-222@62k-r28-52k_0_01590,0.266399,0.216785,0.38144,0.000845,0.0,0.038528,0.0,0.009458,0.078687,0.0,0.0,0.000115,0.0,0.0,0.0,0.0,0.0,0.0,0.002854,0.0,0.0,0.0,0.0,0.0,0.0,0.0,0.0,0.0,0.0,0.0,0.0,0.0,0.0,0.0,0.0,0.0,0.0,0.0
zzy-222@62k-r28-52k_180_01590,0.233936,0.269905,0.113948,0.189272,0.0,0.000488,0.0,9.8e-05,0.020825,0.004863,0.0,0.0,0.0,0.0,0.0,0.0,0.0,0.0,0.0,0.0,0.0,0.0,0.0,0.0,0.0,0.0,0.0,0.0,0.0,0.0,0.0,0.0,0.0,0.0,0.0,0.0,0.0,0.0
zzy-222@62k-r28-52k_270_01590,0.094653,0.404919,0.284458,0.001765,0.0,0.181067,0.000732,0.000266,0.030518,0.0,0.0,0.001621,0.0,0.0,0.0,0.0,0.0,0.0,0.0,0.0,0.0,0.0,0.0,0.0,0.0,0.0,0.0,0.0,0.0,0.0,0.0,0.0,0.0,0.0,0.0,0.0,0.0,0.0
zzy-222@62k-r28-52k_90_01590,0.396497,0.111448,0.33252,0.113884,0.0,0.0,0.000591,0.006985,0.022222,0.0,0.013159,0.0,0.0,0.000762,0.0,0.0,0.0,0.0,0.0,0.0,0.0,0.0,0.0,0.0,0.0,0.0,0.0,0.0,0.0,0.0,0.0,0.0,0.0,0.0,0.0,0.0,0.0,0.0
zzy-222@62k-r7g-s5z_0_01749,0.322317,0.176394,0.205959,0.075671,0.0,0.146052,0.0,0.000681,0.00584,0.000149,0.011658,0.0,0.0,0.0,0.0,0.0,0.005259,0.0,0.0,0.0,0.0,0.0,0.0,0.0,0.0,0.0,0.0,0.0,0.0,0.0,0.0,0.0,0.0,0.0,0.0,0.0,0.0,0.0
zzy-222@62k-r7g-s5z_180_01749,0.328132,0.154651,0.184966,0.030667,0.0,0.2372,0.014124,0.000457,0.035317,0.00907,0.0,0.0,0.0,0.0,5.9e-05,0.0,0.0,0.0,0.0,0.0,0.0,0.0,0.0,0.0,0.0,0.0,0.0,0.0,0.0,0.0,0.0,0.0,0.0,0.0,0.0,0.0,0.0,0.0
zzy-222@62k-r7g-s5z_270_01749,0.065161,0.462898,0.02408,0.126084,0.0,0.231636,0.0,0.001572,0.055957,0.000286,0.0,0.0,0.0,0.0,0.0,0.0,0.0,0.0,0.0,0.0,0.0,0.0,0.0,0.0,0.0,0.0,0.0,0.0,0.0,0.0,0.0,0.0,0.0,0.0,0.0,0.0,0.0,0.0
zzy-222@62k-r7g-s5z_90_01749,0.022764,0.42561,0.007197,0.0,0.000964,0.432629,0.01115,0.0,0.074348,0.0,0.0,0.0,0.0,0.0,0.000239,0.0,0.0,0.0,0.0,0.0,0.0,0.0,0.0,0.0,0.0,0.0,0.0,0.0,0.0,0.0,0.0,0.0,0.0,0.0,0.0,0.0,0.0,0.0
zzy-222@62k-vrs-dgk_0_04106,0.056497,0.576736,0.0,0.108625,0.0,0.153247,0.0,0.011729,0.0,0.0,0.0,0.0,0.0,0.0,0.0,0.0,0.0,0.0,0.0,0.0,0.0,0.0,0.0,0.0,0.0,0.0,0.0,0.0,0.0,0.0,0.0,0.0,0.0,0.0,0.0,0.0,0.0,0.0
zzy-222@62k-vrs-dgk_180_04106,0.212559,0.300505,0.029438,0.0,0.0,0.420273,0.015349,0.004395,0.010271,0.0,0.001199,0.0,0.0,3.2e-05,0.003127,0.0,0.0,0.0,0.0,0.0,0.0,0.0,0.0,0.0,0.0,0.0,0.0,0.0,0.0,0.0,0.0,0.0,0.0,0.0,0.0,0.0,0.0,0.0
zzy-222@62k-vrs-dgk_270_04106,0.344272,0.203989,0.20595,0.016672,0.0,0.07741,0.000808,0.007947,0.007427,0.001404,0.0,0.0,0.0,0.000156,0.029895,0.0,0.0,0.0,0.0,0.0,0.0,0.0,0.0,0.0,0.0,0.0,0.0,0.0,0.0,0.0,0.0,0.0,0.0,0.0,0.0,0.0,0.0,0.0
zzy-222@62k-vrs-dgk_90_04106,0.271509,0.253074,0.294314,0.022834,0.0,0.12425,0.0,0.0,0.003616,0.000833,0.0,0.0,0.0,0.002383,0.022876,0.0,0.0,0.0,0.0,0.0,0.0,0.0,0.0,0.0,0.0,0.0,0.0,0.0,0.0,0.0,0.0,0.0,0.0,0.0,0.0,0.0,0.0,0.0
zzy-222@62k-vyn-9cq_0_04087,0.346001,0.218787,0.260435,0.028608,0.0,0.000425,0.0,0.0,0.002151,0.0,0.0,0.0,0.0,0.0,0.0,0.0,0.0,0.0,0.0,0.0,0.0,0.0,0.0,0.0,0.0,0.0,0.0,0.0,0.0,0.0,0.0,0.0,0.0,0.0,0.0,0.0,0.0,0.0
zzy-222@62k-vyn-9cq_180_04087,0.107725,0.584314,0.202925,0.005354,0.0,0.042732,0.0,0.0,0.0,0.0,0.0,0.0,0.0,0.0,0.0,0.0,0.0,0.056951,0.0,0.0,0.0,0.0,0.0,0.0,0.0,0.0,0.0,0.0,0.0,0.0,0.0,0.0,0.0,0.0,0.0,0.0,0.0,0.0
zzy-222@62k-vyn-9cq_270_04087,0.19698,0.360862,0.341575,0.034536,0.0,0.033416,0.0,0.0,0.001956,0.010964,0.0,0.0,0.0,1.2e-05,7e-06,0.0,0.0,0.0,0.0,0.0,0.0,0.0,0.0,0.0,0.0,0.0,0.0,0.0,0.0,0.0,0.0,0.0,0.0,0.0,0.0,0.0,0.0,0.0
zzy-222@62k-vyn-9cq_90_04087,0.046936,0.643098,0.047109,0.0,0.0,0.167144,0.0,0.0,0.0,0.053899,0.0,0.0,0.0,0.0,0.001047,0.0,0.0,0.0,0.0,0.0,0.0,0.0,0.0,0.0,0.0,0.0,0.0,0.0,0.0,0.0,0.0,0.0,0.0,0.0,0.0,0.0,0.0,0.0
zzy-222@62k-wbs-wrk_0_04029,0.31812,0.253748,0.19146,0.149873,0.0,0.074077,0.0,0.000813,0.001226,0.006628,0.0,0.0,0.0,0.0,0.0,0.0,0.0,0.0,0.0,0.0,0.0,0.0,0.0,0.0,0.0,0.0,0.0,0.0,0.0,0.0,0.0,0.0,0.0,0.0,0.0,0.0,0.0,0.0
zzy-222@62k-wbs-wrk_180_04029,0.084094,0.441951,0.281348,0.179846,0.0,0.01124,0.0,0.0,0.0,0.000957,0.0,0.0,0.0,0.0,0.0,0.0,0.0,0.0,0.0,0.0,0.0,0.0,0.0,0.0,0.0,0.0,0.0,0.0,0.0,0.0,0.0,0.0,0.0,0.0,0.0,0.0,0.0,0.0
zzy-222@62k-wbs-wrk_270_04029,0.081357,0.473538,0.055896,0.021223,0.0,7.3e-05,0.0,0.0,0.0,0.253848,0.0,0.0,0.0,0.0,0.0,0.0,0.000662,0.0,0.0,0.0,0.0,0.0,0.0,0.0,0.0,0.0,0.0,0.0,0.0,0.0,0.0,0.0,0.0,0.0,0.0,0.0,0.0,0.0
zzy-222@62k-wbs-wrk_90_04029,0.394243,0.133936,0.04575,0.114861,0.0,0.279331,0.0,0.0,0.0,0.0,0.010449,0.0,0.0,0.0,0.0,0.0,0.0,0.0,0.0,0.0,0.0,0.0,0.0,0.0,0.0,0.0,0.0,0.0,0.0,0.0,0.0,0.0,0.0,0.0,0.0,0.0,0.0,0.0
zzy-222@62k-x3f-kzz_0_04064,0.427314,0.007109,0.096965,0.0,0.001553,0.273203,0.000278,0.045286,0.060801,0.0,0.034019,0.001064,0.0,6.6e-05,0.038838,0.0,0.0,3.2e-05,0.0,0.0,0.0,4.4e-05,0.0,0.0,0.0,0.0,0.0,0.0,0.0,0.0,0.0,0.0,0.0,0.0,0.0,0.0,0.0,0.0
zzy-222@62k-x3f-kzz_180_04064,0.465491,0.003669,0.0,0.0,0.000249,0.014385,0.0,0.134783,0.04782,0.0,0.001265,0.0,0.001565,0.000137,0.00011,0.0,0.0,0.0,0.0,0.0,0.000193,4.6e-05,0.0,6.1e-05,0.0,0.0,0.0,0.0,0.0,0.0,0.0,0.0,0.0,0.0,0.0,0.0,0.0,0.0
zzy-222@62k-x3f-kzz_270_04064,0.437583,0.014385,0.161265,0.0,0.0,0.07645,6.8e-05,0.09304,0.066069,0.001072,0.000525,0.0,0.0,0.0,0.144231,0.0,0.0,0.0,0.0,0.0,0.0,0.0,0.0,0.0,0.0,0.0,0.0,0.0,0.0,0.0,0.0,0.0,0.0,0.0,0.0,0.0,0.0,0.0
zzy-222@62k-x3f-kzz_90_04064,0.452595,0.00325,0.42041,0.0,0.0,0.00021,0.0,0.002229,0.099023,0.0,0.019739,0.0,0.0,0.000645,0.0,0.000278,0.0,0.00022,0.0,0.0,0.0,0.0,0.0,0.0,0.0,0.0,0.0,0.0,0.0,0.0,0.0,0.0,0.0,0.0,0.0,0.0,0.0,0.0
zzy-222@62k-zkm-yqf_0_04011,0.425596,0.086921,0.043667,0.150864,0.000239,0.272195,0.0,0.01375,0.002451,0.0,0.0,0.0,0.0,0.0,0.0,0.0,0.0,0.0,0.0,0.0,0.0,0.0,0.0,0.0,0.0,0.0,0.0,0.0,0.0,0.0,0.0,0.0,0.0,0.0,0.0,0.0,0.0,0.0
zzy-222@62k-zkm-yqf_180_04011,0.020847,0.572476,0.194365,0.13043,3.9e-05,0.002266,0.0,0.0,0.0,0.003113,0.0,0.000508,0.0,0.0,0.0,0.0,0.0,0.0,0.0,0.0,0.0,0.0,0.0,0.0,0.0,0.0,0.0,0.0,0.0,0.0,0.0,0.0,0.0,0.0,0.0,0.0,0.0,0.0
zzy-222@62k-zkm-yqf_270_04011,0.060671,0.492051,0.325146,0.117722,0.0,0.0,0.0,0.003445,0.000964,0.0,0.0,0.0,0.0,0.0,0.0,0.0,0.0,0.0,0.0,0.0,0.0,0.0,0.0,0.0,0.0,0.0,0.0,0.0,0.0,0.0,0.0,0.0,0.0,0.0,0.0,0.0,0.0,0.0
zzy-222@62k-zkm-yqf_90_04011,0.331487,0.177578,0.399944,0.053333,0.0,0.000217,0.0,0.005237,0.026025,0.000422,0.004521,0.001235,0.0,0.0,0.0,0.0,0.0,0.0,0.0,0.0,0.0,0.0,0.0,0.0,0.0,0.0,0.0,0.0,0.0,0.0,0.0,0.0,0.0,0.0,0.0,0.0,0.0,0.0
zzy-222@62k-zmd-p5f_0_04011,0.048718,0.545295,0.35947,0.0,0.0,0.046516,0.0,0.0,0.0,0.0,0.0,0.0,0.0,0.0,0.0,0.0,0.0,0.0,0.0,0.0,0.0,0.0,0.0,0.0,0.0,0.0,0.0,0.0,0.0,0.0,0.0,0.0,0.0,0.0,0.0,0.0,0.0,0.0
zzy-222@62k-zmd-p5f_180_04011,0.378206,0.116423,0.199866,0.230923,0.0,0.041001,0.000645,0.0,0.0,0.000906,0.0,0.0,0.0,0.0,0.0,0.0,0.0,0.0,0.0,0.0,0.0,0.0,0.0,0.0,0.0,0.0,0.0,0.0,0.0,0.0,0.0,0.0,0.0,0.0,0.0,0.0,0.0,0.0
zzy-222@62k-zmd-p5f_270_04011,0.173616,0.46719,0.278354,0.0,0.0,0.079377,0.0,0.0,0.0,0.0,0.0,0.0,0.0,0.0,0.0,0.0,0.0,0.0,0.0,0.0,0.0,0.0,0.0,0.0,0.0,0.0,0.0,0.0,0.0,0.0,0.0,0.0,0.0,0.0,0.0,0.0,0.0,0.0
zzy-222@62k-zmd-p5f_90_04011,0.219961,0.185996,0.053152,0.40938,0.0,0.0,0.0,0.0,0.015437,0.004282,0.007993,7e-06,0.0,0.0,0.0,0.0,0.0,0.0,0.0,0.0,0.0,0.0,0.0,0.0,0.0,0.0,0.0,0.0,0.0,0.0,0.0,0.0,0.0,0.0,0.0,0.0,0.0,0.0
zzy-222@62m-275-k9f_0_04240,0.315168,0.150225,0.394468,0.017581,0.0,0.0,0.0,0.000425,0.068276,0.000457,0.050271,0.0,0.0,2e-05,0.001348,0.0,0.0,0.0,0.0,0.0,0.0,0.0,0.0,0.0,0.0,0.0,0.0,0.0,0.0,0.0,0.0,0.0,0.0,0.0,0.0,0.0,0.0,0.0
zzy-222@62m-275-k9f_180_04240,0.370325,0.046643,0.159741,0.105024,0.0,0.0,0.0,0.0,0.064048,0.004888,0.160715,0.0,0.0,4.6e-05,0.0,0.0,0.0,7.3e-05,0.0,0.0,0.0,0.0,0.0,0.0,0.0,0.0,0.0,0.0,0.0,0.0,0.0,0.0,0.0,0.0,0.0,0.0,0.0,0.0
zzy-222@62m-275-k9f_270_04240,0.30387,0.107217,0.368601,0.020457,0.0,0.0,0.0,0.0,0.125994,0.000198,0.073059,0.0,0.0,0.0,0.000605,0.0,0.0,0.0,0.0,0.0,0.0,0.0,0.0,0.0,0.0,0.0,0.0,0.0,0.0,0.0,0.0,0.0,0.0,0.0,0.0,0.0,0.0,0.0
zzy-222@62m-275-k9f_90_04240,0.27769,0.179509,0.357188,0.121582,0.0,0.010955,0.0,0.0,0.045325,0.0,0.001111,0.0,0.0,0.0,0.0,0.0,0.0,0.0,0.0,0.0,0.0,0.0,0.0,0.0,0.0,0.0,0.0,0.0,0.0,0.0,0.0,0.0,0.0,0.0,0.0,0.0,0.0,0.0
zzy-222@62m-cfc-gp9_0_03249,0.297407,0.054773,0.146921,0.00801,0.0,0.017856,0.0,0.0,0.253892,0.0,0.001052,0.0,0.0,0.0,0.210059,0.0,0.0,0.0,0.0,0.0,0.0,0.0,0.0,0.0,0.0,0.0,0.0,0.0,0.0,0.0,0.0,0.0,0.0,0.0,0.0,0.0,0.0,0.0
zzy-222@62m-cfc-gp9_180_03249,0.431216,0.037224,0.417498,0.024612,0.000325,0.000933,0.0,0.000115,0.069297,0.003066,0.009016,0.001121,0.0,0.001125,0.002786,0.0,0.0,0.001667,0.0,0.0,0.0,0.0,0.0,0.0,0.0,0.0,0.0,0.0,0.0,0.0,0.0,0.0,0.0,0.0,0.0,0.0,0.0,0.0
zzy-222@62m-cfc-gp9_270_03249,0.265405,0.0,0.299924,0.0,0.0,0.000151,0.0,0.0,0.222297,0.0,0.0,0.005544,0.0,0.0,0.018501,0.0,0.0,0.0,0.0,0.0,0.0,0.0,0.0,0.00541,0.0,0.0,0.0,0.0,0.0,0.0,0.0,0.0,0.0,0.0,0.0,0.0,0.0,0.0
zzy-222@62m-cfc-gp9_90_03249,0.430955,0.112136,0.282295,0.023191,0.0,0.0,0.0,0.0,0.0,0.0,0.069299,0.0,0.0,0.0,0.080122,0.0,0.0,0.002002,0.0,0.0,0.0,0.0,0.0,0.0,0.0,0.0,0.0,0.0,0.0,0.0,0.0,0.0,0.0,0.0,0.0,0.0,0.0,0.0
zzy-222@62m-fmm-wzf_0_03755,0.14739,0.542925,0.241431,0.068254,0.0,0.0,0.0,0.0,0.0,0.0,0.0,0.0,0.0,0.0,0.0,0.0,0.0,0.0,0.0,0.0,0.0,0.0,0.0,0.0,0.0,0.0,0.0,0.0,0.0,0.0,0.0,0.0,0.0,0.0,0.0,0.0,0.0,0.0
zzy-222@62m-fmm-wzf_180_03755,0.085591,0.388132,0.0,0.037283,0.0,0.310225,0.0,0.0,0.0,0.170154,0.0,0.0,0.0,0.0,0.0,0.0,0.0,0.0,0.0,0.0,0.0,0.0,0.0,0.0,0.0,0.0,0.0,0.0,0.0,0.0,0.0,0.0,0.0,0.0,0.0,0.0,0.0,0.0
zzy-222@62m-fmm-wzf_270_03755,0.014478,0.55269,0.313845,0.118545,0.0,0.0,0.0,0.0,0.0,0.0,0.0,0.0,0.0,0.0,0.0,0.0,0.0,0.000442,0.0,0.0,0.0,0.0,0.0,0.0,0.0,0.0,0.0,0.0,0.0,0.0,0.0,0.0,0.0,0.0,0.0,0.0,0.0,0.0
zzy-222@62m-fmm-wzf_90_03755,0.216462,0.313206,0.198169,0.097097,0.0,0.099885,0.0,0.0,0.0,0.030303,0.0,0.00053,0.0,0.0,0.0,0.0,0.0,0.0,0.0,0.0,0.0,0.0,0.0,0.0,0.0,0.0,0.0,0.0,0.0,0.0,0.0,0.0,0.0,0.0,0.0,0.0,0.0,0.0
zzy-222@62m-jbx-pqf_0_03810,0.201711,0.315833,0.350061,0.00071,0.0,0.102039,0.0,0.0,0.010049,0.0,0.019597,0.0,0.0,0.0,0.0,0.0,0.0,0.0,0.0,0.0,0.0,0.0,0.0,0.0,0.0,0.0,0.0,0.0,0.0,0.0,0.0,0.0,0.0,0.0,0.0,0.0,0.0,0.0
zzy-222@62m-jbx-pqf_180_03810,0.171638,0.308049,0.0,0.0,0.0,0.459233,0.0,0.0,0.053796,0.0,0.0,0.0,0.0,0.0,0.0,0.0,0.0,0.0,0.0,0.0,0.0,0.0,0.0,0.0,0.0,0.0,0.0,0.0,0.0,0.0,0.0,0.0,0.0,0.0,0.0,0.0,0.0,0.0
zzy-222@62m-jbx-pqf_270_03810,0.006277,0.491472,0.057507,0.008049,0.0,0.368733,0.0,0.000149,0.046306,0.0,0.021238,0.0,0.0,0.0,0.0,0.0,0.0,0.0,0.0,0.0,0.0,0.0,0.0,0.0,0.0,0.0,0.0,0.0,0.0,0.0,0.0,0.0,0.0,0.0,0.0,0.0,0.0,0.0
zzy-222@62m-jbx-pqf_90_03810,0.258293,0.259832,0.0,0.0,0.0,0.431594,0.0,0.0,0.050281,0.0,0.0,0.0,0.0,0.0,0.0,0.0,0.0,0.0,0.0,0.0,0.0,0.0,0.0,0.0,0.0,0.0,0.0,0.0,0.0,0.0,0.0,0.0,0.0,0.0,0.0,0.0,0.0,0.0
zzy-222@62m-k5s-7dv_0_03580,0.170349,0.389395,0.356194,0.060684,0.0,0.0,0.0,0.009043,0.0,0.001191,0.000164,0.010776,0.0,0.0,0.0,0.0,0.0,0.002163,0.0,0.0,0.0,0.0,0.0,0.0,0.0,0.0,0.0,0.0,0.0,0.0,0.0,0.0,0.0,0.0,0.0,0.0,0.0,0.0
zzy-222@62m-k5s-7dv_180_03580,0.29748,0.200098,0.390342,0.051125,0.0,0.0,0.0,0.0,0.020081,0.023459,0.005667,0.000249,0.0,0.0,0.0,0.0,0.0,0.001558,0.009128,0.0,0.0,0.0,0.0,0.0,0.0,0.0,0.0,0.0,0.0,0.0,0.0,0.0,0.0,0.0,0.0,0.0,0.0,0.0
zzy-222@62m-k5s-7dv_270_03580,0.225691,0.373291,0.064268,0.217651,0.0,0.000115,0.000212,0.0,0.0,0.004744,0.0,0.0,0.0,0.0,0.082522,0.0,0.0,0.000671,0.0,0.0,0.0,0.0,0.0,0.0,0.0,0.0,0.0,0.0,0.0,0.0,0.0,0.0,0.0,0.0,0.0,0.0,0.0,0.0
zzy-222@62m-k5s-7dv_90_03580,0.169858,0.357988,0.396514,0.033711,0.0,0.000886,0.0,6.1e-05,0.0,0.011301,0.018235,0.005493,0.0,0.0,0.0,0.0,0.0,0.005952,0.0,0.0,0.0,0.0,0.0,0.0,0.0,0.0,0.0,0.0,0.0,0.0,0.0,0.0,0.0,0.0,0.0,0.0,0.0,0.0
zzy-222@62m-knc-mkz_0_03595,0.190015,0.309724,0.087625,0.344431,0.0,0.000566,0.0,0.049153,0.0,0.007483,0.0,0.011003,0.0,0.0,0.0,0.0,0.0,0.0,0.0,0.0,0.0,0.0,0.0,0.0,0.0,0.0,0.0,0.0,0.0,0.0,0.0,0.0,0.0,0.0,0.0,0.0,0.0,0.0
zzy-222@62m-knc-mkz_180_03595,0.195903,0.37075,0.0,0.116907,0.0,0.0,0.0,0.000215,0.0,0.000771,0.0,0.013616,0.0,0.0,0.0,0.0,0.0,0.0,0.0,0.0,0.0,0.0,0.0,0.0,0.0,0.0,0.0,0.0,0.0,0.0,0.0,0.0,0.0,0.0,0.0,0.0,0.0,0.0
zzy-222@62m-knc-mkz_270_03595,0.025962,0.574456,0.252971,0.127302,0.0,0.0,0.0,0.0,0.0,0.00573,0.0,0.012998,0.0,0.0,0.0,0.0,0.0,0.0,0.0,0.0,0.0,0.0,0.000552,0.0,0.0,0.0,0.0,0.0,0.0,0.0,0.0,0.0,0.0,0.0,0.0,0.0,0.0,0.0
zzy-222@62m-knc-mkz_90_03595,0.288374,0.198945,0.392021,0.047563,0.0,0.047944,0.0,0.025151,0.0,0.0,0.0,0.0,0.0,0.0,0.0,0.0,0.0,0.0,0.0,0.0,0.0,0.0,0.0,0.0,0.0,0.0,0.0,0.0,0.0,0.0,0.0,0.0,0.0,0.0,0.0,0.0,0.0,0.0
zzy-222@63c-4yw-hdv_0_15357,0.377021,0.107637,0.131836,0.137815,0.0,0.0,0.0,0.028384,0.0377,0.0,0.0,0.0,0.0,0.002876,0.121904,0.0,0.0,0.0,0.0,0.0,0.0,0.0,0.0,0.0,0.0,0.0,0.0,0.0,0.0,0.0,0.0,0.0,0.0,0.0,0.0,0.0,0.0,0.0
zzy-222@63c-4yw-hdv_180_15357,0.290034,0.170076,0.199099,0.095596,0.0,0.003674,0.001462,0.001638,0.018188,0.010815,0.137825,0.000413,0.0,0.001499,0.037534,0.0,0.0,0.0,0.0,0.0,0.0,0.0,0.0,0.0,0.0,0.0,0.0,0.0,0.0,0.0,0.0,0.0,0.0,0.0,0.0,0.0,0.0,0.0
zzy-222@63c-4yw-hdv_270_15357,0.292224,0.050813,0.231528,0.008599,0.0,0.000298,0.000532,0.000195,0.202625,0.025479,0.089771,0.0,0.0,0.0003,0.062832,0.0,0.0,0.0,0.0,0.0,0.0,0.0,0.0,0.0,0.0,0.0,0.0,0.0,0.0,0.0,0.0,0.0,0.0,0.0,0.0,0.0,0.0,0.0
zzy-222@63c-4yw-hdv_90_15357,0.468813,0.052104,0.004949,0.124524,0.0,0.266201,0.0,0.004963,0.005457,7.1e-05,6.1e-05,0.0,0.0,0.0005,0.0,0.0,0.008601,0.0,0.0,0.0,0.0,0.0,0.0,0.0,0.0,0.0,0.0,0.0,0.0,0.0,0.0,0.0,0.0,0.0,0.0,0.0,0.0,0.0
zzy-222@63c-5gn-nh5_0_26354,0.07644,0.398335,0.423135,0.085676,0.0,0.013848,0.0,0.0,0.0,0.0,0.000933,0.001628,0.0,0.0,0.0,0.0,0.0,0.0,0.0,0.0,0.0,0.0,0.0,0.0,0.0,0.0,0.0,0.0,0.0,0.0,0.0,0.0,0.0,0.0,0.0,0.0,0.0,0.0
zzy-222@63c-5gn-nh5_180_26354,0.134851,0.371492,0.208579,0.283418,0.0,0.0,0.0,0.0,0.0,0.0,0.001504,0.0,0.0,0.0,0.0,0.0,0.0,0.0,0.0,0.0,0.0,0.0,0.0,0.0,0.0,0.0,0.0,0.0,0.0,0.0,0.0,0.0,0.0,0.0,0.0,0.0,0.0,0.0
zzy-222@63c-5gn-nh5_270_26354,0.268718,0.192026,0.344065,0.125239,0.0,0.030754,0.0,0.0,0.033733,0.0,0.0,0.001414,0.0,0.0,0.0,0.0,0.0,0.0,0.0,0.0,0.0,0.0,0.0,0.0,0.0,0.0,0.0,0.0,0.0,0.0,0.0,0.0,0.0,0.0,0.0,0.0,0.0,0.0
zzy-222@63c-5gn-nh5_90_26354,0.014692,0.414426,0.03793,0.245349,0.0,0.108911,0.0,0.0,0.0,0.169414,0.0,0.0,0.0,0.0,0.0,0.0,0.0,0.0,0.0,0.0,0.0,0.0,0.0,0.0,0.0,0.0,0.0,0.0,0.0,0.0,0.0,0.0,0.0,0.0,0.0,0.0,0.0,0.0
zzy-222@63c-5xs-7wk_0_26508,0.257078,0.20969,0.292893,0.174407,0.0,0.000227,0.0,0.0,0.018706,0.0,0.003401,0.0,0.0,3.2e-05,0.0,0.0,0.0,0.0,0.0,0.0,0.0,0.0,0.0,0.0,0.0,0.0,0.0,0.0,0.0,0.0,0.0,0.0,0.0,0.0,0.0,0.0,0.0,0.0
zzy-222@63c-5xs-7wk_180_26508,0.154512,0.378196,0.278982,0.133398,0.0,0.04437,0.0,0.0,0.00437,0.0,0.002639,0.000305,0.0,0.0,0.0,0.0,0.0,0.0,0.0,0.0,0.0,0.0,0.0,0.0,0.0,0.0,0.0,0.0,0.0,0.0,0.0,0.0,0.0,0.0,0.0,0.0,0.0,0.0
zzy-222@63c-5xs-7wk_270_26508,0.06231,0.467441,0.230964,0.215049,0.0,0.0,0.007637,0.0,0.0,0.006433,0.000217,8.5e-05,0.0,0.0,0.009783,0.0,0.0,0.0,0.0,0.0,0.0,0.0,0.0,0.0,0.0,0.0,0.0,0.0,0.0,0.0,0.0,0.0,0.0,0.0,0.0,0.0,0.0,0.0
zzy-222@63c-5xs-7wk_90_26508,0.061121,0.411067,0.0,0.112712,0.0,0.196611,0.0,0.0,0.0,0.0,0.0,0.0,0.0,0.0,0.0,0.0,0.0,0.0,0.0,0.0,0.0,0.0,0.0,0.0,0.0,0.0,0.0,0.0,0.0,0.0,0.0,0.0,0.0,0.0,0.0,0.0,0.0,0.0
zzy-222@63c-6q8-rx5_0_15301,0.355769,0.016338,0.250786,0.066538,0.0,0.0,0.0,0.0,0.170525,0.0,0.003848,0.0,0.0,0.000232,0.121167,0.0,0.0,0.0,0.0,0.0,0.0,0.0,0.0,0.0,0.0,0.0,0.0,0.0,0.0,0.0,0.0,0.0,0.0,0.0,0.0,0.0,0.0,0.0
zzy-222@63c-6q8-rx5_180_15301,0.44689,0.066099,0.3103,0.074822,0.0,0.000364,0.0,0.013423,0.02708,0.000481,0.027849,0.0,0.0,0.001704,0.000195,0.0,0.0,0.005269,0.0,0.0,0.001047,0.0,0.0,0.0,0.0,0.0,0.0,0.0,0.0,0.0,0.0,0.0,0.0,0.0,0.0,0.0,0.0,0.0
zzy-222@63c-6q8-rx5_270_15301,0.3245,0.008235,0.169248,0.085735,0.0,0.064417,0.000576,0.0,0.243672,0.0,2.9e-05,0.0,0.0,0.0,0.021406,0.002637,0.0,5.1e-05,0.0,0.0,0.0,0.0,0.0,0.0,0.0,0.000422,0.0,0.0,0.0,0.0,0.0,0.0,0.0,0.0,0.0,0.0,0.0,0.0
zzy-222@63c-6q8-rx5_90_15301,0.274294,0.03355,0.135757,0.213042,0.0,0.012703,0.008315,0.000349,0.298389,0.00074,0.0,0.0,0.0,0.0,0.009548,0.0,0.0,0.0,0.0,0.0,0.0,0.0,0.0,0.0,0.0,0.0,0.0,0.0,0.0,0.0,0.0,0.0,0.0,0.0,0.0,0.0,0.0,0.0
zzy-222@63c-fn6-66k_0_22844,0.456912,0.038538,0.397837,0.034526,0.0,2.7e-05,0.0,0.0,0.04938,0.0,0.001716,5e-06,0.0,0.000208,0.003335,0.0,0.0,0.001057,0.00623,0.0,0.0,0.0,0.0,0.0,0.0,0.0,0.0,0.0,0.0,0.0,0.0,0.0,0.0,0.0,0.0,0.0,0.0,0.0
zzy-222@63c-fn6-66k_180_22844,0.358899,0.106443,0.413921,0.078606,0.0,0.005623,0.0,0.0,0.001548,0.002703,0.0,0.0,0.0,0.0,0.0,0.0,0.0,0.0,0.0,0.0,0.0,0.0,0.0,0.0,0.0,0.0,0.0,0.0,0.0,0.0,0.0,0.0,0.0,0.0,0.0,0.0,0.0,0.0
zzy-222@63c-fn6-66k_270_22844,0.437283,0.056938,0.438586,0.028701,5.1e-05,5.4e-05,2e-06,5e-06,0.015994,0.003464,0.014631,0.000845,0.0,0.000693,0.000522,0.0,0.0,0.0,0.00127,0.0,0.0,0.0,0.0,0.0,0.0,0.0,0.0,0.0,0.0,0.0,0.0,0.0,0.0,0.0,0.0,0.0,0.0,0.0
zzy-222@63c-fn6-66k_90_22844,0.381555,0.037959,0.407229,0.06885,0.0,0.0,0.0,0.0,0.092664,0.0,0.00019,0.004131,0.0,0.000476,2.2e-05,0.0,0.0,0.006924,0.0,0.0,0.0,0.0,0.0,0.0,0.0,0.0,0.0,0.0,0.0,0.0,0.0,0.0,0.0,0.0,0.0,0.0,0.0,0.0
zzy-222@63d-3xx-3yv_0_15632,0.374934,0.122576,0.358372,0.112122,0.000825,0.006221,0.017563,0.0,0.0,0.007297,0.0,9e-05,0.0,0.0,0.0,0.0,0.0,0.0,0.0,0.0,0.0,0.0,0.0,0.0,0.0,0.0,0.0,0.0,0.0,0.0,0.0,0.0,0.0,0.0,0.0,0.0,0.0,0.0
zzy-222@63d-3xx-3yv_180_15632,0.397637,0.082581,0.413191,0.085396,0.0,0.0005,0.0,0.0,0.001118,0.0,0.001616,0.000913,0.0,0.0,0.0,0.0,0.0,0.0,0.0,0.0,0.0,0.0,0.0,0.0,0.0,0.0,0.0,0.0,0.0,0.0,0.0,0.0,0.0,0.0,0.0,0.0,0.0,0.0
zzy-222@63d-3xx-3yv_270_15632,0.361201,0.151836,0.424106,0.00991,0.0,0.009304,0.01769,0.0,0.001799,0.019158,0.001526,0.001987,0.0,0.0,0.001482,0.0,0.0,0.0,0.0,0.0,0.0,0.0,0.0,0.0,0.0,0.0,0.0,0.0,0.0,0.0,0.0,0.0,0.0,0.0,0.0,0.0,0.0,0.0
zzy-222@63d-3xx-3yv_90_15632,0.290491,0.235664,0.278159,0.191084,0.0,0.0,0.0,0.000181,0.002603,0.0,0.0,0.001741,0.0,0.0,0.0,0.0,0.0,0.0,0.0,0.0,0.0,0.0,0.0,0.0,0.0,0.0,0.0,0.0,0.0,0.0,0.0,0.0,0.0,0.0,0.0,0.0,0.0,0.0
zzy-222@63d-4yy-6ff_0_15696,0.313743,0.021497,0.033037,0.052927,0.0,0.085322,0.0,0.0,0.288674,0.0,0.0,0.013179,0.0,0.0,0.045205,0.0,0.000342,0.0,0.0,0.0,0.0,0.0,0.0,0.0,2e-06,0.0,0.0,0.0,0.0,0.0,0.0,0.0,0.0,0.0,0.0,0.0,0.0,0.0
zzy-222@63d-4yy-6ff_180_15696,0.287024,0.106189,0.322358,0.047656,0.0,2.4e-05,3.4e-05,0.003706,0.155193,0.020273,0.037874,0.0,0.0,0.0,0.009902,0.0,0.0,0.0,0.001992,0.0,0.0,0.0,0.0,0.0,0.0,0.0,0.0,0.0,0.0,0.0,0.0,0.0,0.0,0.0,0.0,0.0,0.0,0.0
zzy-222@63d-4yy-6ff_270_15696,0.415527,0.04696,0.41396,0.012861,0.0,0.0,0.0,0.0,0.085144,0.00354,0.0021,0.001614,0.0,0.00208,0.009031,0.0,0.0,0.0,0.0,0.0,0.0,0.0,0.0,0.0,0.0,0.0,0.0,0.0,0.0,0.0,0.0,0.0,0.0,0.0,0.0,0.0,0.0,0.0
zzy-222@63d-4yy-6ff_90_15696,0.313472,0.178257,0.409775,0.051094,0.0,0.0,0.0,0.013264,0.016929,0.002771,0.000168,0.0,0.0,0.001128,4.2e-05,0.000239,0.0,0.0,0.0,0.0,0.0,0.0,0.0,0.0,0.0,0.0,0.0,0.0,0.0,0.0,0.0,0.0,0.0,0.0,0.0,0.0,0.0,0.0
zzy-222@63d-5rq-fpv_0_15009,0.067214,0.364988,0.222537,0.071812,0.0,0.002515,0.005325,0.027715,0.0,0.003586,0.158225,0.00031,0.0,0.0,0.0,0.0,0.0,0.0,0.0,0.0,0.0,0.0,0.0,0.0,0.0,0.0,0.0,0.0,0.0,0.0,0.0,0.0,0.0,0.0,0.0,0.0,0.0,0.0
zzy-222@63d-5rq-fpv_180_15009,0.073765,0.687361,0.128652,0.0,0.0,0.017205,0.0,0.067385,0.0,0.017302,0.0,0.0,0.0,0.0,0.0,0.0,0.0,0.0,0.0,0.0,0.0,0.0,0.0,0.0,0.0,0.0,0.0,0.0,0.0,0.0,0.0,0.0,0.0,0.0,0.0,0.0,0.0,0.0
zzy-222@63d-5rq-fpv_270_15009,0.02552,0.592515,0.289485,0.005918,0.0,0.0,0.010745,0.038049,0.0,0.036316,0.0,0.0,0.0,0.0,0.0,0.0,0.0,0.0,0.0,0.0,0.0,0.0,0.0,0.0,0.0,0.0,0.0,0.0,0.0,0.0,0.0,0.0,0.0,0.0,0.0,0.0,0.0,0.0
zzy-222@63d-5rq-fpv_90_15009,0.107253,0.417827,0.249292,0.020029,0.0,0.034707,0.003674,0.006309,0.0,0.055415,0.104451,0.0,0.0,0.0,0.000659,0.000203,0.0,0.0,0.0,0.0,0.0,0.0,0.0,0.0,0.0,0.0,0.0,0.0,0.0,0.0,0.0,0.0,0.0,0.0,0.0,0.0,0.0,0.0
zzy-222@63d-6wx-2zf_0_15217,0.114136,0.348276,0.0,0.0,0.0,0.519197,0.0,0.0,0.0,0.0,0.0,0.0,0.0,0.0,0.0,0.0,0.0,0.0,0.0,0.0,0.0,0.0,0.0,0.0,0.0,0.0,0.0,0.0,0.0,0.0,0.0,0.0,0.0,0.0,0.0,0.0,0.0,0.0
zzy-222@63d-6wx-2zf_180_15217,0.455344,0.021895,0.220432,0.0,0.000654,0.209548,0.0,0.00584,0.000264,0.0,0.027451,0.0,0.0,0.0,0.0,0.0,0.045779,0.0,0.0,0.0,0.008789,8.1e-05,0.0,0.0,0.0,0.0,0.0,0.0,0.0,0.0,0.0,0.0,0.0,0.0,0.0,0.0,0.0,0.0
zzy-222@63d-6wx-2zf_270_15217,0.14823,0.318105,0.043052,0.0,0.0,0.423555,0.0,0.0,0.0,0.0,0.003381,0.0,0.0,0.0,0.0,0.0,0.0,0.000293,0.0,0.0,0.0,0.0,0.0,0.0,0.0,0.0,0.0,0.0,0.0,0.0,0.0,0.0,0.0,0.0,0.0,0.0,0.0,0.0
zzy-222@63d-6wx-2zf_90_15217,0.461265,0.03783,0.016885,0.0,0.0,0.426453,0.0,0.000723,0.0,0.0,0.003286,0.0,0.0,0.0,0.0,0.0,0.039106,0.0,0.000422,0.0,0.0,0.003384,0.0,0.0,0.0,0.0,0.0,0.0,0.0,0.0,0.0,0.0,0.0,0.0,0.0,0.0,0.0,0.0
zzy-222@63d-6z7-m49_0_15122,0.430771,0.056831,0.409363,0.003408,0.000652,0.004155,0.005505,0.040857,0.021174,0.0,0.01,0.0,6.1e-05,0.0,0.014553,0.0,0.0,0.0,0.0,0.0,0.002366,0.0,0.0,0.0,0.0,0.0,0.0,0.0,0.0,0.0,0.0,0.0,0.0,0.0,0.0,0.0,0.0,0.0
zzy-222@63d-6z7-m49_180_15122,0.433154,0.069363,0.431587,0.030625,0.0,0.0,0.0,0.002766,0.000991,9.5e-05,0.001777,0.002566,0.0,0.001614,0.025461,0.0,0.0,0.0,0.0,0.0,0.0,0.0,0.0,0.0,0.0,0.0,0.0,0.0,0.0,0.0,0.0,0.0,0.0,0.0,0.0,0.0,0.0,0.0
zzy-222@63d-6z7-m49_270_15122,0.42614,0.048809,0.466462,0.048982,0.0,0.0,0.004092,0.000869,0.001426,0.002129,0.000254,0.0,0.0,0.000374,0.0,0.0,0.0,0.0,0.0,0.0,0.0,0.0,0.0,0.0,0.0,0.0,0.0,0.0,0.0,0.0,0.0,0.0,0.0,0.0,0.0,0.0,0.0,0.0
zzy-222@63d-6z7-m49_90_15122,0.403835,0.065842,0.399893,0.002854,0.0,0.0,0.0,0.004207,0.074214,0.0,0.042498,0.0,0.0,0.000964,0.0049,0.0,0.0,0.0,0.0,0.0,0.0,0.0,0.0,0.0,0.0,0.0,0.0,0.0,0.0,0.0,0.0,0.0,0.0,0.0,0.0,0.0,0.0,0.0
zzy-222@63d-6zk-hh5_0_15222,0.160486,0.015029,0.277947,0.0,0.0,0.0,0.040801,0.0,0.272842,0.000356,0.0829,0.000479,0.000938,0.0,0.000237,0.0,0.0,0.0,0.0,0.0,0.0,0.0,0.0,0.0,0.0,0.0,0.0,0.0,0.0,0.053872,0.0,0.0,0.0,0.0,0.0,0.0,0.0,0.0
zzy-222@63d-6zk-hh5_180_15222,0.406978,0.038423,0.339429,0.0,0.0,0.003296,0.0,0.030137,0.059839,0.0,0.097139,0.0,0.0,0.0,0.000193,0.0,0.0,0.000247,0.0,0.0,0.000481,0.0,0.0,0.0,0.0,0.0,0.0,0.0,0.0,0.0,0.0,0.0,0.0,0.0,0.0,0.0,0.0,0.0
zzy-222@63d-6zk-hh5_270_15222,0.403123,0.002939,0.260598,0.0,0.0,1e-05,0.0,0.042949,0.108521,0.000876,0.140312,0.0,0.0,0.000139,0.0,0.0,0.0,0.0,0.0,0.0,0.0,0.0,0.0,0.0,0.0,0.0,0.0,0.0,0.0,0.0,0.0,0.0,0.0,0.0,0.0,0.0,0.0,0.0
zzy-222@63d-6zk-hh5_90_15222,0.164348,0.073936,0.181167,0.0,0.0,0.0,0.008799,0.0,0.333252,0.00158,0.112119,0.0,0.0,0.0,0.005725,0.0,0.0,0.0,0.0,0.0,0.0,0.0,0.0,0.0,0.0,0.0,0.0,0.0,0.0,0.0,0.0,0.0,0.0,0.0,0.0,0.0,0.0,0.0
zzy-222@63d-8hx-m6k_0_15905,0.288474,0.193953,0.294551,0.15563,2.7e-05,0.0,7.8e-05,0.007805,0.001785,0.0,0.020278,0.0,0.0,0.0,0.0,0.0,0.0,0.0,0.0,0.0,0.0,0.0,0.0,0.0,0.0,0.0,0.0,0.0,0.0,0.0,0.0,0.0,0.0,0.0,0.0,0.0,0.0,0.0
zzy-222@63d-8hx-m6k_180_15905,0.360432,0.076943,0.389482,0.066062,0.0,0.000427,0.0,0.068997,0.028823,0.006726,0.0,0.0,0.0,0.000793,0.0,0.0,0.0,0.0,0.0,0.0,0.0,0.0,0.0,0.0,0.0,0.0,0.0,0.0,0.0,0.0,0.0,0.0,0.0,0.0,0.0,0.0,0.0,0.0
zzy-222@63d-8hx-m6k_270_15905,0.253865,0.169358,0.0,0.454475,0.0,0.0,0.0,0.035645,0.000215,0.017107,0.0,0.013794,0.0,0.0,0.0,0.0,0.0,0.0,0.0,0.0,0.0,0.0,0.0,0.0,0.0,0.0,0.0,0.0,0.0,0.0,0.0,0.0,0.0,0.0,0.0,0.0,0.0,0.0
zzy-222@63d-8hx-m6k_90_15905,0.389893,0.106072,7.1e-05,0.089629,0.000352,0.262439,0.0,0.119189,0.005,0.0,0.002231,0.0,0.0,0.00033,0.0,0.0,0.0,0.001914,0.0,0.0,0.0,0.0,0.0,0.0,0.0,0.0,0.0,0.0,0.0,0.0,0.0,0.0,0.0,0.0,0.0,0.0,0.0,0.0
zzy-222@63d-qv9-m6k_0_44690,0.321479,0.201726,0.344155,0.098884,0.0,0.0,0.004521,1.7e-05,0.000786,0.001526,0.0,0.0,0.0,0.0,0.0,0.000254,0.0,0.0,0.0,0.0,0.0,0.0,0.0,0.0,0.0,0.0,0.0,0.0,0.0,0.0,0.0,0.0,0.0,0.0,0.0,0.0,0.0,0.0
zzy-222@63d-qv9-m6k_180_44690,0.365032,0.12967,0.394817,0.083879,0.0,0.0,0.0,0.0,0.002498,0.010801,0.0,0.004961,0.0,0.0,0.0,0.0,0.0,0.0,0.0,0.0,0.0,0.0,0.0,0.0,0.0,0.0,0.0,0.0,0.0,0.0,0.0,0.0,0.0,0.0,0.0,0.0,0.0,0.0
zzy-222@63d-qv9-m6k_270_44690,0.17959,0.392378,0.0,0.175752,0.0,0.0,0.001558,0.012295,0.006628,0.0,0.0,0.0,0.0,0.002312,0.0,0.0,0.0,0.0,0.0,0.0,0.0,0.0,0.0,0.0,0.0,0.0,0.0,0.0,0.0,0.0,0.0,0.0,0.0,0.0,0.0,0.0,0.0,0.0
zzy-222@63d-qv9-m6k_90_44690,0.334453,0.116379,0.342273,0.131296,0.0,0.0,0.0,0.0,0.016055,0.035996,0.0,0.0,0.0,8.8e-05,0.0,0.0,0.0,0.0,0.0,0.0,0.0,0.0,0.0,0.0,0.0,0.0,0.0,0.0,0.0,0.0,0.0,0.0,0.0,0.0,0.0,0.0,0.0,0.0
zzy-222@63d-vj9-5zz_0_44265,0.09175,0.477715,0.321052,0.107266,0.0,0.0,0.0,0.0,0.0,0.0,0.0,0.002217,0.0,0.0,0.0,0.0,0.0,0.0,0.0,0.0,0.0,0.0,0.0,0.0,0.0,0.0,0.0,0.0,0.0,0.0,0.0,0.0,0.0,0.0,0.0,0.0,0.0,0.0
zzy-222@63d-vj9-5zz_180_44265,0.167266,0.392957,0.294099,0.126606,0.0,0.0,0.0,6.3e-05,0.002598,0.009587,0.0,0.0,0.0,0.0,0.0,0.0,0.0,0.0,0.0,0.0,0.0,0.0,0.0,0.0,0.0,0.0,0.0,0.0,0.0,0.0,0.0,0.0,0.0,0.0,0.0,0.0,0.0,0.0
zzy-222@63d-vj9-5zz_270_44265,0.18491,0.362769,0.277454,0.081414,0.0,0.003462,0.0,0.000718,0.0,0.007461,0.0,0.0,0.0,0.0,0.0,0.0,0.0,0.0,0.0,0.0,0.0,0.0,0.0,0.0,0.0,0.0,0.0,0.0,0.0,0.0,0.0,0.0,0.0,0.0,0.0,0.0,0.0,0.0
zzy-222@63d-vj9-5zz_90_44265,0.00748,0.706558,0.000398,0.08499,0.0,0.200547,0.0,0.0,0.0,0.0,0.0,0.0,0.0,0.0,0.0,0.0,0.0,0.0,0.0,0.0,0.0,0.0,0.0,0.0,0.0,0.0,0.0,0.0,0.0,0.0,0.0,0.0,0.0,0.0,0.0,0.0,0.0,0.0
zzy-222@63d-vrm-s89_0_44721,0.402971,0.071985,0.277466,0.177319,0.0,0.0,0.0,0.015264,0.038457,0.005325,0.000266,0.001028,0.0,0.00156,0.001077,0.0,0.0,0.0,0.0,0.0,0.0,0.0,0.0,0.0,0.0,0.0,0.0,0.0,0.0,0.0,0.0,0.0,0.0,0.0,0.0,0.0,0.0,0.0
zzy-222@63d-vrm-s89_180_44721,0.37613,0.074504,0.286777,0.167031,0.0,0.0,0.0,0.008696,0.080032,0.0,0.000818,0.0,0.0,0.002788,0.0,0.0,0.0,0.0,0.0,0.0,0.0,0.0,0.0,0.0,0.0,0.0,0.0,0.0,0.0,0.0,0.0,0.0,0.0,0.0,0.0,0.0,0.0,0.0
zzy-222@63d-vrm-s89_270_44721,0.359902,0.153149,0.0,0.423052,0.0,0.0,1.2e-05,0.055103,0.007727,0.0,0.0,0.0,0.0,0.0,0.0,0.0,0.0,0.0,0.0,0.0,0.0,0.0,0.0,0.0,0.0,0.0,0.0,0.0,0.0,0.0,0.0,0.0,0.0,0.0,0.0,0.0,0.0,0.0
zzy-222@63d-vrm-s89_90_44721,0.329814,0.041028,0.297834,0.101401,0.0,0.003389,0.0,0.0,0.205181,0.000295,0.000188,0.0,0.0,0.0,0.002356,0.0,0.0,0.0,0.0,0.0,0.0,0.0,0.0,0.0,0.0,0.0,0.0,0.0,0.0,0.0,0.0,0.0,0.0,0.0,0.0,0.0,0.0,0.0
zzy-222@63f-79y-w8v_0_24528,0.00011,0.895815,0.001948,0.001794,0.0,0.032566,0.023125,0.0,0.0,0.0,0.0,0.0,0.0,0.0,0.0,0.0,0.012578,0.032063,0.0,0.0,0.0,0.0,0.0,0.0,0.0,0.0,0.0,0.0,0.0,0.0,0.0,0.0,0.0,0.0,0.0,0.0,0.0,0.0
zzy-222@63f-79y-w8v_180_24528,0.210667,0.377581,0.127471,0.281807,0.0,0.0,0.0,0.002476,0.0,0.0,0.0,0.0,0.0,0.0,0.0,0.0,0.0,0.0,0.0,0.0,0.0,0.0,0.0,0.0,0.0,0.0,0.0,0.0,0.0,0.0,0.0,0.0,0.0,0.0,0.0,0.0,0.0,0.0
zzy-222@63f-79y-w8v_270_24528,0.255286,0.370637,0.223513,0.14301,0.0,0.0,0.0,0.0,0.0,0.000271,0.0,0.0,0.0,0.006724,0.0,0.0,0.0,0.0,0.0,0.0,0.0,0.0,0.0,0.0,0.0,0.0,0.0,0.0,0.0,0.0,0.0,0.0,0.0,0.0,0.0,0.0,0.0,0.0
zzy-222@63f-79y-w8v_90_24528,0.357383,0.164495,0.307002,0.164875,0.0,0.000476,0.0,0.005042,0.0,0.0,0.0,0.0,0.0,0.0,0.0,0.0,0.0,0.0,0.0,0.0,0.0,0.0,0.0,0.0,0.0,0.0,0.0,0.0,0.0,0.0,0.0,0.0,0.0,0.0,0.0,0.0,0.0,0.0
zzy-222@63f-kq3-649_0_27705,0.145552,0.317588,0.000483,0.0,0.000757,0.494966,0.0,0.0,0.008774,0.0,0.004026,0.0,0.000327,0.0,0.0,0.0,0.004863,0.0,2e-06,0.0,0.0,0.0,0.0,0.0,0.0,0.0,0.0,0.0,0.0,0.0,0.0,0.0,0.0,0.0,0.0,0.0,0.0,0.0
zzy-222@63f-kq3-649_180_27705,0.105461,0.405864,0.032017,0.0,0.000464,0.387507,0.0,0.0,0.0,0.038276,0.029253,0.0,0.0,0.0,0.0,0.0,0.0,0.0,0.0,0.0,0.0,0.0,0.0,0.0,0.0,0.0,0.0,0.0,0.0,0.0,0.0,0.0,0.0,0.0,0.0,0.0,0.0,0.0
zzy-222@63f-kq3-649_270_27705,0.0,0.392117,0.0,0.0,0.0,0.469836,0.0,0.0,0.0,0.124238,0.0,0.0,0.0,0.0,0.0,0.0,0.0,0.0,0.0,0.0,0.0,0.0,0.0,0.0,0.0,0.0,0.0,0.0,0.0,0.0,0.0,0.0,0.0,0.0,0.0,0.0,0.0,0.0
zzy-222@63f-kq3-649_90_27705,0.272405,0.230193,0.07623,0.0,0.008638,0.34958,0.0,0.0,0.0,0.0,0.062449,4.4e-05,0.0,0.0,0.0,0.0,0.0,0.0,0.0,0.0,0.0,0.0,0.0,0.0,0.0,0.0,0.0,0.0,0.0,0.0,0.0,0.0,0.0,0.0,0.0,0.0,0.0,0.0
zzy-222@63f-wtv-m6k_0_24013,0.340801,0.08324,0.426799,0.007175,0.0,0.0,2.2e-05,0.0,0.087332,0.000369,0.022153,0.000706,0.0,0.002266,0.020627,0.0,0.0,0.0,0.0,0.0,0.0,0.0,0.0,0.0,0.0,0.0,0.0,0.0,0.0,0.0,0.0,0.0,0.0,0.0,0.0,0.0,0.0,0.0
zzy-222@63f-wtv-m6k_180_24013,0.253347,0.211594,0.245103,0.045139,0.0,0.0,0.0,0.052207,0.0522,0.000122,0.036443,0.002812,0.0,0.001409,0.096992,0.0,0.0,0.0,0.0,0.0,0.002078,0.0,0.0,0.0,0.0,0.0,0.0,0.0,0.0,0.0,0.0,0.0,0.0,0.0,0.0,0.0,0.0,0.0
zzy-222@63f-wtv-m6k_270_24013,0.396062,0.06002,0.409426,0.003818,0.0,0.0,0.006938,0.000344,0.01646,0.0,0.041436,0.008904,0.0,0.003489,0.030142,0.0,0.0,0.0,0.0,0.0,0.0,0.0,0.0,0.0,0.0,0.0,0.0,0.0,0.0,0.0,0.0,0.0,0.0,0.0,0.0,0.0,0.0,0.0
zzy-222@63f-wtv-m6k_90_24013,0.311768,0.13196,0.167959,0.049407,0.0,0.0,0.027297,0.053347,0.0877,0.028411,0.003752,0.002815,0.0,0.0,0.130247,0.0,0.0,0.0,0.000107,0.0,0.0,0.0,0.0,0.0,0.0,0.0,0.0,0.0,0.0,0.0,0.0,0.0,0.0,0.0,0.0,0.0,0.0,0.0
zzy-222@63f-xm4-fpv_0_24055,0.218506,0.219011,0.302808,0.180137,1.7e-05,0.015979,0.0,0.001006,0.0,0.02168,0.002839,0.0,0.0,0.0,0.0,0.0,0.0,0.0,0.0,0.0,0.0,0.0,0.0,0.0,0.0,0.0,0.0,0.0,0.0,0.0,0.0,0.0,0.0,0.0,0.0,0.0,0.0,0.0
zzy-222@63f-xm4-fpv_180_24055,0.095593,0.43895,0.003452,0.386594,0.0,0.0,0.0,0.003845,0.023506,0.0,0.0,0.0,0.0,0.0,0.0,0.0,1.2e-05,0.0,0.0,0.0,0.0,0.0,0.0,0.0,0.0,0.0,0.0,0.0,0.0,0.0,0.0,0.0,0.0,0.0,0.0,0.0,0.0,0.0
zzy-222@63f-xm4-fpv_270_24055,0.251838,0.244768,0.285037,0.18677,0.0,0.0,0.0,0.008269,2e-05,0.017695,2.2e-05,0.0,0.0,0.002419,0.0,0.0,0.0,0.0,0.0,0.0,0.0,0.0,0.0,0.0,0.0,0.0,0.0,0.0,0.0,0.0,0.0,0.0,0.0,0.0,0.0,0.0,0.0,0.0
zzy-222@63f-xm4-fpv_90_24055,0.279744,0.234595,0.301992,0.148784,0.0,0.0,0.00012,0.028894,0.0054,0.000186,0.0,0.0,0.0,0.0,0.0,0.0,0.0,0.0,0.0,0.0,0.0,0.0,0.0,0.0,0.0,0.0,0.0,0.0,0.0,0.0,0.0,0.0,0.0,0.0,0.0,0.0,0.0,0.0
zzy-222@63f-y5j-4vz_0_24136,0.384563,0.119666,0.032515,0.386792,0.0,0.019495,0.0,0.000698,0.038879,0.0,0.004883,0.0,0.00364,0.0,0.001267,0.0,0.0,0.0,0.0,0.0,0.000359,0.0,0.0,0.0,0.0,0.0,0.0,0.0,0.0,0.0,0.0,0.0,0.0,0.0,0.0,0.0,0.0,0.0
zzy-222@63f-y5j-4vz_180_24136,0.18272,0.357588,0.282266,0.17271,0.0,0.0,0.0,0.0,0.0,0.0,0.004717,0.0,0.0,0.0,0.0,0.0,0.0,0.0,0.0,0.0,0.0,0.0,0.0,0.0,0.0,0.0,0.0,0.0,0.0,0.0,0.0,0.0,0.0,0.0,0.0,0.0,0.0,0.0
zzy-222@63f-y5j-4vz_270_24136,0.41437,0.109253,0.282439,0.167383,0.0,0.0,0.0,5e-06,0.008999,0.0,0.000576,0.001724,0.0,0.000891,0.0,0.0,0.0,0.003467,0.0,0.0,0.0,0.0,0.0,0.0,0.0,0.0,0.0,0.0,0.0,0.0,0.0,0.0,0.0,0.0,0.0,0.0,0.0,0.0
zzy-222@63f-y5j-4vz_90_24136,0.356653,0.145798,0.348481,0.145078,0.0,0.0,0.0,0.0,0.0,0.0,0.000662,0.0,0.0,0.001536,0.0,0.0,0.0,0.001726,0.0,0.0,0.0,0.0,0.0,0.0,0.0,0.0,0.0,0.0,0.0,0.0,0.0,0.0,0.0,0.0,0.0,0.0,0.0,0.0
zzy-222@63g-28g-2ff_0_27377,0.421208,0.107412,0.224026,0.000435,0.0,0.042285,0.080837,0.004707,0.0,0.0,0.0,0.0,0.0,0.0,0.000105,0.0,0.10875,0.0,0.0,0.0,0.0,0.0,0.0,0.0,0.0,0.0,0.0,0.006392,0.0,0.0,0.003843,0.0,0.0,0.0,0.0,0.0,0.0,0.0
zzy-222@63g-28g-2ff_180_27377,0.432395,0.122129,0.355388,8.5e-05,0.0,0.002451,0.002705,0.023279,0.0,0.0,0.0,0.0,0.0,0.000828,0.0,0.0,0.040154,0.0,0.0,0.0,0.0,0.020586,0.0,0.0,0.0,0.0,0.0,0.0,0.0,0.0,0.0,0.0,0.0,0.0,0.0,0.0,0.0,0.0
zzy-222@63g-28g-2ff_270_27377,0.394468,0.223354,0.0,8.8e-05,0.0,0.044609,0.166328,0.0,0.0,0.0,0.0,0.0,0.0,0.0,0.006062,0.0,0.160129,0.0,0.0,0.0,0.0,0.0,0.0,0.0,0.0,0.0,0.0,0.0,0.0,0.0,0.004961,0.0,0.0,0.0,0.0,0.0,0.0,0.0
zzy-222@63g-28g-2ff_90_27377,0.415464,0.166125,0.293367,0.000398,0.0,0.020696,0.004106,0.055544,0.0,0.0,0.0,0.0,0.0,0.0,0.0,0.0,0.035715,0.0,0.0,0.0,0.0,0.008584,0.0,0.0,0.0,0.0,0.0,0.0,0.0,0.0,0.0,0.0,0.0,0.0,0.0,0.0,0.0,0.0
zzy-222@63g-3kp-p7q_0_27349,0.162605,0.377996,0.128369,0.316975,0.0,0.001711,0.0,0.0,0.003101,0.0,0.009153,0.0,0.0,0.0,0.0,0.0,0.0,0.0,0.0,0.0,0.0,0.0,0.0,0.0,0.0,0.0,0.0,0.0,0.0,0.0,0.0,0.0,0.0,0.0,0.0,0.0,0.0,0.0
zzy-222@63g-3kp-p7q_180_27349,0.333857,0.166541,0.427637,0.025388,0.0,0.020786,0.0,0.0,0.013928,0.0,0.009231,0.0,0.0,0.0,0.0,0.0,0.0,0.0,0.0,0.0,0.0,0.0,0.0,0.0,0.0,0.0,0.0,0.0,0.0,0.0,0.0,0.0,0.0,0.0,0.0,0.0,0.0,0.0
zzy-222@63g-3kp-p7q_270_27349,0.246174,0.297224,0.084666,0.369604,0.0,0.0,0.0,0.0,0.0,0.0,0.001248,5e-06,0.0,3.4e-05,0.0,0.0,0.0,0.0,0.0,0.0,0.0,0.0,0.0,0.0,0.0,0.0,0.0,0.0,0.0,0.0,0.0,0.0,0.0,0.0,0.0,0.0,0.0,0.0
zzy-222@63g-3kp-p7q_90_27349,0.36769,0.158521,0.369309,0.088621,0.0,1.2e-05,0.0,0.001072,0.004451,0.0,0.007507,0.00041,0.0,0.000664,0.0,0.0,0.0,0.0,0.001133,0.0,0.0,0.0,0.0,0.0,0.0,0.0,0.0,0.0,0.0,0.0,0.0,0.0,0.0,0.0,0.0,0.0,0.0,0.0
zzy-222@63g-8rx-x3q_180_24089,0.074783,0.457346,0.31561,0.150801,0.0,0.0,0.0,0.000266,0.0,0.0,0.0,0.0,0.0,0.001021,0.0,0.0,0.0,0.0,0.0,0.0,0.0,0.0,0.0,0.0,0.0,0.0,0.0,0.0,0.0,0.0,0.0,0.0,0.0,0.0,0.0,0.0,0.0,0.0
zzy-222@63g-8rx-x3q_270_24089,0.150317,0.381226,0.207229,0.202559,1.2e-05,0.016416,0.0,0.0,0.0,0.001931,0.0,0.00575,0.0,0.0,0.0,0.0,0.0,0.0,0.0,0.0,0.0,0.0,0.0,0.0,0.0,0.0,0.0,0.0,0.0,0.0,0.0,0.0,0.0,0.0,0.0,0.0,0.0,0.0
zzy-222@63g-8rx-x3q_90_24089,0.025518,0.665562,0.0,0.305747,0.0,0.003174,0.0,0.0,0.0,0.0,0.0,0.0,0.0,0.0,0.0,0.0,0.0,0.0,0.0,0.0,0.0,0.0,0.0,0.0,0.0,0.0,0.0,0.0,0.0,0.0,0.0,0.0,0.0,0.0,0.0,0.0,0.0,0.0
zzy-222@63g-cyd-bzf_0_22952,0.168008,0.401731,0.336848,0.093098,0.0,0.0,0.0,0.0,0.0,0.000315,0.0,0.0,0.0,0.0,0.0,0.0,0.0,0.0,0.0,0.0,0.0,0.0,0.0,0.0,0.0,0.0,0.0,0.0,0.0,0.0,0.0,0.0,0.0,0.0,0.0,0.0,0.0,0.0
zzy-222@63g-cyd-bzf_180_22952,0.06824,0.421824,0.135164,0.039338,0.0,0.0,0.0,0.0,0.0,0.329868,0.000322,0.0,0.0,0.0,0.0,0.0,0.000198,0.0,0.0,0.0,0.0,0.0,0.0,0.0,0.0,0.0,0.0,0.0,0.0,0.0,0.0,0.0,0.0,0.0,0.0,0.0,0.0,0.0
zzy-222@63g-cyd-bzf_270_22952,0.105757,0.483435,0.240239,0.054299,0.0,0.048457,0.0,0.0,0.0,0.013215,0.0,0.0,0.0,0.0,0.0,0.0,0.0,0.0,0.0,0.0,0.0,0.0,0.0,0.0,0.0,0.0,0.0,0.0,0.0,0.0,0.0,0.0,0.0,0.0,0.0,0.0,0.0,0.0
zzy-222@63g-cyd-bzf_90_22952,0.010042,0.62832,0.030728,0.094275,0.0,0.008772,0.000476,0.0,0.0,0.211968,0.0,0.0,0.0,0.0,0.0,0.0,0.0,0.0,0.0,0.0,0.0,0.0,0.0,0.0,0.0,0.0,0.0,0.0,0.0,0.0,0.0,0.0,0.0,0.0,0.0,0.0,0.0,0.0
zzy-222@63g-fn9-grk_270_24464,0.107454,0.416492,0.309163,0.06001,0.0,0.000522,0.004355,0.0,0.0,0.062354,0.0,0.0,0.0,0.0,0.0,0.0,0.0,0.0,0.0,0.0,0.0,0.0,0.0,0.0,0.0,0.0,0.0,0.0,0.0,0.000476,0.0,0.0,0.0,0.0,0.0,0.0,0.0,0.0
zzy-222@63g-hfp-wc5_0_23024,0.32875,0.204004,0.300537,0.113779,0.0,0.040015,0.0,0.001504,0.00092,0.001851,3.9e-05,2e-06,0.003276,0.0,4.4e-05,0.0,0.0,0.0,0.0,0.0,0.0,0.0,0.0,0.0,0.0,0.0,0.0,0.0,0.0,0.0,0.0,0.0,0.0,0.0,0.0,0.0,0.0,0.0
zzy-222@63g-hfp-wc5_180_23024,0.209619,0.396714,0.285425,0.021863,0.0,0.068828,0.0,0.0,0.0,0.000422,0.000286,0.005188,0.0,5e-06,0.0,0.0,0.0,0.0,0.0,0.0,0.0,0.0,0.002717,0.0,0.0,0.0,0.0,0.0,0.0,0.0,0.0,0.0,0.0,0.0,0.0,0.0,0.0,0.0
zzy-222@63g-hfp-wc5_270_23024,0.330808,0.194319,0.014673,0.091836,0.0,0.267542,0.005278,0.009038,0.0,0.0,0.0,0.0,0.0,1.5e-05,0.0,0.0,0.0,0.0,0.0,0.0,0.0,8.3e-05,0.0,0.0,0.0,0.0,0.0,0.0,0.0,0.0,0.0,0.0,0.0,0.0,0.0,0.0,0.0,0.0
zzy-222@63g-hfp-wc5_90_23024,0.227393,0.327451,1e-05,0.025347,0.001055,0.238938,0.002593,0.003606,0.002522,0.003264,0.0,0.000569,0.0,0.0,0.0,0.0,0.0,0.0,0.0,0.0,0.0,0.001919,0.0,0.0,0.0,0.0,0.0,0.0,0.0,0.0,0.0,0.0,0.0,0.0,0.0,0.0,0.0,0.0
zzy-222@63g-x5c-ty9_0_24579,0.083792,0.603486,0.029175,2.2e-05,0.0,0.239331,0.002336,0.002583,0.000422,0.0,0.0,0.0,0.0,0.0,0.0,0.0,0.01822,0.0,0.0,0.0,0.0,0.000454,0.0,0.0,0.0,0.0,0.0,0.0,0.0,0.0,0.0,0.0,0.0,0.0,0.0,0.0,0.0,0.0
zzy-222@63g-x5c-ty9_180_24579,0.091941,0.385596,0.173833,0.0,0.0,0.34863,0.0,0.0,0.0,0.0,0.0,0.0,0.0,0.0,0.0,0.0,0.0,0.0,0.0,0.0,0.0,0.0,0.0,0.0,0.0,0.0,0.0,0.0,0.0,0.0,0.0,0.0,0.0,0.0,0.0,0.0,0.0,0.0
zzy-222@63g-x5c-ty9_270_24579,0.004548,0.620391,0.000605,0.0,0.0,0.363286,0.0,0.005154,0.000283,0.0,0.0,0.001482,0.0,0.000139,0.0,0.0,0.0,0.0,0.0,0.0,0.0,0.0,0.0,0.0,0.0,0.0,0.0,0.0,0.0,0.0,0.0,0.0,0.0,0.0,0.0,0.0,0.0,0.0
zzy-222@63g-x5c-ty9_90_24579,0.093811,0.44415,0.058367,0.0,0.0,0.391714,0.0,0.00019,0.0,0.0,0.0,0.000107,0.0,0.0,0.0,0.0,0.0,0.0,0.0,0.0,0.0,0.0,0.0,0.0,0.0,0.0,0.0,0.0,0.0,0.0,0.0,0.0,0.0,0.0,0.0,0.0,0.0,0.0
zzy-222@63g-zzx-r49_0_24411,0.263606,0.236694,0.378347,0.083601,0.0,0.0,0.0,0.0,0.001282,0.0,0.0,0.0,0.0,0.0,0.0,0.0,0.0,0.0,0.0,0.0,0.0,0.0,0.0,0.0,0.0,0.0,0.0,0.0,0.0,0.0,0.0,0.0,0.0,0.0,0.0,0.0,0.0,0.0
zzy-222@63g-zzx-r49_180_24411,0.0,0.670886,0.034744,0.20085,0.0,0.058535,0.0,0.0,0.0,0.004395,0.0,0.0,0.0,0.0,0.0,0.0,0.0,0.0,0.0,0.0,0.0,0.0,0.0,0.0,0.0,0.0,0.0,0.0,0.0,0.0,0.0,0.0,0.0,0.0,0.0,0.0,0.0,0.0
zzy-222@63g-zzx-r49_270_24411,0.135967,0.396614,0.405828,0.061055,0.0,0.0,0.0,0.0,0.0,0.0,0.0,0.000537,0.0,0.0,0.0,0.0,0.0,0.0,0.0,0.0,0.0,0.0,0.0,0.0,0.0,0.0,0.0,0.0,0.0,0.0,0.0,0.0,0.0,0.0,0.0,0.0,0.0,0.0
zzy-222@63g-zzx-r49_90_24411,0.062285,0.550771,0.24177,0.142429,0.0,0.00136,0.0,0.0,0.0,0.0,0.0,0.0,0.0,0.0,0.001384,0.0,0.0,0.0,0.0,0.0,0.0,0.0,0.0,0.0,0.0,0.0,0.0,0.0,0.0,0.0,0.0,0.0,0.0,0.0,0.0,0.0,0.0,0.0
zzy-222@63h-krr-nh5_0_43310,0.471423,0.043682,0.396011,0.047751,0.0,0.02323,0.00019,0.001514,0.0,0.000935,0.0,0.0,0.0,0.00053,0.0,0.0,0.0,0.0,0.0,0.0,0.0,0.0,0.0,0.0,0.0,0.0,0.0,0.0,0.0,0.0,0.0,0.0,0.0,0.0,0.0,0.0,0.0,0.0
zzy-222@63h-krr-nh5_180_43310,0.445439,0.069697,0.28928,0.140205,0.0,0.001689,0.0,0.0,0.0,0.037341,0.000676,0.0,0.0,0.000259,0.0,0.0,0.0,0.0,0.0,0.0,0.0,0.0,0.0,0.0,0.0,0.0,0.0,0.0,0.0,0.0,0.0,0.0,0.0,0.0,0.0,0.0,0.0,0.0
zzy-222@63h-krr-nh5_270_43310,0.422175,0.135042,0.051841,0.301072,0.0,0.0,0.0,0.028447,0.020403,0.035032,2.7e-05,0.000254,0.001494,0.0,5e-06,0.0,0.0,0.0,0.0,0.0,0.0,0.0,0.0,0.0,0.0,0.0,0.0,0.0,0.0,0.0,0.0,0.0,0.0,0.0,0.0,0.0,0.0,0.0
zzy-222@63h-krr-nh5_90_43310,0.464236,0.043811,0.317144,0.17481,0.0,0.0,0.0,0.0,0.0,0.0,0.0,0.0,0.0,0.0,0.0,0.0,0.0,0.0,0.0,0.0,0.0,0.0,0.0,0.0,0.0,0.0,0.0,0.0,0.0,0.0,0.0,0.0,0.0,0.0,0.0,0.0,0.0,0.0
zzy-222@63j-92n-y5f_0_45039,0.2704,0.196682,0.204827,0.160066,0.0,0.023596,0.0,0.006411,0.071851,0.061953,0.000757,0.0,0.0,7.6e-05,0.0,0.0,0.0,0.0,0.0,0.0,0.0,0.0,0.0,0.0,0.0,0.0,0.0,0.0,0.0,0.0,0.0,0.0,0.0,0.0,0.0,0.0,0.0,0.0
zzy-222@63j-92n-y5f_180_45039,0.131975,0.410417,0.00946,0.325518,0.0,0.000317,0.020625,0.0,0.057168,0.021047,0.004165,0.0,0.0,0.0,0.004492,0.0,0.0,0.0,0.0,0.0,0.0,0.0,0.0,0.0,0.0,0.0,0.0,0.0,0.0,0.0,0.0,0.0,0.0,0.0,0.0,0.0,0.0,0.0
zzy-222@63j-92n-y5f_270_45039,0.329832,0.187717,0.344646,0.109734,0.0,1.2e-05,0.0,0.0,0.013481,0.003337,0.001091,0.000986,0.0,0.0,0.002429,0.0,0.0,0.0,0.0,0.0,0.0,0.0,0.0,0.0,0.0,0.0,0.0,0.0,0.0,0.0,0.0,0.0,0.0,0.0,0.0,0.0,0.0,0.0
zzy-222@63j-92n-y5f_90_45039,0.416155,0.132957,0.286011,0.13405,0.0,0.0,0.000623,0.0,0.016626,0.012749,0.0,0.0,0.0,0.000215,0.0,0.000183,0.0,0.0,0.0,0.0,0.0,0.0,0.0,0.0,0.0,0.0,0.0,0.0,0.0,0.0,0.0,0.0,0.0,0.0,0.0,0.0,0.0,0.0
zzy-222@63j-92t-h89_0_45040,0.454395,0.022034,0.479795,2.4e-05,0.0,0.000183,0.0,0.0,0.029346,0.007964,0.000994,0.0,0.0,0.000525,0.004741,0.0,0.0,0.0,0.0,0.0,0.0,0.0,0.0,0.0,0.0,0.0,0.0,0.0,0.0,0.0,0.0,0.0,0.0,0.0,0.0,0.0,0.0,0.0
zzy-222@63j-92t-h89_180_45040,0.438853,0.073113,0.297681,0.180093,0.0,0.0,0.0,0.004126,0.004016,0.0,0.0,0.002119,0.0,0.0,0.0,0.0,0.0,0.0,0.0,0.0,0.0,0.0,0.0,0.0,0.0,0.0,0.0,0.0,0.0,0.0,0.0,0.0,0.0,0.0,0.0,0.0,0.0,0.0
zzy-222@63j-92t-h89_270_45040,0.456885,0.049209,0.471423,0.007068,0.0,0.006523,0.0,0.0,0.001382,0.004314,0.0,0.0,0.0,0.00062,0.002576,0.0,0.0,0.0,0.0,0.0,0.0,0.0,0.0,0.0,0.0,0.0,0.0,0.0,0.0,0.0,0.0,0.0,0.0,0.0,0.0,0.0,0.0,0.0
zzy-222@63j-92t-h89_90_45040,0.466602,0.02697,0.380261,0.111531,0.0,0.0,0.0,0.000518,0.014099,0.0,2e-05,0.0,0.0,0.0,0.0,0.0,0.0,0.0,0.0,0.0,0.0,0.0,0.0,0.0,0.0,0.0,0.0,0.0,0.0,0.0,0.0,0.0,0.0,0.0,0.0,0.0,0.0,0.0
zzy-222@63j-cws-5xq_0_41042,0.294868,0.210625,0.222886,0.000139,0.0,0.201655,0.0,0.0,0.000435,0.0,0.069392,0.0,0.0,0.0,0.0,0.0,0.0,0.0,0.0,0.0,0.0,0.0,0.0,0.0,0.0,0.0,0.0,0.0,0.0,0.0,0.0,0.0,0.0,0.0,0.0,0.0,0.0,0.0
zzy-222@63j-cws-5xq_180_41042,0.409302,0.104324,0.364065,0.0,0.0,0.092375,0.0,0.001201,0.022722,0.0,0.000156,0.0,0.0,0.0,0.0,0.0,0.0,0.00199,0.0,0.0,0.0,0.0,0.0,0.0,0.0,0.0,0.0,0.0,0.0,0.0,0.0,0.0,0.0,0.0,0.0,0.0,0.0,0.0
zzy-222@63j-cws-5xq_270_41042,0.34168,0.17614,0.078972,0.0,0.0,0.321548,0.0,1.5e-05,0.0,0.0,0.081646,0.0,0.0,0.0,0.0,0.0,0.0,0.0,0.0,0.0,0.0,0.0,0.0,0.0,0.0,0.0,0.0,0.0,0.0,0.0,0.0,0.0,0.0,0.0,0.0,0.0,0.0,0.0
zzy-222@63j-cws-5xq_90_41042,0.318962,0.200161,0.168872,0.0,0.000544,0.236399,4.9e-05,0.000293,0.0,0.0,0.072566,0.0,0.0,0.001572,0.0,0.0,0.0,0.0,0.0,0.0,0.0,0.0,0.0,0.0,0.0,0.0,0.0,0.0,0.0,0.0,0.0,0.0,0.0,0.0,0.0,0.0,0.0,0.0
zzy-222@63j-ds6-2tv_0_45040,0.454395,0.022034,0.479795,2.4e-05,0.0,0.000183,0.0,0.0,0.029346,0.007964,0.000994,0.0,0.0,0.000525,0.004741,0.0,0.0,0.0,0.0,0.0,0.0,0.0,0.0,0.0,0.0,0.0,0.0,0.0,0.0,0.0,0.0,0.0,0.0,0.0,0.0,0.0,0.0,0.0
zzy-222@63j-ds6-2tv_180_45040,0.438853,0.073113,0.297681,0.180093,0.0,0.0,0.0,0.004126,0.004016,0.0,0.0,0.002119,0.0,0.0,0.0,0.0,0.0,0.0,0.0,0.0,0.0,0.0,0.0,0.0,0.0,0.0,0.0,0.0,0.0,0.0,0.0,0.0,0.0,0.0,0.0,0.0,0.0,0.0
zzy-222@63j-ds6-2tv_270_45040,0.456885,0.049209,0.471423,0.007068,0.0,0.006523,0.0,0.0,0.001382,0.004314,0.0,0.0,0.0,0.00062,0.002576,0.0,0.0,0.0,0.0,0.0,0.0,0.0,0.0,0.0,0.0,0.0,0.0,0.0,0.0,0.0,0.0,0.0,0.0,0.0,0.0,0.0,0.0,0.0
zzy-222@63j-ds6-2tv_90_45040,0.466602,0.02697,0.380261,0.111531,0.0,0.0,0.0,0.000518,0.014099,0.0,2e-05,0.0,0.0,0.0,0.0,0.0,0.0,0.0,0.0,0.0,0.0,0.0,0.0,0.0,0.0,0.0,0.0,0.0,0.0,0.0,0.0,0.0,0.0,0.0,0.0,0.0,0.0,0.0
zzy-222@63j-dt5-5fz_0_45152,0.169407,0.388308,0.253594,0.164155,0.0,0.024167,0.0,0.0,0.0,0.0,0.0,0.0,0.0,0.0,0.0,0.0,0.000369,0.0,0.0,0.0,0.0,0.0,0.0,0.0,0.0,0.0,0.0,0.0,0.0,0.0,0.0,0.0,0.0,0.0,0.0,0.0,0.0,0.0
zzy-222@63j-dt5-5fz_180_45152,0.204846,0.326689,0.149431,0.207871,0.002051,0.0,0.0,0.046995,0.000359,0.0,0.000273,0.0,0.0,0.0,0.0,0.0,0.0,0.0,0.0,0.0,0.0,0.0,0.0,0.0,0.0,0.0,0.0,0.0,0.0,0.0,0.0,0.0,0.0,0.0,0.0,0.0,0.0,0.0
zzy-222@63j-dt5-5fz_270_45152,0.131216,0.390894,0.325266,0.140562,0.0,0.0,0.0,0.0,0.0,0.0,0.0,0.0,0.0,0.004072,0.0,0.0,0.0,0.0,0.0,0.0,0.0,0.0,0.0,0.0,0.0,0.0,0.0,0.0,0.0,0.0,0.0,0.0,0.0,0.0,0.0,0.0,0.0,0.0
zzy-222@63j-dt5-5fz_90_45152,0.317605,0.209817,0.333474,0.081067,0.0,0.00259,0.0,0.019373,0.0,0.0,0.002834,0.0024,0.0,1.2e-05,0.025352,0.0,0.0,0.0,0.005474,0.0,0.0,0.0,0.0,0.0,0.0,0.0,0.0,0.0,0.0,0.0,0.0,0.0,0.0,0.0,0.0,0.0,0.0,0.0
zzy-222@63j-tn6-syv_0_43019,0.450984,0.021797,0.0,0.261418,0.0,0.179246,0.0,0.0,0.001235,0.0,0.0,0.0,0.0,0.0,0.0,0.0,0.0,0.0,0.0,0.0,0.0,0.0,0.0,0.0,0.0,0.0,0.0,0.0,0.0,0.0,0.0,0.0,0.0,0.0,0.0,0.0,0.0,0.0
zzy-222@63j-tn6-syv_180_43019,0.000146,0.615757,0.0,0.340293,0.0,0.0,0.0,0.0,0.0,0.0,0.0,0.0,0.0,0.0,0.0,0.0,0.0,0.0,0.0,0.0,0.0,0.0,0.0,0.0,0.0,0.0,0.0,0.0,0.0,0.0,0.0,0.0,0.0,0.0,0.0,0.0,0.0,0.0
zzy-222@63j-tn6-syv_270_43019,0.366377,0.14563,0.226262,0.239932,0.0,0.000989,0.0,0.0,0.0,0.0,0.0,0.0,0.0,0.001008,0.0,0.0,0.0,0.0,0.0,0.0,0.0,0.0,0.0,0.0,0.0,0.0,0.0,0.0,0.0,0.0,0.0,0.0,0.0,0.0,0.0,0.0,0.0,0.0
zzy-222@63j-tn6-syv_90_43019,0.331309,0.182654,0.262605,0.222385,0.0,0.0,0.0,0.000962,0.0,0.0,0.0,0.0,0.0,0.0,0.0,0.0,0.0,0.0,0.0,0.0,0.0,0.0,0.0,0.0,0.0,0.0,0.0,0.0,0.0,0.0,0.0,0.0,0.0,0.0,0.0,0.0,0.0,0.0
zzy-222@63j-v7k-zj9_0_43764,0.245562,0.299895,0.227571,0.226973,0.0,0.0,0.0,0.0,0.0,0.0,0.0,0.0,0.0,0.0,0.0,0.0,0.0,0.0,0.0,0.0,0.0,0.0,0.0,0.0,0.0,0.0,0.0,0.0,0.0,0.0,0.0,0.0,0.0,0.0,0.0,0.0,0.0,0.0
zzy-222@63j-v7k-zj9_180_43764,0.139509,0.43686,0.257275,0.166326,0.0,0.0,0.0,0.0,0.0,2.9e-05,0.0,0.0,0.0,0.0,0.0,0.0,0.0,0.0,0.0,0.0,0.0,0.0,0.0,0.0,0.0,0.0,0.0,0.0,0.0,0.0,0.0,0.0,0.0,0.0,0.0,0.0,0.0,0.0
zzy-222@63j-v7k-zj9_270_43764,0.181951,0.367637,0.0,0.449951,0.0,0.0,0.0,0.0,0.0,0.000461,0.0,0.0,0.0,0.0,0.0,0.0,0.0,0.0,0.0,0.0,0.0,0.0,0.0,0.0,0.0,0.0,0.0,0.0,0.0,0.0,0.0,0.0,0.0,0.0,0.0,0.0,0.0,0.0
zzy-222@63j-v7k-zj9_90_43764,0.040815,0.568005,0.186365,0.196111,0.0,0.008704,0.0,0.0,0.0,0.0,0.0,0.0,0.0,0.0,0.0,0.0,0.0,0.0,0.0,0.0,0.0,0.0,0.0,0.0,0.0,0.0,0.0,0.0,0.0,0.0,0.0,0.0,0.0,0.0,0.0,0.0,0.0,0.0
zzy-222@63j-xgj-zmk_0_43215,0.0,0.0,0.147224,0.008438,0.0,0.019326,0.0,0.0,0.663931,0.046987,0.0,0.0,0.0,0.0,0.114021,0.0,0.0,0.0,0.0,0.0,0.0,0.0,0.0,0.0,0.0,0.0,0.0,0.0,0.0,0.0,0.0,0.0,0.0,0.0,0.0,0.0,0.0,0.0
zzy-222@63j-xgj-zmk_180_43215,0.318848,0.000857,0.337668,0.0,0.006934,0.0,0.0,0.0,0.218245,0.0,0.084368,0.0,0.0,0.000657,0.032405,0.0,0.0,0.0,0.0,0.0,0.0,0.0,0.0,0.0,0.0,0.0,0.0,0.0,0.0,0.0,0.0,0.0,0.0,0.0,0.0,0.0,0.0,0.0
zzy-222@63j-xgj-zmk_270_43215,0.314963,0.002842,0.373975,0.007478,0.0,0.0,0.0,0.0,0.222153,0.02314,0.030017,2e-06,0.0,0.00324,0.02219,0.0,0.0,0.0,0.0,0.0,0.0,0.0,0.0,0.0,0.0,0.0,0.0,0.0,0.0,0.0,0.0,0.0,0.0,0.0,0.0,0.0,0.0,0.0
zzy-222@63j-xgj-zmk_90_43215,0.225078,0.03771,0.37552,0.000171,0.000203,0.01238,0.0,0.006995,0.288674,0.004648,0.006094,0.0,0.0,0.000356,0.04217,0.0,0.0,0.0,0.0,0.0,0.0,0.0,0.0,0.0,0.0,0.0,0.0,0.0,0.0,0.0,0.0,0.0,0.0,0.0,0.0,0.0,0.0,0.0
zzy-222@63j-xt4-6ff_0_43081,0.097021,0.409211,0.354397,0.09252,0.0,0.018276,0.0,0.009634,0.003042,0.0,0.013433,0.0,0.0,0.0,0.0,0.0,0.000815,0.0,0.0,0.0,0.0,0.00165,0.0,0.0,0.0,0.0,0.0,0.0,0.0,0.0,0.0,0.0,0.0,0.0,0.0,0.0,0.0,0.0
zzy-222@63j-xt4-6ff_180_43081,0.331084,0.171575,0.288281,0.137607,0.0,0.017966,0.0,0.0,0.0,0.016887,0.0,0.0,0.0,0.001306,0.0,0.0,0.0,0.0,0.0,0.0,0.0,0.0,0.0,0.0,0.0,0.0,0.0,0.0,0.0,0.0,0.0,0.0,0.0,0.0,0.0,0.0,0.0,0.0
zzy-222@63j-xt4-6ff_270_43081,0.338464,0.320959,0.1055,5.4e-05,5e-06,0.121428,0.00094,0.000496,0.002227,0.052097,0.0,0.0,0.0,0.0,0.0,0.0,0.0,0.0,0.0,0.0,0.0,0.0,0.0,0.0,0.0,0.0,0.0,0.0,0.0,0.0,0.0,0.0,0.0,0.0,0.0,0.0,0.0,0.0
zzy-222@63j-xt4-6ff_90_43081,0.282278,0.216265,0.156626,0.191409,0.0,0.024241,0.002539,0.023665,0.03646,0.011135,0.0,0.0,0.0,0.0,0.035583,0.0,0.0,0.0,0.0,0.0,0.0,0.000696,0.0,0.0,0.0,0.0,0.0,0.0,0.0,0.0,0.0,0.0,0.0,0.0,0.0,0.0,0.0,0.0
zzy-222@63m-2j5-j9z_0_37620,0.4424,0.017971,0.391121,0.077466,0.0,0.000264,0.063376,0.0,0.003958,0.0,0.003445,0.0,0.0,0.0,0.0,0.0,0.0,0.0,0.0,0.0,0.0,0.0,0.0,0.0,0.0,0.0,0.0,0.0,0.0,0.0,0.0,0.0,0.0,0.0,0.0,0.0,0.0,0.0
zzy-222@63m-2j5-j9z_180_37620,0.461924,0.0128,0.449143,0.029709,0.0,6.1e-05,0.009629,4.4e-05,0.027334,0.0,0.005159,0.000713,0.0,1.2e-05,0.003464,0.0,0.0,7e-06,0.0,0.0,0.0,0.0,0.0,0.0,0.0,0.0,0.0,0.0,0.0,0.0,0.0,0.0,0.0,0.0,0.0,0.0,0.0,0.0
zzy-222@63m-2j5-j9z_270_37620,0.288208,0.066787,0.084954,0.149219,0.0,0.199263,0.127388,0.0,0.062786,5e-06,0.0,0.0,0.0,0.0,0.0,0.0,0.0,0.0,0.0,0.0,0.0,0.0,0.0,0.0,0.0,0.0,0.0,0.0,0.0,0.0,0.0,0.0,0.0,0.0,0.0,0.0,0.0,0.0
zzy-222@63m-2j5-j9z_90_37620,0.429363,0.072827,0.445217,0.050574,0.0,0.0,0.0,0.0,0.0,0.0,0.0,0.000344,0.0,0.000154,0.0,0.0,0.0,0.001411,0.0,0.0,0.0,0.0,0.0,0.0,0.0,0.0,0.0,0.0,0.0,0.0,0.0,0.0,0.0,0.0,0.0,0.0,0.0,0.0
zzy-222@63m-bzt-89z_0_40380,0.308713,0.205977,0.213833,0.153516,0.0,0.078755,0.0,0.008296,0.008013,0.0,0.015015,5e-06,0.0,0.0,0.0,0.0,0.0,0.0,0.0,0.0,0.0,0.0,0.0,0.0,0.0,0.0,0.0,0.0,0.0,0.0,0.0,0.0,0.0,0.0,0.0,0.0,0.0,0.0
zzy-222@63m-bzt-89z_180_40380,0.303853,0.217158,0.313669,0.122834,0.0,0.000835,0.0,0.005977,1e-05,0.0,0.035171,0.000425,0.0,6.8e-05,0.0,0.0,0.0,0.0,0.0,0.0,0.0,0.0,0.0,0.0,0.0,0.0,0.0,0.0,0.0,0.0,0.0,0.0,0.0,0.0,0.0,0.0,0.0,0.0
zzy-222@63m-bzt-89z_270_40380,0.236785,0.345183,0.227878,0.141345,0.0,0.0,0.0,0.0,0.0,0.0,0.044265,0.0,0.0,2.4e-05,0.0,0.0,0.001335,0.0,0.0,0.0,0.0,0.0,0.0,0.0,0.0,0.0,0.0,0.0,0.0,0.0,0.0,0.0,0.0,0.0,0.0,0.0,0.0,0.0
zzy-222@63m-bzt-89z_90_40380,0.327065,0.047937,0.11709,0.238643,0.009629,0.007861,0.054966,0.000583,0.115178,0.050388,0.00373,0.0,0.0,0.0,0.0,0.0,0.000615,0.0,0.0,0.0,0.0,0.0,0.0,0.0,0.0,0.0,0.0,0.0,0.0,0.0,0.0,0.0,0.0,0.0,0.0,0.0,0.0,0.0
zzy-222@63m-c38-mtv_0_40376,0.064888,0.163396,0.275435,0.0,0.0,0.0,0.0,0.0,0.0,0.0,0.020657,0.0,0.0,0.0,0.0,0.0,0.0,0.475625,0.0,0.0,0.0,0.0,0.0,0.0,0.0,0.0,0.0,0.0,0.0,0.0,0.0,0.0,0.0,0.0,0.0,0.0,0.0,0.0
zzy-222@63m-c38-mtv_180_40376,0.304951,0.154739,0.414993,0.0,0.0,0.0,0.0,0.0,0.086477,0.0,0.036382,0.001799,0.0,0.0,0.0,0.0,0.0,0.000542,0.0,0.0,0.0,0.0,0.0,0.0,0.0,0.0,0.0,0.0,0.0,0.0,0.0,0.0,0.0,0.0,0.0,0.0,0.0,0.0
zzy-222@63m-c38-mtv_270_40376,0.292373,0.176304,0.434277,2.2e-05,0.0,0.0,0.0,0.0,0.06135,0.0,0.021113,0.00158,0.0,0.0,2e-06,0.0,0.0,0.0,0.0,0.0,0.0,0.0,0.0,0.0,0.0,0.0,0.0,0.0,0.0,0.0,0.0,0.0,0.0,0.0,0.0,0.0,0.0,0.0
zzy-222@63m-c38-mtv_90_40376,0.159836,0.226167,0.235222,0.002512,0.0,0.0,2e-05,0.0,0.002419,0.002012,0.159099,0.0,0.0,0.0,0.0,0.0,0.0,0.212712,0.0,0.0,0.0,0.0,0.0,0.0,0.0,0.0,0.0,0.0,0.0,0.0,0.0,0.0,0.0,0.0,0.0,0.0,0.0,0.0
zzy-222@63m-ky4-9fz_0_37708,0.401243,0.075513,0.160408,0.0,0.0,0.226165,0.0,0.031694,0.006936,0.0,0.002134,0.000854,0.0,6.3e-05,0.0,0.0,0.0,0.0,0.0,0.0,0.0,0.0,0.0,0.0,0.0,0.0,0.0,0.0,0.0,0.0,0.0,0.0,0.0,0.0,0.0,0.0,0.0,0.0
zzy-222@63m-ky4-9fz_180_37708,0.345769,0.10375,0.282876,0.182749,0.0,0.039912,0.0,0.013208,5e-06,0.0,0.0,0.0,0.0,1.7e-05,0.0,0.0,0.0,0.0,0.0,0.0,0.0,0.0,0.0,0.0,0.0,0.0,0.0,0.0,0.0,0.0,0.0,0.0,0.0,0.0,0.0,0.0,0.0,0.0
zzy-222@63m-ky4-9fz_270_37708,0.396392,0.084082,0.059741,0.423088,0.0,0.006318,0.0,0.0,0.012881,0.0,0.0,0.0,0.0,0.0,0.0,0.0,0.0,0.000161,0.0,0.0,0.0,0.0,0.0,0.0,0.0,0.0,0.0,0.0,0.0,0.0,0.0,0.0,0.0,0.0,0.0,0.0,0.0,0.0
zzy-222@63m-ky4-9fz_90_37708,0.199722,0.325959,0.0,0.0,0.0,0.463801,0.003035,0.002913,0.000186,0.002615,0.0,0.0,0.0,0.0,0.0,0.0,0.0,0.0,0.0,0.0,0.0,0.0,0.0,0.0,0.0,0.0,0.0,0.0,0.0,0.0,0.0,0.0,0.0,0.0,0.0,0.0,0.0,0.0
zzy-222@63m-rvc-g8v_0_25526,0.410598,0.114734,0.399878,0.000583,0.0,0.044214,0.0,0.0,4.9e-05,0.02437,0.001919,0.003655,0.0,0.0,0.0,0.0,0.0,0.0,0.0,0.0,0.0,0.0,0.0,0.0,0.0,0.0,0.0,0.0,0.0,0.0,0.0,0.0,0.0,0.0,0.0,0.0,0.0,0.0
zzy-222@63m-rvc-g8v_180_25526,0.389709,0.100383,0.391035,0.001487,0.0,0.012534,0.0,0.003259,0.006296,0.003821,0.086943,0.0,0.0,0.000312,0.0,0.0,0.0,0.004219,0.0,0.0,0.0,0.0,0.0,0.0,0.0,0.0,0.0,0.0,0.0,0.0,0.0,0.0,0.0,0.0,0.0,0.0,0.0,0.0
zzy-222@63m-rvc-g8v_270_25526,0.442661,0.04084,0.364937,0.010037,0.0,0.026265,0.0,0.0,0.036042,0.022061,0.038582,0.0,0.0,0.009314,0.0,0.0,0.0,0.0,0.0,0.0,0.0,0.0,0.0,0.0,0.0,0.0,0.0,0.0,0.0,0.0,0.0,0.0,0.0,0.0,0.0,0.0,0.0,0.0
zzy-222@63m-rvc-g8v_90_25526,0.351025,0.146514,0.233699,0.000396,0.0,0.241052,0.0,0.004426,0.0,0.007922,0.006372,0.0,0.0,0.003167,0.0,0.0,0.0,0.0,0.0,0.0,0.0,0.0,0.0,0.0,0.0,0.0,0.0,0.0,0.0,0.0,0.0,0.0,0.0,0.0,0.0,0.0,0.0,0.0
zzy-222@63m-yss-bzf_0_45656,0.31938,0.116575,0.000203,0.123733,0.0,0.0,0.000261,1.2e-05,0.092385,0.00043,0.000588,0.000728,0.000449,2.7e-05,0.22459,0.0,0.0,0.0,0.0,0.0,0.002559,0.0,0.0,0.0,0.0,0.0,0.0,0.0,0.0,0.0,0.0,0.0,0.0,0.0,0.0,0.0,0.0,0.0
zzy-222@63m-yss-bzf_180_45656,0.190823,0.347974,0.013665,0.088682,0.0,0.082974,0.001172,0.0,0.027742,0.001453,0.011902,0.0,0.0,0.000244,0.000391,0.0,0.0,0.0,0.0,0.0,0.0,0.0,0.0,0.0,0.0,0.0,0.0,0.0,0.0,0.0,0.0,0.0,0.0,0.0,0.0,0.0,0.0,0.0
zzy-222@63m-yss-bzf_270_45656,0.420605,0.047527,0.31385,0.099045,0.0,0.0,0.004631,0.009255,0.019673,0.0,0.009456,0.005527,0.0,2.7e-05,0.025857,0.005112,0.0,0.0,0.0,0.0,0.0,0.0,0.0,0.0,0.0,0.0,0.0,0.0,0.0,0.0,0.0,0.0,0.0,0.0,0.0,0.0,0.0,0.0
zzy-222@63m-yss-bzf_90_45656,0.290564,0.178196,0.342083,0.035564,0.0,0.043518,0.0,0.006143,0.020105,0.0,0.004578,0.001431,0.0,2e-06,0.006013,0.0,0.0,0.0,0.0,0.0,0.0,0.0,0.0,0.0,0.0,0.0,0.0,0.0,0.0,0.0,0.0,0.0,0.0,0.0,0.0,0.0,0.0,0.0
zzy-222@63n-6nz-7h5_0_25901,0.411262,0.089209,0.365642,0.046829,0.0,0.0,0.004312,0.0,0.038042,0.0,0.00042,0.0,0.0,0.000557,0.036685,0.0,0.0,0.0,0.0,0.0,0.0,0.0,0.0,0.0,0.0,0.0,0.0,0.0,0.0,0.0,0.0,0.0,0.0,0.0,0.0,0.0,0.0,0.0
zzy-222@63n-6nz-7h5_180_25901,0.328586,0.078562,0.331294,0.090676,0.0,0.000491,0.001052,0.022986,0.034724,0.021252,0.00011,0.005889,0.0,0.000325,0.030679,0.0,0.0,0.0,0.0,0.0,0.0,0.0,0.0,0.0,0.0,0.0,0.0,0.0,0.0,0.0,0.0,0.0,0.0,0.0,0.0,0.0,0.0,0.0
zzy-222@63n-6nz-7h5_270_25901,0.365696,0.145894,0.427683,0.040693,0.0,0.0,0.0,0.0,0.018071,0.0,0.000742,0.0,0.0,0.0,3.7e-05,0.0,0.0,0.0,0.0,0.0,0.0,0.0,0.0,0.0,0.0,0.0,0.0,0.0,0.0,0.0,0.0,0.0,0.0,0.0,0.0,0.0,0.0,0.0
zzy-222@63n-6nz-7h5_90_25901,0.384722,0.055159,0.416499,0.046311,0.0,0.0,0.004697,0.001533,0.058083,0.010874,0.000583,0.0,0.0,0.0,0.013103,0.0,0.0,0.0,0.0,0.0,0.0,0.0,0.0,0.0,0.0,0.0,0.0,0.0,0.0,0.0,0.0,0.0,0.0,0.0,0.0,0.0,0.0,0.0
zzy-222@63n-6pc-zmk_0_25862,0.230491,0.372749,0.263735,0.104475,0.0,0.00085,0.0,0.013164,0.0,0.0,0.0,0.001038,0.0,0.0,0.0,0.0,0.0,0.0,0.0,0.0,0.001167,0.0,0.0,0.0,0.0,0.0,0.0,0.0,0.0,0.0,0.0,0.0,0.0,0.0,0.0,0.0,0.0,0.0
zzy-222@63n-6pc-zmk_180_25862,0.395625,0.178547,0.361765,0.023752,0.0,0.015601,0.0,0.02467,0.0,2.7e-05,0.0,0.0,0.0,0.0,0.0,0.0,0.0,0.0,0.0,0.0,0.0,0.0,0.0,0.0,0.0,0.0,0.0,0.0,0.0,0.0,0.0,0.0,0.0,0.0,0.0,0.0,0.0,0.0
zzy-222@63n-6pc-zmk_270_25862,0.083428,0.719697,0.003232,0.105854,0.0,0.001848,0.0,0.082219,0.0,0.00291,0.0,0.0,0.0,0.0,0.0,0.0,0.0,0.0,0.0,0.0,0.0,0.0,0.0,0.0,0.0,0.0,0.0,0.0,0.0,0.0,0.0,0.0,0.0,0.0,0.0,0.0,0.0,0.0
zzy-222@63n-6pc-zmk_90_25862,0.221086,0.357166,0.33093,0.008921,0.0,0.056606,0.0,0.023835,0.0,0.0,0.0,0.001353,0.0,0.0,0.0,0.0,0.000103,0.0,0.0,0.0,0.0,0.0,0.0,0.0,0.0,0.0,0.0,0.0,0.0,0.0,0.0,0.0,0.0,0.0,0.0,0.0,0.0,0.0
zzy-222@63p-fvw-qmk_0_16217,0.007727,0.709626,0.000835,0.023572,0.0,0.191306,0.003113,0.063821,0.0,0.0,0.0,0.0,0.0,0.0,0.0,0.0,0.0,0.0,0.0,0.0,0.0,0.0,0.0,0.0,0.0,0.0,0.0,0.0,0.0,0.0,0.0,0.0,0.0,0.0,0.0,0.0,0.0,0.0
zzy-222@63p-fvw-qmk_180_16217,0.0,0.442781,0.351555,0.192104,0.0,0.004536,0.0,0.0,0.0,0.009023,0.0,0.0,0.0,0.0,0.0,0.0,0.0,0.0,0.0,0.0,0.0,0.0,0.0,0.0,0.0,0.0,0.0,0.0,0.0,0.0,0.0,0.0,0.0,0.0,0.0,0.0,0.0,0.0
zzy-222@63p-fvw-qmk_270_16217,0.030955,0.472993,0.342952,0.030349,0.0,0.101331,0.0,0.01437,0.0,0.0,0.0,0.006919,0.0,0.0,0.0,0.0,0.0,0.0,0.0,0.0,0.0,0.0,0.0,0.0,0.0,0.0,0.0,0.0,0.0,0.0,0.0,0.0,0.0,0.0,0.0,0.0,0.0,0.0
zzy-222@63p-fvw-qmk_90_16217,0.050303,0.512476,0.304978,0.068333,0.0,0.038779,0.0,0.017888,0.0,0.0,0.001885,0.000723,0.0,0.0,0.0,0.0,0.0,0.0,0.0,0.0,0.0,0.004636,0.0,0.0,0.0,0.0,0.0,0.0,0.0,0.0,0.0,0.0,0.0,0.0,0.0,0.0,0.0,0.0
zzy-222@63p-htm-45f_0_16301,0.339102,0.009575,0.276941,0.020164,0.0,0.0,2.4e-05,0.010005,0.245266,2e-06,0.003787,0.0,0.0,8.1e-05,0.094119,0.0,0.0,0.0,0.0,0.0,0.0,0.0,0.0,0.0,0.0,0.0,0.0,0.0,0.0,0.0,0.0,0.0,0.0,0.0,0.0,0.0,0.0,0.0
zzy-222@63p-htm-45f_180_16301,0.244844,0.200181,0.411333,0.035469,0.0,0.023972,0.036848,0.0,0.032554,0.0,0.010176,0.0,0.0,4.2e-05,0.0,0.000171,0.0,0.0,0.0,0.0,0.0,0.0,0.0,0.0,0.0,0.0,0.0,0.0,0.0,0.0,0.0,0.0,0.0,0.0,0.0,0.0,0.0,0.0
zzy-222@63p-htm-45f_270_16301,0.30168,0.073977,0.0,0.05842,0.0,0.000247,0.000422,0.122874,0.132117,0.018411,0.0,0.0,0.0,0.0,0.0,0.0,0.0,0.0,0.0,0.0,0.0,0.0,0.0,0.0,0.0,0.0,0.0,0.0,0.0,0.0,0.0,0.0,0.0,0.0,0.0,0.0,0.0,0.0
zzy-222@63p-htm-45f_90_16301,0.166055,0.15333,0.297095,0.039871,0.0,0.028398,0.0,0.0,0.256392,1.7e-05,0.001475,0.0,0.0,0.0,0.008708,0.0,0.0,0.0,0.0,0.0,0.0,0.0,0.0,0.0,0.0,0.0,0.0,0.0,0.0,0.0,0.0,0.0,0.0,0.0,0.0,0.0,0.0,0.0
zzy-222@63q-59j-hdv_0_13034,0.273115,0.255244,0.288062,0.183579,0.0,0.0,0.0,0.0,0.0,0.0,0.0,0.0,0.0,0.0,0.0,0.0,0.0,0.0,0.0,0.0,0.0,0.0,0.0,0.0,0.0,0.0,0.0,0.0,0.0,0.0,0.0,0.0,0.0,0.0,0.0,0.0,0.0,0.0
zzy-222@63q-59j-hdv_180_13034,0.125217,0.416719,0.243013,0.209324,0.0,0.0,0.0,0.0,0.0,0.00175,0.0,0.0,0.0,0.0,0.0,0.0,0.0,0.0,0.0,0.0,0.0,0.0,0.0,0.0,0.0,0.0,0.0,0.0,0.0,0.0,0.0,0.0,0.0,0.0,0.0,0.0,0.0,0.0
zzy-222@63q-59j-hdv_270_13034,0.107161,0.519463,0.0,0.347947,0.0,0.0,0.0,0.0,0.0,0.000112,0.0,0.0,0.0,0.0,0.0,0.0,0.0,0.0,0.0,0.0,0.0,0.0,0.0,0.0,0.0,0.0,0.0,0.0,0.0,0.0,0.0,0.0,0.0,0.0,0.0,0.0,0.0,0.0
zzy-222@63q-59j-hdv_90_13034,0.102144,0.421282,0.0,0.262234,0.0,0.0,0.0,0.0,0.0,0.0,0.0,0.0,0.0,0.0,0.0,0.0,0.0,0.0,0.0,0.0,0.0,0.0,0.0,0.0,0.0,0.0,0.0,0.0,0.0,0.0,0.0,0.0,0.0,0.0,0.0,0.0,0.0,0.0
zzy-222@63q-g57-py9_0_18411,0.40156,0.036711,0.44897,0.0,0.0,0.0,0.0,0.0,0.047051,0.0,0.05093,0.004509,0.0,0.000264,0.008813,0.0,0.0,0.0,7e-06,0.0,0.0,0.0,0.0,0.0,0.0,0.0,0.0,0.0,0.0,0.0,0.0,0.0,0.0,0.0,0.0,0.0,0.0,0.0
zzy-222@63q-g57-py9_180_18411,0.166265,0.341372,0.276902,0.001394,0.0,0.007471,0.029014,0.0,0.0005,0.162112,0.004204,0.000308,0.0,0.000486,0.004929,0.0,0.0,0.003398,0.0,0.0,0.0,0.0,0.0,0.0,0.0,0.0,0.0,0.0,0.0,0.0,0.0,0.0,0.0,0.0,0.0,0.0,0.0,0.0
zzy-222@63q-g57-py9_270_18411,0.150618,0.235757,0.311677,0.013052,0.0,0.008374,0.01728,0.0,0.066313,0.181177,0.002278,0.005996,0.0,0.0,0.003186,0.0,0.0,0.0,0.0,0.0,0.0,0.0,0.0,0.0,0.0,0.0,0.0,0.0,0.0,0.0,0.0,0.0,0.0,0.0,0.0,0.0,0.0,0.0
zzy-222@63q-g57-py9_90_18411,0.431257,0.039978,0.425298,0.0,4.4e-05,0.006399,0.0,0.0,0.051797,0.004617,0.025159,0.005359,0.0,0.000576,0.007952,0.0,0.0,0.0,0.0,0.0,0.0,0.0,0.0,0.0,0.0,0.0,0.0,0.0,0.0,0.0,0.0,0.0,0.0,0.0,0.0,0.0,0.0,0.0
zzy-222@63q-g5x-zmk_0_18403,0.362158,0.106624,0.355034,0.044585,0.0,0.028267,0.004343,0.016179,0.070027,0.0,0.001169,0.0,0.0,0.000532,0.006709,0.0,0.0,0.0,0.0,0.0,0.0,0.0,0.0,0.0,0.0,0.0,0.0,0.0,0.0,0.0,0.0,0.0,0.0,0.0,0.0,0.0,0.0,0.0
zzy-222@63q-g5x-zmk_180_18403,0.380415,0.106265,0.349561,0.072495,0.0,0.0,0.0,0.0,0.07571,0.0,0.012278,0.0,0.0,5.9e-05,0.002854,0.0,0.0,0.0,0.0,0.0,0.0,0.0,0.0,0.0,0.0,0.0,0.0,0.0,0.0,0.0,0.0,0.0,0.0,0.0,0.0,0.0,0.0,0.0
zzy-222@63q-g5x-zmk_270_18403,0.293555,0.060918,0.366958,0.002334,0.0,0.0,0.0,0.033296,0.177236,0.0,0.024868,0.0,0.0,0.001504,0.022227,0.0,0.0,0.0,0.0,0.0,0.000146,0.005139,0.0,0.0,0.0,0.0,0.0,0.0,0.0,0.0,0.0,0.0,0.0,0.0,0.0,0.0,0.0,0.0
zzy-222@63q-g5x-zmk_90_18403,0.386252,0.191404,0.030747,6.8e-05,0.0,0.285061,0.0,0.0,0.017585,0.0,0.0,0.0,0.0,0.0,0.03624,0.0,0.028215,0.0,0.0,0.0,0.0,0.0,0.0,0.0,0.0,0.0,0.0,0.0,0.0,0.0,0.0,0.0,0.0,0.0,0.0,0.0,0.0,0.0
zzy-222@63q-ky2-t35_0_14760,0.444338,0.100615,0.375928,0.069353,0.0,1e-05,0.000117,0.0,0.0,0.0,0.000166,0.0,0.0,0.000491,0.007288,0.0,0.0,0.0,0.0,0.0,0.0,0.0,0.0,0.0,0.0,0.0,0.0,0.0,0.0,0.0,0.0,0.0,0.0,0.0,0.0,0.0,0.0,0.0
zzy-222@63q-ky2-t35_180_14760,0.23075,0.426262,0.137231,0.180664,0.0,0.0,0.0,0.009509,0.008486,0.006697,0.0,0.0,0.0,0.0,0.0,0.0,0.0,0.0,0.0,0.0,0.0,0.0,0.0,0.0,0.0,0.0,0.0,0.0,0.0,0.0,0.0,0.0,0.0,0.0,0.0,0.0,0.0,0.0
zzy-222@63q-ky2-t35_270_14760,0.388665,0.155083,0.413115,0.029363,0.0,0.001726,0.0,0.0,0.0,0.004187,0.002422,0.0,0.0,0.0,0.001958,0.0,0.0,0.0,0.0,0.0,0.0,0.0,0.0,0.0,0.0,0.0,0.0,0.0,0.0,0.0,0.0,0.0,0.0,0.0,0.0,0.0,0.0,0.0
zzy-222@63q-ky2-t35_90_14760,0.181355,0.372441,0.307632,0.133811,0.0,9.5e-05,0.0,0.0,0.004187,0.0,0.0,0.0,0.0,0.0,0.0,0.0,0.0,0.0,0.0,0.0,0.0,0.0,0.0,0.0,0.0,0.0,0.0,0.0,0.0,0.0,0.0,0.0,0.0,0.0,0.0,0.0,0.0,0.0
zzy-222@63q-mrj-rff_0_14070,0.363921,0.157036,0.362124,0.094163,0.0,0.0,0.0,0.000115,0.015154,0.0,0.003362,0.003616,0.0,0.000383,4.4e-05,0.0,0.0,0.0,0.0,0.0,0.0,0.0,0.0,0.0,0.0,0.0,0.0,0.0,0.0,0.0,0.0,0.0,0.0,0.0,0.0,0.0,0.0,0.0
zzy-222@63q-mrj-rff_180_14070,0.270344,0.176709,0.340327,0.078066,0.0,0.0,0.0,0.0,7e-06,0.008279,0.002134,0.00106,0.0,0.002864,0.038879,0.0,0.0,0.0,7.3e-05,0.0,0.0,0.0,0.0,0.0,0.0,0.0,0.0,0.0,0.0,0.0,0.0,0.0,0.0,0.0,0.0,0.0,0.0,0.0
zzy-222@63q-mrj-rff_270_14070,0.291785,0.207878,0.064585,0.248875,0.0,9.8e-05,0.004324,0.0,2e-06,0.0,0.010085,0.000261,0.0,0.0,0.070681,0.0,0.0,0.0,0.0,0.0,0.0,0.0,0.0,0.0,0.0,0.0,0.0,0.0,0.0,0.0,0.0,0.0,0.0,0.0,0.0,0.0,0.0,0.0
zzy-222@63q-mrj-rff_90_14070,0.321433,0.1851,0.337502,0.101704,0.0,0.005234,0.0,0.0,0.010383,0.0,0.0,0.000193,0.0,0.0,0.023411,0.0,0.0,0.0,0.0,0.0,0.0,0.0,0.0,0.0,0.0,0.0,0.0,0.0,0.0,0.0,0.0,0.0,0.0,0.0,0.0,0.0,0.0,0.0
zzy-222@63q-n5s-y35_0_14075,0.325579,0.206184,0.0,0.088743,0.0,0.0,0.0,0.0,0.013748,0.0,0.002561,0.0,0.0,2e-06,0.0,0.0,0.0,0.0,0.0,0.0,0.0,0.0,0.0,0.0,0.0,0.0,0.0,0.0,0.0,0.0,0.0,0.0,0.0,0.0,0.0,0.0,0.0,0.0
zzy-222@63q-n5s-y35_180_14075,0.318701,0.187097,0.196997,0.105522,0.0,0.0,0.0,0.0,0.023228,0.00062,0.002163,0.0,0.0,0.000178,0.000757,0.0,0.0,0.0,0.0,0.0,0.0,0.0,0.0,0.0,0.0,0.0,0.0,0.0,0.0,0.0,0.0,0.0,0.0,0.0,0.0,0.0,0.0,0.0
zzy-222@63q-n5s-y35_270_14075,0.354827,0.130083,0.30197,0.099431,0.0,0.0,0.0,7.1e-05,0.012847,8.8e-05,0.0,0.0,0.0,0.0,0.0,0.0,0.0,0.0,0.0,0.0,0.0,0.0,0.0,0.0,0.0,0.0,0.0,0.0,0.0,0.0,0.0,0.0,0.0,0.0,0.0,0.0,0.0,0.0
zzy-222@63q-n5s-y35_90_14075,0.283203,0.218821,0.265366,0.107136,0.0,5.9e-05,0.0,2.9e-05,0.034758,0.005989,0.001743,0.005569,0.0,0.0,0.000229,0.0,0.0,0.0,0.0,0.0,0.0,0.0,0.0,0.0,0.0,0.0,0.0,0.0,0.0,0.0,0.0,0.0,0.0,0.0,0.0,0.0,0.0,0.0
zzy-222@63q-rrx-n5z_0_14224,0.425962,0.071384,0.438845,0.043059,0.0,0.007827,0.0,0.0,0.011663,0.000557,0.000703,0.0,0.0,0.0,0.0,0.0,0.0,0.0,0.0,0.0,0.0,0.0,0.0,0.0,0.0,0.0,0.0,0.0,0.0,0.0,0.0,0.0,0.0,0.0,0.0,0.0,0.0,0.0
zzy-222@63q-rrx-n5z_180_14224,0.459553,0.040486,0.433621,0.0602,0.0,6.1e-05,0.0,0.000173,0.00583,0.0,0.0,0.0,0.0,7.6e-05,0.0,0.0,0.0,0.0,0.0,0.0,0.0,0.0,0.0,0.0,0.0,0.0,0.0,0.0,0.0,0.0,0.0,0.0,0.0,0.0,0.0,0.0,0.0,0.0
zzy-222@63q-rrx-n5z_270_14224,0.415181,0.090977,0.005139,0.152261,0.0,0.0,0.0,0.0,0.00314,0.0,0.0,0.000295,0.0,0.0,0.321978,0.0,0.0,0.0,0.0,0.0,0.0,0.0,0.0,0.0,0.0,0.0,0.0,0.0,0.0,0.0,0.0,0.0,0.0,0.0,0.0,0.0,0.0,0.0
zzy-222@63q-rrx-n5z_90_14224,0.445037,0.04699,0.00104,0.088503,0.0,3.7e-05,0.0,0.003665,0.02595,0.0,0.0,0.0,0.0,0.0,0.0,0.0,0.0,0.000308,0.0,0.0,0.0,0.0,0.0,0.0,0.0,0.0,0.0,0.0,0.0,0.0,0.0,0.0,0.0,0.0,0.0,0.0,0.0,0.0
zzy-222@63q-rzq-52k_0_14038,0.248398,0.450728,0.005146,0.129426,0.0,0.012112,0.0,0.0,0.0,0.013535,0.0,0.0,0.0,0.0,0.0,0.0,0.0,0.0,0.0,0.0,0.0,0.0,0.0,0.0,0.0,0.0,0.0,0.0,0.0,0.0,0.0,0.0,0.0,0.0,0.0,0.0,0.0,0.0
zzy-222@63q-rzq-52k_180_14038,0.261816,0.318506,0.30585,0.030674,0.0,0.0,0.0,0.0,0.0,0.060503,0.0,0.0,0.0,0.0,0.022651,0.0,0.0,0.0,0.0,0.0,0.0,0.0,0.0,0.0,0.0,0.0,0.0,0.0,0.0,0.0,0.0,0.0,0.0,0.0,0.0,0.0,0.0,0.0
zzy-222@63q-rzq-52k_270_14038,0.303887,0.254734,0.36521,0.076169,0.0,0.0,0.0,0.0,0.0,0.0,0.0,0.0,0.0,0.0,0.0,0.0,0.0,0.0,0.0,0.0,0.0,0.0,0.0,0.0,0.0,0.0,0.0,0.0,0.0,0.0,0.0,0.0,0.0,0.0,0.0,0.0,0.0,0.0
zzy-222@63q-rzq-52k_90_14038,0.338188,0.173245,0.346177,0.042498,0.0,0.0,0.009099,5.1e-05,0.0,0.058962,0.0,0.0,0.0,0.0,0.004734,0.0,0.027046,0.0,0.0,0.0,0.0,0.0,0.0,0.0,0.0,0.0,0.0,0.0,0.0,0.0,0.0,0.0,0.0,0.0,0.0,0.0,0.0,0.0
zzy-222@63q-s75-btv_0_14036,0.451775,0.056399,0.403289,0.077495,0.0,0.002908,0.0,0.0,0.001494,0.000229,0.0,0.000383,0.0,0.000225,0.0,0.0,0.0,0.0,0.0,0.0,0.0,0.0,0.0,0.0,0.0,0.0,0.0,0.0,0.0,0.0,0.0,0.0,0.0,0.0,0.0,0.0,0.0,0.0
zzy-222@63q-s75-btv_180_14036,0.461814,0.057974,0.419958,0.057732,0.0,0.0,0.0,0.0,0.000327,0.0,0.0,0.001592,0.0,7.8e-05,0.0,0.0,0.0,0.0,0.0,0.0,0.0,0.0,0.0,0.0,0.0,0.0,0.0,0.0,0.0,0.0,0.0,0.0,0.0,0.0,0.0,0.0,0.0,0.0
zzy-222@63q-s75-btv_270_14036,0.461653,0.05343,0.38321,0.101636,0.0,0.0,0.0,0.0,0.0,0.0,0.0,0.0,0.0,0.0,0.0,0.0,0.0,0.0,0.0,0.0,0.0,0.0,0.0,0.0,0.0,0.0,0.0,0.0,0.0,0.0,0.0,0.0,0.0,0.0,0.0,0.0,0.0,0.0
zzy-222@63q-s75-btv_90_14036,0.432478,0.062976,0.004487,0.222568,0.0,0.0,0.0,0.0,0.010479,0.0,0.0,0.0,0.0,0.001682,0.0,0.0,0.0,0.0,0.0,0.0,0.0,0.0,0.0,0.0,0.0,0.0,0.0,0.0,0.0,0.0,0.0,0.0,0.0,0.0,0.0,0.0,0.0,0.0
zzy-222@63r-694-xdv_0_20903,0.395879,0.096592,0.423667,0.031145,0.0,0.002839,0.0,0.012351,0.011421,0.016338,0.000815,0.0,0.0,0.00012,0.008833,0.0,0.0,0.0,0.0,0.0,0.0,0.0,0.0,0.0,0.0,0.0,0.0,0.0,0.0,0.0,0.0,0.0,0.0,0.0,0.0,0.0,0.0,0.0
zzy-222@63r-694-xdv_180_20903,0.430022,0.088003,0.459807,0.01175,0.0,0.000183,0.0,0.002083,0.001953,0.0,0.001687,0.0,0.0,0.000103,0.003921,0.0,0.0,0.0,0.0,0.0,0.0,0.0,0.0,0.0,0.0,0.0,0.0,0.0,0.0,0.0,0.0,0.0,0.0,0.0,0.0,0.0,0.0,0.0
zzy-222@63r-694-xdv_270_20903,0.379219,0.124568,0.458506,0.031826,0.0,0.0,0.0,0.0,0.003035,0.0,0.0,0.0,0.0,5e-06,0.002842,0.0,0.0,0.0,0.0,0.0,0.0,0.0,0.0,0.0,0.0,0.0,0.0,0.0,0.0,0.0,0.0,0.0,0.0,0.0,0.0,0.0,0.0,0.0
zzy-222@63r-694-xdv_90_20903,0.424663,0.128125,0.349387,0.058718,0.0,0.005859,0.0,0.004443,0.0,0.015972,0.0,0.0,0.0,7.8e-05,0.009907,0.0,0.0,0.0,0.0,0.0,0.0,0.0,0.0,0.0,0.0,0.0,0.0,0.0,0.0,0.0,0.0,0.0,0.0,0.0,0.0,0.0,0.0,0.0
zzy-222@63r-6bf-m49_0_20710,0.461509,0.036782,0.393215,0.060417,1.5e-05,0.002393,0.0,0.004902,0.001636,0.0,0.022266,0.0,0.0,0.003577,0.001138,0.001978,0.0,0.0,0.0,0.0,0.0002,0.0,0.0,0.0,0.0,0.0,0.0,0.0,0.0,0.0,0.0,0.0,0.0,0.0,0.0,0.0,0.0,0.0
zzy-222@63r-6bf-m49_180_20710,0.429858,0.055562,0.366455,0.0,2.4e-05,0.000295,0.002976,0.008379,0.084031,0.025361,0.000508,0.000691,0.0,0.0,0.02071,0.000183,0.0,0.0,0.0,3.4e-05,0.0,0.0,0.0,0.003328,0.0,0.0,0.0,0.0,0.0,0.0,0.0,0.0,0.0,0.0,0.0,0.0,0.0,0.0
zzy-222@63r-6bf-m49_270_20710,0.443501,0.08166,0.333992,0.066543,0.000408,0.000222,0.002173,0.010522,0.012419,0.000369,0.025359,0.000352,0.0,0.005186,0.006987,0.0,0.006064,0.0,0.0,0.0,0.0,0.000161,0.0,0.0,0.0,0.0,0.0,0.0,0.0,0.0,0.0,0.0,0.0,0.0,0.0,0.0,0.0,0.0
zzy-222@63r-6bf-m49_90_20710,0.437917,0.060286,0.441414,0.042117,0.0,0.001638,0.000549,0.002488,0.005635,0.0,0.000227,0.003047,0.0,0.0,0.000168,0.0,0.0,0.0,0.0,0.0,0.0,0.0,0.0,0.0,0.0,0.0,0.0,0.0,0.0,0.0,0.0,0.0,0.0,0.0,0.0,0.0,0.0,0.0
zzy-222@63r-6hj-k2k_0_20850,0.226577,0.259412,0.293196,0.184919,0.0,0.0,0.0,0.0,0.0,0.004551,0.000183,0.0,0.0,0.0,0.0,0.0,0.0,0.0,0.0,0.0,0.0,0.0,0.0,0.0,0.0,0.0,0.0,0.0,0.0,0.0,0.0,0.0,0.0,0.0,0.0,0.0,0.0,0.0
zzy-222@63r-6hj-k2k_180_20850,0.212983,0.316072,0.389792,0.079346,0.0,0.0,0.0,0.001199,0.0,0.0,0.000608,0.0,0.0,0.0,0.0,0.0,0.0,0.0,0.0,0.0,0.0,0.0,0.0,0.0,0.0,0.0,0.0,0.0,0.0,0.0,0.0,0.0,0.0,0.0,0.0,0.0,0.0,0.0
zzy-222@63r-6hj-k2k_270_20850,0.211899,0.279224,0.385718,0.114792,0.0,0.0,0.0,0.0,0.002249,0.0,0.003401,0.0,0.0,0.0,5.6e-05,0.0,0.0,0.0,0.0,0.0,0.0,0.0,0.0,0.0,0.0,0.0,0.0,0.0,0.0,0.0,0.0,0.0,0.0,0.0,0.0,0.0,0.0,0.0
zzy-222@63r-6hj-k2k_90_20850,0.085015,0.455344,0.085154,0.286865,0.0,0.0,0.027185,0.0,0.0,0.034473,0.0,0.0,0.0,0.0,0.004846,0.0,0.0,0.0,0.0,0.0,0.0,0.0,0.0,0.0,0.0,0.0,0.0,0.0,0.0,0.0,0.0,0.0,0.0,0.0,0.0,0.0,0.0,0.0
zzy-222@63r-6pr-et9_0_20861,0.205835,0.317825,0.0,0.0,0.0,0.455354,0.0,0.020986,0.0,0.0,0.0,0.0,0.0,0.0,0.0,0.0,0.0,0.0,0.0,0.0,0.0,0.0,0.0,0.0,0.0,0.0,0.0,0.0,0.0,0.0,0.0,0.0,0.0,0.0,0.0,0.0,0.0,0.0
zzy-222@63r-6pr-et9_180_20861,0.343716,0.224019,0.363745,0.020679,0.0,0.03866,0.0,0.005342,4.4e-05,0.001343,0.0,0.001038,0.0,0.0,0.0,0.0,0.0,0.0,0.0,0.0,0.0,0.0,0.0,0.0,0.0,0.0,0.0,0.0,0.0,0.0,0.0,0.0,0.0,0.0,0.0,0.0,0.0,0.0
zzy-222@63r-6pr-et9_270_20861,0.258086,0.28467,0.239465,0.0,0.006157,0.201165,0.0,0.006204,0.0,0.0,0.003506,0.0,0.0,0.0,0.0,0.0,0.0,0.0,0.0,0.0,0.0,0.000747,0.0,0.0,0.0,0.0,0.0,0.0,0.0,0.0,0.0,0.0,0.0,0.0,0.0,0.0,0.0,0.0
zzy-222@63r-6pr-et9_90_20861,0.270361,0.222092,0.319365,0.007063,0.0,0.177065,0.0,0.0,0.0,0.0,0.000542,0.003511,0.0,0.0,0.0,0.0,0.0,0.0,0.0,0.0,0.0,0.0,0.0,0.0,0.0,0.0,0.0,0.0,0.0,0.0,0.0,0.0,0.0,0.0,0.0,0.0,0.0,0.0
zzy-222@63r-b9k-ffz_0_21222,0.350559,0.147979,0.25564,0.102717,5.6e-05,0.00718,0.0,0.02613,0.016194,0.0,0.005239,0.007517,0.0,0.0,0.075742,0.0,0.004165,0.0,0.0,0.0,0.0,0.0,0.0,0.0,0.0,0.0,0.0,0.0,0.0,0.0,0.0,0.0,0.0,0.0,0.0,0.0,0.0,0.0
zzy-222@63r-b9k-ffz_180_21222,0.449272,0.044143,0.324641,0.10064,0.0,0.005952,0.0,0.004878,0.021516,0.021907,0.007966,0.0,0.0,0.0,0.011448,0.00054,0.0,0.0,0.0,0.0,0.000325,0.0,0.0,0.0,0.0,0.0,0.0,0.0,0.0,0.0,0.0,0.0,0.0,0.0,0.0,0.0,0.0,0.0
zzy-222@63r-b9k-ffz_270_21222,0.404021,0.012151,0.262661,0.099797,0.0,0.0,0.000964,0.000891,0.070085,0.006755,0.0,0.0,0.0,0.0,0.069841,0.0,0.0,0.0,0.0,0.0,0.0,0.004878,0.0,0.0,0.0,0.0,0.0,0.0,0.0,0.0,0.0,0.0,0.0,0.0,0.0,0.0,0.0,0.0
zzy-222@63r-b9k-ffz_90_21222,0.452678,0.020833,0.002854,0.366626,0.0,0.000103,0.004114,0.042456,0.015618,0.0,0.0,0.007329,0.0,0.0022,0.0172,0.0,0.004177,1.2e-05,0.0,0.0,0.0,0.0,0.002021,0.0,0.0,0.0,0.0,0.0,0.0,0.0,0.0,0.0,0.0,0.0,0.0,0.0,0.0,0.0
zzy-222@63r-bpj-vvf_0_21161,0.295186,0.213386,0.06093,0.335227,0.0,0.037122,0.0,0.002061,0.0,0.0,0.038074,6.8e-05,0.0,0.0,0.0,0.0,0.011423,0.0,0.0,0.0,0.0,0.0,0.0,0.0,0.0,0.0,0.0,0.0,0.0,0.0,0.0,0.0,0.0,0.0,0.0,0.0,0.0,0.0
zzy-222@63r-bpj-vvf_180_21161,0.372363,0.142925,0.255796,0.140713,0.0,0.052524,0.0,0.0,0.0,0.0,0.035657,1.2e-05,0.0,0.0,0.0,0.0,0.0,0.0,0.0,0.0,0.0,0.0,0.0,0.0,0.0,0.0,0.0,0.0,0.0,0.0,0.0,0.0,0.0,0.0,0.0,0.0,0.0,0.0
zzy-222@63r-bpj-vvf_270_21161,0.289812,0.242502,0.178523,0.163911,0.000945,0.05603,0.0,0.000762,0.0,0.0,0.067515,0.0,0.0,0.0,0.0,0.0,0.0,0.0,0.0,0.0,0.0,0.0,0.0,0.0,0.0,0.0,0.0,0.0,0.0,0.0,0.0,0.0,0.0,0.0,0.0,0.0,0.0,0.0
zzy-222@63r-bpj-vvf_90_21161,0.276877,0.223909,0.325391,0.113198,0.0,0.00907,0.0,0.0,0.0,0.0,0.039978,0.0,0.0,0.0,0.0,0.0,0.0,0.0,0.0,0.0,0.0,0.0,0.0,0.0,0.0,0.0,0.0,0.0,0.0,0.0,0.0,0.0,0.0,0.0,0.0,0.0,0.0,0.0
zzy-222@63r-bt4-zfz_0_21207,0.158965,0.361687,0.236907,0.062791,0.0,0.045466,0.00145,0.0,0.004434,0.0,0.126331,0.000154,0.0,0.000164,0.0,0.0,0.0,0.0,0.0,0.0,0.0,0.0,0.0,0.0,0.0,0.0,0.0,0.0,0.0,0.0,0.0,0.0,0.0,0.0,0.0,0.0,0.0,0.0
zzy-222@63r-bt4-zfz_180_21207,0.441733,0.024836,8.3e-05,0.24155,0.0,0.0,0.0,0.026946,0.00446,0.0,0.0,0.0,0.0,0.0,0.0,0.0,0.0,0.0,0.0,0.0,0.0,0.0,0.0,0.0,0.0,0.0,0.0,0.0,0.0,0.0,0.0,0.0,0.0,0.0,0.0,0.0,0.0,0.0
zzy-222@63r-bt4-zfz_270_21207,0.420745,0.102104,0.002266,0.18623,0.0,0.000754,0.000391,0.00175,0.0,0.0,0.0,0.0,0.0,0.0,0.0,0.0,0.0,0.0,0.0,0.0,0.0,0.0,0.0,0.0,0.0,0.0,0.0,0.0,0.0,0.0,0.0,0.0,0.0,0.0,0.0,0.0,0.0,0.0
zzy-222@63r-bt4-zfz_90_21207,0.157642,0.336418,0.149106,0.021255,0.0,0.182722,0.000706,0.003455,0.0,0.0,0.099875,0.0,0.0,0.0,2.2e-05,0.0,0.0,0.0,0.0,0.0,0.0,0.0,0.0,0.0,0.0,0.0,0.0,0.0,0.0,0.0,0.0,0.0,0.0,0.0,0.0,0.0,0.0,0.0
zzy-222@63r-hn7-87q_0_23440,0.497173,0.003354,0.454954,0.041646,0.0,0.0,0.0,0.0,0.001077,0.0,0.0,0.0,0.0,0.0,0.0,0.0,0.0,0.0,0.0,0.0,0.0,0.0,0.0,0.0,0.0,0.0,0.0,0.0,0.0,0.0,0.0,0.0,0.0,0.0,0.0,0.0,0.0,0.0
zzy-222@63r-hn7-87q_180_23440,0.509053,0.001882,0.446904,0.038555,0.0,0.0,5e-06,0.0,0.002942,0.0,0.0,0.0,0.0,0.0,0.0,0.0,0.0,0.0,0.0,0.0,0.0,0.0,0.0,0.0,0.0,0.0,0.0,0.0,0.0,0.0,0.0,0.0,0.0,0.0,0.0,0.0,0.0,0.0
zzy-222@63r-hn7-87q_270_23440,0.500559,0.0,0.413506,0.085935,0.0,0.0,0.0,0.0,0.0,0.0,0.0,0.0,0.0,0.0,0.0,0.0,0.0,0.0,0.0,0.0,0.0,0.0,0.0,0.0,0.0,0.0,0.0,0.0,0.0,0.0,0.0,0.0,0.0,0.0,0.0,0.0,0.0,0.0
zzy-222@63r-hn7-87q_90_23440,0.489739,0.008081,0.411958,0.081655,0.0,0.000237,0.0,0.004631,0.003699,0.0,0.0,0.0,0.0,0.0,0.0,0.0,0.0,0.0,0.0,0.0,0.0,0.0,0.0,0.0,0.0,0.0,0.0,0.0,0.0,0.0,0.0,0.0,0.0,0.0,0.0,0.0,0.0,0.0
zzy-222@63r-hn7-8jv_0_23440,0.44667,0.002664,0.000388,0.15677,0.214456,0.052712,0.001477,0.008625,0.035786,0.0,0.002961,0.0,0.0,0.0,0.0,0.0,0.0,0.0,0.0,0.0,0.0,0.0,0.0,0.0,0.0,0.0,0.0,0.0,0.0,0.0,0.0,0.0,0.0,0.0,0.0,0.0,0.0,0.0
zzy-222@63r-hn7-8jv_180_23440,0.074209,0.0,0.0,0.0,0.0,5e-06,0.262671,0.0,0.568508,0.0,0.000718,0.0,0.000347,0.0,0.057683,0.0,0.0,0.0,0.0,0.0,0.0,0.0,0.0,0.0,0.0,0.0,0.0,0.0,0.0,0.0,0.0,0.0,0.0,0.0,0.0,0.0,0.0,0.0
zzy-222@63r-hn7-8jv_270_23440,0.441689,0.001309,0.0,0.151682,0.066831,0.079597,0.009302,0.078696,0.019304,0.007214,0.0,0.002175,0.0,8.3e-05,0.000171,0.0,0.02175,0.001182,0.0,0.0,0.003362,0.0,0.0,0.0,0.0,0.0,0.0,0.0,0.0,0.0,0.0,0.0,0.0,0.0,0.0,0.0,0.0,0.0
zzy-222@63r-hn7-8jv_90_23440,0.307756,0.0,0.0,0.003306,0.063762,0.15615,0.063884,0.175144,0.205337,0.0,0.004048,0.0,0.0,4.4e-05,0.0,0.0,0.0,0.0,0.0,0.0,0.0,0.0,0.0,0.0,0.0,0.0,0.0,0.0,0.0,0.0,0.0,0.0,0.0,0.0,0.0,0.0,0.0,0.0
zzy-222@63r-nw9-pgk_0_22642,0.35022,0.134675,0.39553,0.084102,0.0,0.0,0.0,0.009998,0.011636,0.004641,0.001543,0.001653,0.0,0.000208,0.000552,0.0,0.0,0.0,0.0,0.0,0.0,0.0,0.0,0.0,0.0,0.0,0.0,0.0,0.0,0.0,0.0,0.0,0.0,0.0,0.0,0.0,0.0,0.0
zzy-222@63r-nw9-pgk_180_22642,0.06511,0.536362,0.346326,0.010056,0.0,0.008496,0.0,0.0,0.0,0.0,0.0,0.0,0.0,0.0,0.020806,0.0,0.0,0.0,0.0,0.0,0.0,0.0,0.0,0.0,0.0,0.0,0.0,0.0,0.0,0.0,0.0,0.0,0.0,0.0,0.0,0.0,0.0,0.0
zzy-222@63r-nw9-pgk_270_22642,0.239736,0.29197,0.403276,0.063408,0.0,0.0,0.0,0.0,0.0,0.0,0.0,0.001609,0.0,0.0,0.0,0.0,0.0,0.0,0.0,0.0,0.0,0.0,0.0,0.0,0.0,0.0,0.0,0.0,0.0,0.0,0.0,0.0,0.0,0.0,0.0,0.0,0.0,0.0
zzy-222@63r-nw9-pgk_90_22642,0.279697,0.253721,0.395894,0.053396,0.0,0.000247,0.0,0.012563,0.004346,0.0,0.0,0.0,0.0,0.0,0.0,0.0,0.0,0.0,0.0,0.0,0.0,0.0,0.0,0.0,0.0,0.0,0.0,0.0,0.0,0.0,0.0,0.0,0.0,0.0,0.0,0.0,0.0,0.0
zzy-222@63r-qdr-gp9_0_20187,0.328882,0.158772,0.0,0.326211,0.0,0.0,0.0,0.0,0.010757,0.001746,0.000518,0.0,0.0,0.001921,0.017327,0.00041,0.0,0.0,0.0,0.0,0.0,0.0,0.0,0.0,0.0,0.0,0.0,0.0,0.0,0.0,0.0,0.0,0.0,0.0,0.0,0.0,0.0,0.0
zzy-222@63r-qdr-gp9_180_20187,0.449602,0.07637,0.233528,0.184644,0.0,0.054683,0.0,0.0,0.0,0.0,0.0,0.0,0.0,0.0,0.0,0.0,0.0,0.0,0.0,0.0,0.0,0.0,0.0,0.0,0.0,0.0,0.0,0.0,0.0,0.0,0.0,0.0,0.0,0.0,0.0,0.0,0.0,0.0
zzy-222@63r-qdr-gp9_270_20187,0.45113,0.081902,0.237952,0.228794,0.0,0.0,0.0,0.000198,0.0,0.0,0.0,0.0,0.0,0.0,0.0,0.0,0.0,0.0,0.0,0.0,0.0,0.0,0.0,0.0,0.0,0.0,0.0,0.0,0.0,0.0,0.0,0.0,0.0,0.0,0.0,0.0,0.0,0.0
zzy-222@63r-qdr-gp9_90_20187,0.379097,0.05835,0.07219,0.423838,0.0,0.0,0.0,0.0,0.049246,0.0,0.000457,0.0,0.0,0.0,0.0,0.0,0.0,0.0,0.0,0.0,0.0,0.0,0.0,0.0,0.0,0.0,0.0,0.0,0.0,0.0,0.0,0.0,0.0,0.0,0.0,0.0,0.0,0.0
zzy-222@63r-rts-4n5_0_22740,0.032493,0.498022,0.303293,0.165613,0.0,0.000288,0.0,0.0,0.0,0.0,0.000291,0.0,0.0,0.0,0.0,0.0,0.0,0.0,0.0,0.0,0.0,0.0,0.0,0.0,0.0,0.0,0.0,0.0,0.0,0.0,0.0,0.0,0.0,0.0,0.0,0.0,0.0,0.0
zzy-222@63r-rts-4n5_180_22740,0.176157,0.425422,0.271443,0.12324,0.0,0.002776,0.0,0.0,0.0,0.0,0.0,0.0,0.0,0.0,0.0,0.0,0.0,0.000962,0.0,0.0,0.0,0.0,0.0,0.0,0.0,0.0,0.0,0.0,0.0,0.0,0.0,0.0,0.0,0.0,0.0,0.0,0.0,0.0
zzy-222@63r-rts-4n5_270_22740,0.000432,0.608328,0.0,0.281479,0.0,0.097737,0.0,0.0,0.0,0.012024,0.0,0.0,0.0,0.0,0.0,0.0,0.0,0.0,0.0,0.0,0.0,0.0,0.0,0.0,0.0,0.0,0.0,0.0,0.0,0.0,0.0,0.0,0.0,0.0,0.0,0.0,0.0,0.0
zzy-222@63r-rts-4n5_90_22740,0.162988,0.407139,0.24446,0.184087,0.0,0.0,0.0,0.0,0.0,0.0,0.001189,0.0,0.0,0.0,0.0,0.0,0.0,0.0,0.0,0.0,0.0,0.0,0.0,0.0,0.0,0.0,0.0,0.0,0.0,0.0,0.0,0.0,0.0,0.0,0.0,0.0,0.0,0.0
zzy-222@63r-t9g-xqz_0_21777,0.000718,0.597014,0.257034,0.002229,0.0,0.068149,0.0,0.0,0.0,0.017461,0.057139,0.000203,0.0,0.0,5.4e-05,0.0,0.0,0.0,0.0,0.0,0.0,0.0,0.0,0.0,0.0,0.0,0.0,0.0,0.0,0.0,0.0,0.0,0.0,0.0,0.0,0.0,0.0,0.0
zzy-222@63r-t9g-xqz_180_21777,0.406697,0.131897,0.364563,0.019165,0.00749,0.0,0.0,0.0,0.0,0.0,0.070188,0.0,0.0,0.0,0.0,0.0,0.0,0.0,0.0,0.0,0.0,0.0,0.0,0.0,0.0,0.0,0.0,0.0,0.0,0.0,0.0,0.0,0.0,0.0,0.0,0.0,0.0,0.0
zzy-222@63r-t9g-xqz_270_21777,0.244492,0.280869,0.399795,0.060061,0.0,0.0,0.0,0.0,0.0,0.0,0.001514,0.002151,0.0,0.0,0.0,0.0,0.0,0.0,0.0,0.0,0.0,0.0,0.0,0.0,0.0,0.0,0.0,0.0,0.0,0.0,0.0,0.0,0.0,0.0,0.0,0.0,0.0,0.0
zzy-222@63r-t9g-xqz_90_21777,0.159146,0.385762,0.384785,0.003064,0.0,0.0,0.0,0.0,0.0,0.000134,0.048701,0.0,0.0,0.0,0.000566,0.0,0.0,0.0,0.0,0.0,0.0,0.0,0.0,0.0,0.017842,0.0,0.0,0.0,0.0,0.0,0.0,0.0,0.0,0.0,0.0,0.0,0.0,0.0
zzy-222@63r-v7t-6c5_0_22030,0.045879,0.0,0.160867,0.0,0.0,0.0,0.0,0.0,0.531265,0.0,0.0,0.0,0.0,0.0,0.086985,0.0,0.0,0.0,0.0,0.0,0.0,0.0,0.008091,0.0,0.0,0.0,0.0,0.0,0.0,0.0,0.0,0.0,0.0,0.0,0.0,0.0,0.0,0.0
zzy-222@63r-v7t-6c5_180_22030,0.253206,0.167617,0.065974,7.3e-05,2.7e-05,0.0,0.0,0.000315,0.120601,0.000112,0.039783,7.8e-05,0.001375,0.0,0.349824,0.001016,0.0,0.0,0.0,0.0,0.0,0.0,0.0,0.0,0.0,0.0,0.0,0.0,0.0,0.0,0.0,0.0,0.0,0.0,0.0,0.0,0.0,0.0
zzy-222@63r-v7t-6c5_270_22030,0.227112,0.038594,0.380183,0.0,0.0,0.0,0.0,0.0,0.29071,0.00031,0.003982,0.000352,0.0,0.000496,0.058262,0.0,0.0,0.0,0.0,0.0,0.0,0.0,0.0,0.0,0.0,0.0,0.0,0.0,0.0,0.0,0.0,0.0,0.0,0.0,0.0,0.0,0.0,0.0
zzy-222@63r-v7t-6c5_90_22030,0.286113,0.124827,0.087136,0.0,0.000444,0.0,0.006013,0.0,0.11011,0.008237,0.003689,0.004023,0.0,0.0,0.365588,0.003606,0.0,0.0,0.0,0.0,0.0,0.0,0.000212,0.0,0.0,0.0,0.0,0.0,0.0,0.0,0.0,0.0,0.0,0.0,0.0,0.0,0.0,0.0
zzy-222@63r-v9w-pgk_0_20190,0.407815,0.074553,0.383982,0.038235,0.0,0.0,0.0,1.7e-05,0.040557,0.014714,0.012495,0.001145,0.0,0.0,0.026165,0.0,0.0,0.0,0.0,0.0,0.0,0.0,0.0,0.0,0.0,0.0,0.0,0.0,0.0,0.0,0.0,0.0,0.0,0.0,0.0,0.0,0.0,0.0
zzy-222@63r-v9w-pgk_180_20190,0.050989,0.219727,0.166428,0.248262,0.00084,0.0,0.0,0.0,0.294124,0.012214,0.0,0.0,0.0,0.0,0.007417,0.0,0.0,0.0,0.0,0.0,0.0,0.0,0.0,0.0,0.0,0.0,0.0,0.0,0.0,0.0,0.0,0.0,0.0,0.0,0.0,0.0,0.0,0.0
zzy-222@63r-v9w-pgk_270_20190,0.331389,0.086677,0.353191,0.089512,0.0,0.0,0.00021,0.000493,0.125786,0.000745,0.004775,0.000471,0.0,0.000144,0.006606,0.0,0.0,0.0,0.0,0.0,0.0,0.0,0.0,0.0,0.0,0.0,0.0,0.0,0.0,0.0,0.0,0.0,0.0,0.0,0.0,0.0,0.0,0.0
zzy-222@63r-v9w-pgk_90_20190,0.332595,0.098691,0.426414,0.055637,0.001323,0.0,0.000681,0.000293,0.079055,0.0,0.003811,0.000479,0.0,0.0,0.001021,0.0,0.0,0.0,0.0,0.0,0.0,0.0,0.0,0.0,0.0,0.0,0.0,0.0,0.0,0.0,0.0,0.0,0.0,0.0,0.0,0.0,0.0,0.0
zzy-222@63s-33j-zzz_0_23047,0.213401,0.27498,0.132188,0.072385,0.0,0.130642,0.035496,0.038005,0.015308,0.0,0.0,8.5e-05,0.0,0.000178,0.014246,0.0,0.0,0.0,0.0,0.0,0.001248,0.061162,0.000183,0.0,0.0,0.0,0.0,0.0,0.0,0.0,0.0,0.0,0.0,0.0,0.0,0.0,0.0,0.0
zzy-222@63s-33j-zzz_180_23047,0.119087,0.437952,0.189646,0.001196,0.0,0.082034,0.094595,0.018721,0.033101,0.021011,0.0,0.0,0.0,0.0,0.002659,0.0,0.0,0.0,0.0,0.0,0.0,0.0,0.0,0.0,0.0,0.0,0.0,0.0,0.0,0.0,0.0,0.0,0.0,0.0,0.0,0.0,0.0,0.0
zzy-222@63s-33j-zzz_270_23047,0.064817,0.410176,0.007332,0.111724,0.00543,0.140615,0.052876,0.036492,0.008569,0.0,0.0,0.0,0.0,0.0,0.02762,0.0,0.0,0.0,0.0,0.0,0.002212,0.107917,0.0,0.0,0.0,0.0,0.0,0.0,0.0,0.00052,0.0,0.0,0.0,0.0,0.0,0.0,0.0,0.0
zzy-222@63s-33j-zzz_90_23047,0.101711,0.354568,0.030273,1.5e-05,0.00301,0.126802,0.024648,0.00907,0.005715,0.220725,0.001296,0.0,0.000151,0.000347,0.057395,0.001091,0.0,0.0,0.001089,0.0,0.0,0.0,0.0,0.001897,0.0,0.0,0.0,0.0,0.0,0.0,0.0,0.0,0.0,0.0,0.0,0.0,0.0,0.0
zzy-222@63s-b3b-nwk_0_17602,0.000134,0.0,0.0,0.0,0.042644,0.024028,0.440598,4.4e-05,0.116914,0.061257,0.0,0.006365,0.0,0.0,9e-05,0.0,0.0,0.0,0.0,0.0,0.0,0.047024,0.0,0.0,0.0,0.0,0.0,0.0,0.0,0.01834,0.0,0.01252,0.0,0.0,0.0,0.0,0.0,0.0
zzy-222@63s-b3b-nwk_180_17602,0.424036,0.033933,0.100476,0.00155,0.089324,0.0,0.0,0.06385,0.024021,0.037288,0.040615,0.002344,0.0,0.0,0.163376,0.003308,0.0,0.0,0.0,0.008862,0.0,0.0,0.0,0.0,0.0,0.0,0.0,0.0,0.0,0.0,0.0,0.0,0.0,0.0,0.0,0.0,0.0,0.0
zzy-222@63s-b3b-nwk_270_17602,0.22033,0.047664,0.018296,0.000977,5.1e-05,0.016277,0.061692,0.100796,0.244114,0.124631,0.003118,0.003713,0.0,0.0,0.000676,0.0,0.062805,0.0,0.0,0.0,0.0,0.032209,0.0,0.0,0.0,0.0,0.0,0.0,0.0,0.0,0.0,0.0,0.0,0.0,0.0,0.0,0.0,0.0
zzy-222@63s-b3b-nwk_90_17602,0.353831,0.016172,0.01312,0.0,0.088157,0.104885,0.012944,0.054934,0.10323,0.065977,0.024175,0.000647,0.0,0.0,0.0,0.0,0.11793,0.0,0.0,0.0,0.0,0.024895,0.0,0.0,0.0,0.0,0.0,0.0,0.0,0.0,0.0,0.0,0.0,0.0,0.0,0.0,0.0,0.0
zzy-222@63s-cfr-m49_0_19468,0.350847,0.135969,0.289075,0.028892,0.0,0.157261,0.0,0.0,0.024875,0.0,0.0,0.00084,0.0,0.0,0.0,0.00011,0.0,0.0,0.0,0.0,0.0,0.0,0.0,0.0,0.0,0.0,0.0,0.0,0.0,0.0,0.0,0.0,0.0,0.0,0.0,0.0,0.0,0.0
zzy-222@63s-cfr-m49_180_19468,0.37803,0.103083,0.221201,0.010337,0.0,0.079753,0.0,0.002239,0.026003,0.0,0.080601,0.003083,0.0,0.000342,0.025029,0.0,0.0,0.0,0.0,0.0,0.0,0.0,0.0,0.0,0.0,0.0,0.0,0.0,0.0,0.0,0.0,0.0,0.0,0.0,0.0,0.0,0.0,0.0
zzy-222@63s-cfr-m49_270_19468,0.46009,0.039395,0.395579,0.014031,0.000139,0.0,0.0,0.0,0.028203,4.6e-05,0.009045,6.3e-05,0.0,0.00269,0.050085,0.0,0.0,0.0,0.0,0.0,0.0,0.0,0.0,0.0,0.0,0.0,0.0,0.0,0.0,0.0,0.0,0.0,0.0,0.0,0.0,0.0,0.0,0.0
zzy-222@63s-cfr-m49_90_19468,0.322107,0.094316,0.330903,0.049287,0.0,0.011023,2e-06,0.001758,0.054941,0.002866,0.087976,0.008667,0.0,0.001316,0.022546,0.0,0.0,0.0,0.0,0.0,0.0,0.0,0.0,0.0,0.0,0.0,0.0,0.0,0.0,0.0,0.0,0.0,0.0,0.0,0.0,0.0,0.0,0.0
zzy-222@63s-hvr-wkz_0_08204,0.329653,0.203176,0.396365,0.044065,0.0,0.014919,0.0,0.000911,0.0,0.0,0.0,2e-06,0.0,0.0,0.0,0.0,0.004375,0.0,0.0,0.0,0.0,0.0,0.0,0.0,0.0,0.0,0.0,0.0,0.0,0.0,0.0,0.0,0.0,0.0,0.0,0.0,0.0,0.0
zzy-222@63s-hvr-wkz_180_08204,0.423943,0.089084,0.368774,0.002476,0.0,0.029102,0.0,0.000281,0.026614,0.057878,0.0,0.001135,0.0,0.000137,0.000576,0.0,0.0,0.0,0.0,0.0,0.0,0.0,0.0,0.0,0.0,0.0,0.0,0.0,0.0,0.0,0.0,0.0,0.0,0.0,0.0,0.0,0.0,0.0
zzy-222@63s-hvr-wkz_270_08204,0.434099,0.01752,0.276108,0.002646,0.0,0.114993,0.0,0.0,0.000684,0.05917,0.0,0.001938,0.0,0.000923,0.001658,0.0,0.0,0.001548,0.0,0.0,0.0,0.0,0.0,0.0,0.0,0.0,0.0,0.0,0.0,0.0,0.0,0.0,0.0,0.0,0.0,0.0,0.0,0.0
zzy-222@63s-hvr-wkz_90_08204,0.42314,0.060134,0.268616,0.0,0.0,0.187632,1.5e-05,0.0,0.036838,0.0,0.000505,0.000723,0.0,0.0,0.0,0.0,0.0,0.0,0.0,0.0,0.0,0.0,0.0,0.0,0.0,0.0,0.0,0.0,0.0,0.0,0.0,0.0,0.0,0.0,0.0,0.0,0.0,0.0
zzy-222@63s-n62-gx5_0_08230,0.265881,0.275151,0.402881,0.010269,0.0,0.045796,7e-06,0.0,0.0,0.0,0.0,0.0,0.0,0.0,0.0,0.0,0.0,0.0,0.0,0.0,0.0,0.0,0.0,0.0,0.0,0.0,0.0,0.0,0.0,0.0,0.0,0.0,0.0,0.0,0.0,0.0,0.0,0.0
zzy-222@63s-n62-gx5_180_08230,0.238774,0.287188,0.201548,0.003149,0.0,0.25655,0.0,0.0,0.006675,0.00196,0.002607,2.4e-05,0.0,0.0,0.0,0.0,0.0,0.0,0.0,0.0,0.0,0.0,0.0,0.0,0.0,0.0,0.0,0.0,0.0,0.0,0.0,0.0,0.0,0.0,0.0,0.0,0.0,0.0
zzy-222@63s-n62-gx5_270_08230,0.067876,0.509871,0.136653,0.075183,0.0,0.089998,0.0,0.0,0.005962,0.002781,0.000369,0.000352,0.0,7.6e-05,0.071555,0.0,0.0,0.008325,0.0,0.0,0.0,0.0,0.0,0.0,0.0,0.0,0.0,0.0,0.0,0.0,0.0,0.0,0.0,0.0,0.0,0.0,0.0,0.0
zzy-222@63s-n62-gx5_90_08230,0.298333,0.216772,0.389834,0.0,0.0,0.081672,0.0,0.001191,0.008105,0.0,0.0,6.8e-05,0.0,0.0,0.0,0.0,0.0,0.0,0.0,0.0,0.0,0.0,0.0,0.0,0.0,0.0,0.0,0.0,0.0,0.0,0.0,0.0,0.0,0.0,0.0,0.0,0.0,0.0
zzy-222@63s-n86-hqz_0_08319,0.317939,0.212346,0.401172,0.028179,0.0,0.035747,0.0,0.0,0.001836,0.0,0.0,0.000569,0.0,0.0,0.0,0.0,0.0,0.0,0.0,0.0,0.0,0.0,0.0,0.0,0.0,0.0,0.0,0.0,0.0,0.0,0.0,0.0,0.0,0.0,0.0,0.0,0.0,0.0
zzy-222@63s-n86-hqz_180_08319,0.21479,0.314626,0.370427,0.013928,0.0,0.08199,0.0,0.000669,0.000613,0.0,0.00053,0.0,0.0,0.0,0.0,0.0,0.0,0.0,0.0,0.0,0.0,0.0,0.0,0.0,0.0,0.0,0.0,0.0,0.0,0.0,0.0,0.0,0.0,0.0,0.0,0.0,0.0,0.0
zzy-222@63s-n86-hqz_270_08319,0.100515,0.405774,0.346145,0.050701,0.0,0.043928,0.0,0.0,0.002161,0.003296,0.000513,0.0,0.0,0.0,0.000276,0.0,0.0,0.0,0.0,0.0,0.0,0.0,0.0,2e-06,0.0,0.0,0.0,0.0,0.0,0.0,0.0,0.0,0.0,0.0,0.0,0.0,0.0,0.0
zzy-222@63s-n86-hqz_90_08319,0.286753,0.251814,0.176157,0.017002,0.0,0.26825,0.0,2.4e-05,0.0,0.0,0.0,0.0,0.0,0.0,0.0,0.0,0.0,0.0,0.0,0.0,0.0,0.0,0.0,0.0,0.0,0.0,0.0,0.0,0.0,0.0,0.0,0.0,0.0,0.0,0.0,0.0,0.0,0.0
zzy-222@63s-njy-zpv_0_08204,0.0,0.593838,0.000281,0.001345,0.0,0.25896,0.0,0.0,0.0,0.0,0.0,0.0,0.0,0.0,0.142549,0.0,0.0,0.0,0.0,0.0,0.0,0.0,0.0,0.0,0.0,0.0,0.0,0.0,0.0,0.0,0.0,0.0,0.0,0.0,0.0,0.0,0.0,0.0
zzy-222@63s-njy-zpv_180_08204,0.023862,0.466233,0.0,0.0,0.0,0.439143,0.0,0.0,0.0,0.0,0.0,0.0,0.0,0.0,0.0,0.0,0.070757,0.0,0.0,0.0,0.0,0.0,0.0,0.0,0.0,0.0,0.0,0.0,0.0,0.0,0.0,0.0,0.0,0.0,0.0,0.0,0.0,0.0
zzy-222@63s-njy-zpv_270_08204,0.074993,0.496426,0.325813,1.5e-05,0.0,0.102754,0.0,0.0,0.0,0.0,0.0,0.0,0.0,0.0,0.0,0.0,0.0,0.0,0.0,0.0,0.0,0.0,0.0,0.0,0.0,0.0,0.0,0.0,0.0,0.0,0.0,0.0,0.0,0.0,0.0,0.0,0.0,0.0
zzy-222@63s-njy-zpv_90_08204,0.090459,0.456648,0.33271,0.0,0.0,0.119553,0.0,0.00063,0.0,0.0,0.0,0.0,0.0,0.0,0.0,0.0,0.0,0.0,0.0,0.0,0.0,0.0,0.0,0.0,0.0,0.0,0.0,0.0,0.0,0.0,0.0,0.0,0.0,0.0,0.0,0.0,0.0,0.0
zzy-222@63s-pwk-jgk_0_08260,0.434771,0.01239,0.393091,9.5e-05,0.0,0.004216,0.0,0.0,0.063013,0.005706,0.068396,0.0,0.0,0.002273,0.011238,0.0,0.0,0.0,0.001062,0.0,0.0,0.0,0.0,0.0,0.0,0.0,0.0,0.0,0.0,0.0,0.0,0.0,0.0,0.0,0.0,0.0,0.0,0.0
zzy-222@63s-pwk-jgk_180_08260,0.366472,0.135242,0.374324,0.062646,0.0,0.0,0.0,0.0,0.018494,0.001394,0.006985,0.002371,0.0,0.000549,0.031504,0.0,0.0,0.0,0.0,0.0,0.0,0.0,0.0,0.0,0.0,0.0,0.0,0.0,0.0,0.0,0.0,0.0,0.0,0.0,0.0,0.0,0.0,0.0
zzy-222@63s-pwk-jgk_270_08260,0.394868,0.062207,0.424111,0.021335,0.0,0.0,0.003245,0.00123,0.055967,0.0,0.026299,0.0,0.0,0.001252,0.009485,0.0,0.0,0.0,0.0,0.0,0.0,0.0,0.0,0.0,0.0,0.0,0.0,0.0,0.0,0.0,0.0,0.0,0.0,0.0,0.0,0.0,0.0,0.0
zzy-222@63s-pwk-jgk_90_08260,0.455771,0.005293,0.396946,0.008806,0.0,0.001235,0.0,0.0,0.041438,0.008892,0.033479,0.000471,0.0,0.005339,0.032056,0.0,0.0,0.0,0.002766,0.0,0.0,0.0,0.0,0.0,0.0,0.0,0.0,0.0,0.0,0.0,0.0,0.0,0.0,0.0,0.0,0.0,0.0,0.0
zzy-222@63s-q9v-94v_0_08315,0.474236,0.035938,0.359878,0.079937,0.0,0.002876,8.8e-05,0.033289,0.005918,0.0,0.0,0.0,0.0,4.9e-05,0.0,0.0,0.007156,0.0,0.0,0.0,0.0,0.0,0.0,0.0,0.0,0.0,0.0,0.0,0.0,0.0,0.0,0.0,0.0,0.0,0.0,0.0,0.0,0.0
zzy-222@63s-q9v-94v_180_08315,0.4697,0.020454,0.134575,0.025312,0.0,0.077441,0.000396,0.032405,0.017622,0.005042,0.000518,0.000488,0.0,0.0,0.00176,0.0,0.0,0.0,0.0,0.0,0.0,0.0,0.0,0.0,0.0,0.0,0.0,0.0,0.0,0.0,0.0,0.0,0.0,0.0,0.0,0.0,0.0,0.0
zzy-222@63s-q9v-94v_270_08315,0.460015,0.047437,0.344993,0.010779,0.0,0.102896,0.0,0.018965,0.002681,0.0,6.1e-05,0.007754,0.0,0.000117,0.0,0.0,0.0,0.0,0.0,0.0,0.0,0.001465,0.0,0.0,0.0,0.0,0.0,0.0,0.0,0.0,0.0,0.0,0.0,0.0,0.0,0.0,0.0,0.0
zzy-222@63s-q9v-94v_90_08315,0.473169,0.023647,0.395781,0.060693,0.0,0.00333,0.0,0.013843,0.012383,0.0,0.0,0.002573,0.0,8.3e-05,0.0,0.0,0.002913,0.0,0.0,0.0,0.0,0.0,0.0,0.0,0.0,0.0,0.0,0.0,0.0,0.0,0.0,0.0,0.0,0.0,0.0,0.0,0.0,0.0
zzy-222@63s-qq5-89z_0_08332,0.394182,0.087173,0.407461,0.000508,0.0,0.001467,0.003049,0.000955,0.056736,0.000115,0.00136,0.00134,0.0,0.000776,0.037417,0.0,0.0,0.0,0.0,0.0,0.0,5e-06,0.006785,0.0,0.0,0.0,0.0,0.0,0.0,0.0,0.0,0.0,0.0,0.0,0.0,0.0,0.0,0.0
zzy-222@63s-qq5-89z_180_08332,0.274229,0.239941,0.347563,0.013267,0.0,0.000537,0.003044,0.004285,0.010637,0.008875,0.012839,0.006841,0.0,0.002705,0.059565,0.001416,0.001184,0.0,0.0,0.0,0.0,0.0,0.0,0.0,0.0,0.0,0.0,0.0,0.0,0.0,0.0,0.0,0.0,0.0,0.0,0.0,0.0,0.0
zzy-222@63s-qq5-89z_270_08332,0.380935,0.138093,0.404924,0.000388,0.0,0.000559,0.014209,0.000894,0.000718,0.0,0.009458,0.003694,0.0,0.000962,0.018662,0.0,0.0,0.0,0.0,0.0,0.007161,0.00585,0.00365,0.0,0.0,0.0,0.0,0.0,0.0,0.0,0.0,0.0,0.0,0.0,0.0,0.0,0.0,0.0
zzy-222@63s-qq5-89z_90_08332,0.378381,0.025967,0.43728,0.0,0.0,0.0,0.0,0.0,0.105632,0.0,0.01001,0.00135,0.000491,0.000747,0.02823,0.0,0.0,0.0,0.0,0.0,0.0,0.0,0.0,0.0,0.0,0.0,0.0,0.0,0.0,0.0,0.0,0.0,0.0,0.0,0.0,0.0,0.0,0.0
zzy-222@63s-tb8-b6k_0_21703,0.415112,0.029341,0.387124,0.039875,0.0,0.0,0.0,0.000486,0.061775,0.00261,0.057051,0.0,0.0,0.000945,0.003511,0.0,0.0,0.0,0.001709,0.0,0.0,0.0,0.0,0.0,0.0,0.0,0.0,0.0,0.0,0.0,0.0,0.0,0.0,0.0,0.0,0.0,0.0,0.0
zzy-222@63s-tb8-b6k_180_21703,0.264973,0.223049,0.185156,0.090349,0.0,0.0,0.0,0.0,0.036421,0.013655,0.002686,0.0,0.0,0.0,0.176274,0.0,0.0,0.0,0.0,0.0,0.0,0.0,0.0,0.0,0.0,0.0,0.0,0.0,0.0,0.0,0.0,0.0,0.0,0.0,0.0,0.0,0.0,0.0
zzy-222@63s-tb8-b6k_270_21703,0.383267,0.054731,0.401157,0.039895,0.0,0.0,0.0,0.009412,0.062134,0.003433,0.044558,0.0,0.0,0.0,0.001414,0.0,0.0,0.0,0.0,0.0,0.0,0.0,0.0,0.0,0.0,0.0,0.0,0.0,0.0,0.0,0.0,0.0,0.0,0.0,0.0,0.0,0.0,0.0
zzy-222@63s-tb8-b6k_90_21703,0.309907,0.128154,0.09458,0.118604,0.0,0.0,0.0,0.0,0.09354,0.004399,0.017751,0.0,0.0,0.0,0.230012,0.0,0.0,0.0,0.0,0.0,0.0,0.0,0.0,0.0,0.0,0.0,0.0,0.0,0.0,0.0,0.0,0.0,0.0,0.0,0.0,0.0,0.0,0.0
zzy-222@63s-tdb-9mk_0_21754,0.187507,0.383433,0.295488,0.131858,0.0,0.000381,0.0,0.0,0.0,0.0,0.00054,0.000505,0.0,0.0,0.0,0.0,0.0,0.0,0.0,0.0,0.0,0.0,0.0,0.0,0.0,0.0,0.0,0.0,0.0,0.0,0.0,0.0,0.0,0.0,0.0,0.0,0.0,0.0
zzy-222@63s-tdb-9mk_180_21754,0.264243,0.180188,0.234507,0.302971,0.0,0.0,0.0,0.003157,0.002141,0.009177,0.000764,0.0,0.0,0.0,0.0,0.0,0.0,0.0,0.0,0.0,0.0,0.0,0.0,0.0,0.0,0.0,0.0,0.0,0.0,0.0,0.0,0.0,0.0,0.0,0.0,0.0,0.0,0.0
zzy-222@63s-tdb-9mk_270_21754,0.170945,0.316875,0.0,0.363765,0.0,0.0,0.0,0.00447,0.00345,0.0,0.0,0.0,0.0,7.3e-05,0.0,0.0,0.0,0.0,0.0,0.0,0.0,0.0,0.0,0.0,0.0,0.0,0.0,0.0,0.0,0.0,0.0,0.0,0.0,0.0,0.0,0.0,0.0,0.0
zzy-222@63s-tdb-9mk_90_21754,0.086028,0.430833,0.297175,0.13969,2.9e-05,0.013726,0.0,0.0,4.2e-05,0.000276,0.005005,0.0,0.0,0.0,0.027197,0.0,0.0,0.0,0.0,0.0,0.0,0.0,0.0,0.0,0.0,0.0,0.0,0.0,0.0,0.0,0.0,0.0,0.0,0.0,0.0,0.0,0.0,0.0
zzy-222@63t-d9v-h5z_0_44041,0.344519,0.159192,0.41272,0.011084,0.0,0.002083,0.0,0.0,0.024736,0.000825,0.044216,0.000115,0.0,0.00051,0.0,0.0,0.0,0.0,0.0,0.0,0.0,0.0,0.0,0.0,0.0,0.0,0.0,0.0,0.0,0.0,0.0,0.0,0.0,0.0,0.0,0.0,0.0,0.0
zzy-222@63t-d9v-h5z_180_44041,0.386543,0.107092,0.194802,0.03863,0.0,0.13489,0.025303,0.027559,0.04082,0.017847,0.008772,0.00092,0.0,0.000332,0.0,0.0,0.0,0.0,0.0,0.0,0.0,0.0,0.0,0.0,0.0,0.0,0.0,0.0,0.0,0.0,0.0,0.0,0.0,0.0,0.0,0.0,0.0,0.0
zzy-222@63t-d9v-h5z_270_44041,0.314331,0.184207,0.411426,0.018201,0.0,0.012349,0.0,0.003179,0.008743,0.001218,0.026931,0.000186,0.0,0.000193,0.0,0.0,0.0,0.0,0.0,0.0,0.001074,0.0,0.0,0.0,0.0,0.0,0.0,0.0,0.0,0.0,0.0,0.0,0.0,0.0,0.0,0.0,0.0,0.0
zzy-222@63t-d9v-h5z_90_44041,0.429443,0.084851,0.423811,0.020901,0.0,0.014377,0.014077,0.0,0.007725,0.00103,0.003679,0.0,0.0,0.0,0.0,0.0,0.0,0.0,0.0,0.0,0.0,0.0,0.0,0.0,0.0,0.0,0.0,0.0,0.0,0.0,0.0,0.0,0.0,0.0,0.0,0.0,0.0,0.0
zzy-222@63t-th8-4vz_0_16424,0.323679,0.195417,0.392495,0.074756,0.0,0.000203,0.0,0.001521,1.2e-05,0.0,0.0,0.000996,0.0,0.0,0.0,0.0,0.0,0.010918,0.0,0.0,0.0,0.0,0.0,0.0,0.0,0.0,0.0,0.0,0.0,0.0,0.0,0.0,0.0,0.0,0.0,0.0,0.0,0.0
zzy-222@63t-th8-4vz_180_16424,0.375579,0.139321,0.080151,0.18468,2e-06,0.0,0.0,5.1e-05,0.0,0.0,0.001235,1.2e-05,0.0,0.0,0.0,0.0,0.0,0.0,0.0,0.0,0.0,0.0,0.0,0.0,0.0,0.0,0.0,0.0,0.0,0.0,0.0,0.0,0.0,0.0,0.0,0.0,0.0,0.0
zzy-222@63t-th8-4vz_270_16424,0.198418,0.308247,0.179685,0.246243,0.00052,0.061851,0.0,0.000479,0.0,0.0,0.0,0.001184,0.0,0.0,0.0,0.0,0.0,0.0,0.0,0.0,0.0,0.0,0.0,0.0,0.0,0.0,0.0,0.0,0.0,0.0,0.0,0.0,0.0,0.0,0.0,0.0,0.0,0.0
zzy-222@63t-th8-4vz_90_16424,0.354065,0.156104,0.395371,0.089773,0.0,0.002822,0.0,8.8e-05,0.00113,0.0,0.0,0.0,0.0,0.0,0.0,0.0,8.8e-05,0.000547,0.0,0.0,0.0,0.0,0.0,0.0,0.0,0.0,0.0,0.0,0.0,0.0,0.0,0.0,0.0,0.0,0.0,0.0,0.0,0.0
zzy-222@63t-why-h5z_0_48173,0.298967,0.18312,0.3028,0.146531,0.0,0.020364,0.0,0.003108,0.035234,0.0,0.0,0.002366,0.0,0.00042,0.000679,0.0,0.0,0.002634,0.0,0.0,0.0,0.0,0.0,0.0,0.0,0.0,0.0,0.0,0.0,0.0,0.0,0.0,0.0,0.0,0.0,0.0,0.0,0.0
zzy-222@63t-why-h5z_180_48173,0.406008,0.088606,0.372485,0.116804,0.0,0.0,0.0,0.0,0.015122,0.0,0.0,0.0,0.0,0.0,0.0,0.0,0.0,0.0,0.0,0.0,0.0,0.0,0.0,0.0,0.0,0.0,0.0,0.0,0.0,0.0,0.0,0.0,0.0,0.0,0.0,0.0,0.0,0.0
zzy-222@63t-why-h5z_270_48173,0.384561,0.092136,0.33853,0.138572,5e-06,0.0,0.0,0.0,0.024612,0.0,0.0,5e-06,0.0,0.000918,0.002268,0.0,0.0,0.0,0.0,0.0,0.0,0.0,0.0,0.0,0.0,0.0,0.0,0.0,0.0,0.0,0.0,0.0,0.0,0.0,0.0,0.0,0.0,0.0
zzy-222@63t-why-h5z_90_48173,0.31835,0.119866,0.0,0.423201,0.0,0.0,0.0,0.001353,0.076748,0.002595,0.006079,0.002156,0.0,0.0,0.049575,0.0,0.0,0.0,0.0,0.0,0.0,0.0,0.0,0.0,0.0,0.0,0.0,0.0,0.0,0.0,0.0,0.0,0.0,0.0,0.0,0.0,0.0,0.0
zzy-222@63t-wjc-ffz_0_48173,0.432004,0.054612,0.379194,0.062258,0.0,0.014265,0.0,0.003718,0.021753,0.004082,0.008501,0.000774,0.0,0.0,0.0,0.0,0.0,0.0,0.0,0.0,0.0,0.0,0.0,0.0,0.0,0.0,0.0,0.0,0.0,0.0,0.0,0.0,0.0,0.0,0.0,0.0,0.0,0.0
zzy-222@63t-wjc-ffz_180_48173,0.40842,0.331433,0.000352,0.130083,0.0,0.011323,0.0,0.0,0.0,0.001284,0.0,0.002048,0.0,0.0,0.113018,0.0,0.0,0.0,0.0,0.0,0.0,0.0,0.0,0.0,0.0,0.0,0.0,0.0,0.0,0.0,0.0,0.0,0.0,0.0,0.0,0.0,0.0,0.0
zzy-222@63t-wjc-ffz_270_48173,0.435044,0.10354,0.377273,0.056736,0.0,0.0,0.002158,0.019951,0.001538,0.001421,0.0,0.0,0.0,0.000569,0.0,0.0,0.0,0.0,0.0,0.0,0.0,0.0,0.0,0.0,0.0,0.0,0.0,0.0,0.0,0.0,0.0,0.0,0.0,0.0,0.0,0.0,0.0,0.0
zzy-222@63t-wjc-ffz_90_48173,0.447969,0.099272,0.357434,0.058286,0.0,0.0,0.00751,0.000283,0.0,0.0,0.0,0.0,0.0,0.0,0.0,0.0,0.0,0.0,0.0,0.0,0.0,0.0,0.0,0.0,0.0,0.0,0.0,0.0,0.0,0.0,0.0,0.0,0.0,0.0,0.0,0.0,0.0,0.0
zzy-222@63t-wth-yd9_0_N8N 1N1,0.364014,0.114819,0.264131,0.0,0.0,0.20938,0.0,0.000723,0.02967,0.0,0.0,0.001091,0.0,0.0,0.0,0.0,0.0,0.0,0.0,0.0,0.0,0.0,0.0,0.0,0.0,0.0,0.0,0.0,0.0,0.0,0.0,0.0,0.0,0.0,0.0,0.0,0.0,0.0
zzy-222@63t-wth-yd9_180_N8N 1N1,0.307981,0.197146,0.0,0.0,0.0,0.442415,0.0,0.031074,0.021384,0.0,0.0,0.0,0.0,0.0,0.0,0.0,0.0,0.0,0.0,0.0,0.0,0.0,0.0,0.0,0.0,0.0,0.0,0.0,0.0,0.0,0.0,0.0,0.0,0.0,0.0,0.0,0.0,0.0
zzy-222@63t-wth-yd9_270_N8N 1N1,0.366946,0.130623,0.290063,0.0,2e-06,0.183596,0.0,0.011824,0.01574,0.0,0.000256,0.0,0.0,0.000146,0.000654,0.0,0.0,0.0,0.0,0.0,0.0,0.0,0.0,0.0,0.0,0.0,0.0,0.0,0.0,0.0,0.0,0.0,0.0,0.0,0.0,0.0,0.0,0.0
zzy-222@63t-wth-yd9_90_N8N 1N1,0.371162,0.115176,0.404707,0.0,0.0,0.062485,0.0,0.0,0.038401,0.0,0.002124,0.00584,0.0,0.0,0.0,0.0,0.0,0.0,0.0,0.0,0.0,0.0,0.0,0.0,0.0,0.0,0.0,0.0,0.0,0.0,0.0,0.0,0.0,0.0,0.0,0.0,0.0,0.0
zzy-222@63t-xm9-gtv_0_43440,0.436614,0.02812,0.400566,0.0,9.8e-05,0.024229,0.0,0.0,0.056318,0.0,0.016455,0.000132,0.0,0.0,0.000364,0.0,2e-06,1e-05,0.000454,0.0,0.0,0.0,0.0,0.0,0.0,0.0,0.0,0.0,0.0,0.0,0.0,0.0,0.0,0.0,0.0,0.0,0.0,0.0
zzy-222@63t-xm9-gtv_180_43440,0.297786,0.160532,0.188635,0.13938,0.0,0.113855,0.0,0.009771,0.001609,0.0,0.0,0.0,0.0,0.0,0.0,0.0,0.0,0.0,0.0,0.0,0.0,0.0,0.0,0.0,0.0,0.0,0.0,0.0,0.0,0.0,0.0,0.0,0.0,0.0,0.0,0.0,0.0,0.0
zzy-222@63t-xm9-gtv_270_43440,0.33885,0.162732,8.3e-05,0.0,0.0,0.44188,0.003127,0.008933,0.003918,0.0,0.006604,0.0,0.001067,0.0,0.0,0.0,0.0,0.0,0.0,0.0,0.0,0.0,0.0,0.0,0.0,0.0,0.0,0.0,0.0,0.0,0.0,0.0,0.0,0.0,0.0,0.0,0.0,0.0
zzy-222@63t-xm9-gtv_90_43440,0.321099,0.141204,0.206326,0.057341,0.0,0.19668,0.0,0.0,0.032607,0.003806,0.0,0.0,0.0,0.0,0.003979,0.0,0.0,0.0,0.0,0.0,0.0,0.0,0.0,0.0,0.0,0.0,0.0,0.0,0.0,0.0,0.0,0.0,0.0,0.0,0.0,0.0,0.0,0.0
zzy-222@63v-2qq-rzf_0_48001,0.203633,0.262996,0.210864,0.139993,0.0,0.0,0.0,0.03196,0.067998,0.0,0.000359,0.002073,0.0,0.0,0.0,0.0,0.0,0.0,0.0,0.0,0.0,0.0,0.0,0.0,0.0,0.0,0.0,0.0,0.0,0.0,0.0,0.0,0.0,0.0,0.0,0.0,0.0,0.0
zzy-222@63v-2qq-rzf_180_48001,0.036919,0.466628,0.012566,0.406382,0.0,0.011096,0.0,0.0,0.029556,0.001736,0.002036,0.001458,0.0,7e-06,0.0,0.0,0.0,0.0,0.0,0.0,0.0,0.0,0.0,0.0,2.9e-05,0.0,0.0,0.0,0.0,0.0,0.0,0.0,0.0,0.0,0.0,0.0,0.0,0.0
zzy-222@63v-2qq-rzf_270_48001,0.068032,0.430742,0.0,0.23415,0.0,0.0,0.000928,0.0,0.001235,0.02094,0.000635,0.00249,0.0,0.0,0.0,0.0,0.0,0.0,0.0,0.0,0.0,0.0,0.0,0.0,0.0,0.0,0.0,0.0,0.0,0.0,0.0,0.0,0.0,0.0,0.0,0.0,0.0,0.0
zzy-222@63v-2qq-rzf_90_48001,0.060752,0.399453,0.352288,0.085063,0.0,0.0,0.0,0.005137,0.078354,0.0,0.001421,0.0,0.0,0.0,0.002996,0.0,0.0,0.0,0.0,0.0,0.0,0.0,0.0,0.0,0.0,0.0,0.0,0.0,0.0,0.0,0.0,0.0,0.0,0.0,0.0,0.0,0.0,0.0
zzy-222@63v-457-dn5_0_48235,0.23791,0.258091,0.299155,0.112336,0.000208,0.0,0.0,0.012007,0.023625,0.0,5e-06,0.000142,0.0,0.0,0.05543,0.0,0.0,0.0,0.0,0.0,0.0,0.0,0.0,0.0,0.0,0.0,0.0,0.0,0.0,0.0,0.0,0.0,0.0,0.0,0.0,0.0,0.0,0.0
zzy-222@63v-457-dn5_180_48235,0.149897,0.374832,0.339443,0.123469,0.0,0.0,0.0,0.003997,0.001812,0.0,0.003181,0.0,0.0,0.0,0.00105,0.0,0.0,0.0,0.0,0.0,0.0,0.0,0.0,0.0,0.0,0.0,0.0,0.0,0.0,0.0,0.0,0.0,0.0,0.0,0.0,0.0,0.0,0.0
zzy-222@63v-457-dn5_270_48235,0.068455,0.446367,6.1e-05,0.366946,0.0,0.0,0.0,0.009597,0.00061,0.000122,0.000295,0.0,0.0,0.0,0.0,0.0,0.000195,0.0,0.0,0.0,0.0,0.0,0.0,0.0,0.0,0.0,0.0,0.0,0.0,0.0,0.0,0.0,0.0,0.0,0.0,0.0,0.0,0.0
zzy-222@63v-457-dn5_90_48235,0.211614,0.238455,0.007412,0.13032,0.000654,0.025679,0.0,0.000564,0.000872,0.004802,0.000227,0.0,0.0,0.0,0.225095,0.0,0.0,0.0,0.0,0.0,0.0,0.0,0.0,0.0,0.0,0.0,0.0,0.0,0.0,0.0,0.0,0.0,0.0,0.0,0.0,0.0,0.0,0.0
zzy-222@63v-4hj-6hq_0_48124,0.182622,0.373142,0.360618,0.073652,0.0,0.0,0.0,0.0,0.0,0.0,0.0,0.007759,0.0,0.0,0.002207,0.0,0.0,0.0,0.0,0.0,0.0,0.0,0.0,0.0,0.0,0.0,0.0,0.0,0.0,0.0,0.0,0.0,0.0,0.0,0.0,0.0,0.0,0.0
zzy-222@63v-4hj-6hq_180_48124,0.326475,0.192649,0.294753,0.0702,0.0,0.0,0.0,0.0,0.0,0.0,0.003342,0.003696,0.0,0.001423,0.107461,0.0,0.0,0.0,0.0,0.0,0.0,0.0,0.0,0.0,0.0,0.0,0.0,0.0,0.0,0.0,0.0,0.0,0.0,0.0,0.0,0.0,0.0,0.0
zzy-222@63v-4hj-6hq_270_48124,0.188555,0.336252,0.186084,0.054626,0.0,0.0,0.0,0.0,0.0,0.0,0.001711,0.002786,0.0,0.0,0.229985,0.0,0.0,0.0,0.0,0.0,0.0,0.0,0.0,0.0,0.0,0.0,0.0,0.0,0.0,0.0,0.0,0.0,0.0,0.0,0.0,0.0,0.0,0.0
zzy-222@63v-4hj-6hq_90_48124,0.145249,0.520447,0.12606,0.151223,0.0,0.0,0.010479,0.0,0.0,0.0,0.0,0.0,0.0,0.0,0.040798,0.0,0.0,0.0,0.0,0.0,0.0,0.0,0.0,0.0,0.0,0.0,0.0,0.0,0.0,0.0,0.0,0.0,0.0,0.0,0.0,0.0,0.0,0.0
zzy-222@63v-4vd-syv_0_48323,0.022971,0.523223,0.124131,0.026208,0.0,0.029714,0.012126,0.004629,0.004182,0.243657,0.002056,0.0,0.0,0.0,0.0,0.0,0.0,0.0,0.0,0.0,0.0,0.0,0.0,0.0,0.0,0.0,0.0,0.0,0.0,0.0,0.0,0.0,0.0,0.0,0.0,0.0,0.0,0.0
zzy-222@63v-4vd-syv_180_48323,0.057351,0.303547,0.0,0.0,0.0,0.0,0.002158,0.001958,0.0,0.472522,0.0,0.0,0.0,0.0,0.0,0.0,0.007239,0.0,0.0,0.0,0.0,0.0,0.0,0.0,0.0,0.0,0.0,0.0,0.0,0.0,0.0,0.0,0.0,0.0,0.0,0.0,0.0,0.0
zzy-222@63v-4vd-syv_270_48323,0.034307,0.517366,0.018479,0.0,0.0,0.0146,0.007419,0.001147,0.025959,0.333477,0.00209,0.0,0.0,0.0,0.000261,0.0,0.000396,0.0,0.0,0.0,0.0,0.0,0.0,0.0,0.0,0.0,0.0,0.0,0.0,0.0,0.0,0.0,0.0,0.0,0.0,0.0,0.0,0.0
zzy-222@63v-4vd-syv_90_48323,0.013835,0.438535,0.0,0.0,0.0,0.026626,0.0,0.0,0.0,0.410535,0.0,0.0,0.0,0.0,0.0,0.0,0.0,0.0,0.0,0.0,0.0,0.0,0.0,0.0,0.0,0.0,0.0,0.0,0.0,0.0,0.0,0.0,0.0,0.0,0.0,0.0,0.0,0.0
zzy-222@63v-6vr-8d9_0_44052,0.278079,0.232017,0.334302,0.041294,0.0,0.03323,0.0,0.000125,0.044617,0.005923,0.018721,0.0,0.0,0.00062,0.011074,0.0,0.0,0.0,0.0,0.0,0.0,0.0,0.0,0.0,0.0,0.0,0.0,0.0,0.0,0.0,0.0,0.0,0.0,0.0,0.0,0.0,0.0,0.0
zzy-222@63v-6vr-8d9_180_44052,0.436226,0.04627,0.419424,0.006438,0.0,0.002666,0.0,0.0,0.011885,0.018586,0.00281,0.022966,0.0,0.008616,0.004756,0.0,0.0,0.0,0.0,0.0,0.0,0.0,0.0,0.0,0.0,0.0,0.0,0.0,0.0,0.0,0.0,0.0,0.0,0.0,0.0,0.0,0.0,0.0
zzy-222@63v-6vr-8d9_270_44052,0.298262,0.217661,0.372234,0.052126,0.0,0.006084,0.0,1.5e-05,0.02658,0.017283,0.001357,0.001509,0.0,0.00136,0.002681,0.0,0.0,0.0,0.0,0.0,0.0,0.0,0.0,0.0,0.0,0.0,0.0,0.0,0.0,0.0,0.0,0.0,0.0,0.0,0.0,0.0,0.0,0.0
zzy-222@63v-6vr-8d9_90_44052,0.441409,0.054607,0.377151,0.024214,0.0,0.002075,0.0,0.002639,0.064336,0.007913,0.0,0.0,0.0,0.00042,0.00428,0.0,0.0,0.0,0.0,0.0,0.0,0.0,0.0,0.0,0.0,0.0,0.0,0.0,0.0,0.0,0.0,0.0,0.0,0.0,0.0,0.0,0.0,0.0
zzy-222@63v-byt-pd9_0_44241,0.33731,0.160798,0.307073,0.078787,0.000613,0.035801,0.0,0.0,0.036697,0.005059,0.021392,0.0,0.0,0.0,0.0,0.0,0.0,0.0,0.0,0.0,0.0,0.0,0.0,0.0,0.0,0.0,0.0,0.0,0.0,0.0,0.0,0.0,0.0,0.0,0.0,0.0,0.0,0.0
zzy-222@63v-byt-pd9_180_44241,0.343286,0.168813,0.0,0.45489,0.0,0.0,0.0,0.011926,0.008359,0.004863,0.002903,0.0,0.0,5e-06,0.0,0.0,0.0,0.0,0.0,0.0,0.0,0.0,0.0,0.0,0.0,0.0,0.0,0.0,0.0,0.0,0.0,0.0,0.0,0.0,0.0,0.0,0.0,0.0
zzy-222@63v-byt-pd9_270_44241,0.41084,0.116501,0.333582,0.124714,0.0,0.0,0.0,0.005657,0.0,0.0,0.0,0.0,0.0,0.00021,0.0,0.0,0.0,0.0,0.0,0.0,0.000593,0.0,0.0,0.0,0.0,0.0,0.0,0.0,0.0,0.0,0.0,0.0,0.0,0.0,0.0,0.0,0.0,0.0
zzy-222@63v-byt-pd9_90_44241,0.416768,0.020857,0.317815,0.095854,0.0,8.1e-05,0.0,0.0,0.016648,0.000349,0.00468,0.0,0.0,0.00248,1.7e-05,0.0,0.0,0.0,0.011272,0.0,0.0,0.0,0.0,0.0,0.0,0.0,0.0,0.0,0.0,0.0,0.0,0.0,0.0,0.0,0.0,0.0,0.0,0.0
zzy-222@63v-byz-9xq_0_44240,0.251406,0.255688,0.181204,0.257354,0.0,0.0,0.0,0.0,0.018608,3.9e-05,0.02009,0.0,0.0,0.0,0.006177,0.0,0.0,0.0,0.003108,0.0,0.0,0.0,0.0,0.0,0.0,0.0,0.0,0.0,0.0,0.0,0.0,0.0,0.0,0.0,0.0,0.0,0.0,0.0
zzy-222@63v-byz-9xq_180_44240,0.22084,0.268931,0.096113,0.084119,0.0,0.046848,0.0,0.0,0.000244,0.034744,0.007974,0.002517,0.0,0.0,0.073965,0.0,0.0,0.0,0.0,0.0,0.0,0.0,0.0,0.0,0.0,0.0,0.0,0.0,0.0,0.0,0.0,0.0,0.0,0.0,0.0,0.0,0.0,0.0
zzy-222@63v-byz-9xq_270_44240,0.202183,0.326775,0.323696,0.136658,0.000688,0.002222,0.0,1.7e-05,0.0,0.000581,0.006807,0.0,0.0,0.0,0.0,0.0,0.0,0.0,0.0,0.0,0.0,0.0,0.0,0.0,0.0,0.0,0.0,0.0,0.0,0.0,0.0,0.0,0.0,0.0,0.0,0.0,0.0,0.0
zzy-222@63v-byz-9xq_90_44240,0.302961,0.206169,0.332668,0.090779,0.0,0.000479,0.0,0.000142,0.0,0.0,0.0,0.0,0.0,0.004739,0.059194,0.000193,0.0,0.0,0.0,0.0,0.0,0.0,0.0,0.0,0.0,0.0,0.0,0.0,0.0,0.0,0.0,0.0,0.0,0.0,0.0,0.0,0.0,0.0
zzy-222@63v-cbp-hqz_0_44101,0.331094,0.201648,0.00166,0.154658,0.0,0.000115,0.0,0.0153,0.0,0.021995,0.0,0.010894,0.0,0.0,0.075066,0.0,0.0,0.0,0.0,0.0,0.0,0.0,0.0,0.0,0.0,0.0,0.0,0.0,0.0,0.0,0.0,0.0,0.0,0.0,0.0,0.0,0.0,0.0
zzy-222@63v-cbp-hqz_180_44101,0.373428,0.158499,0.14887,0.045447,0.000234,0.107637,0.003518,0.014517,1.7e-05,0.000298,0.0,0.000264,0.0,0.002244,0.055649,7e-06,0.0,0.0,0.0,0.0,0.0,0.024963,0.0,0.0,0.0,0.0,0.0,0.0,0.0,0.0,0.0,0.0,0.0,0.0,0.0,0.0,0.0,0.0
zzy-222@63v-cbp-hqz_270_44101,0.33459,0.193921,0.297964,0.073833,0.0,0.0,0.0,0.016353,0.0,0.021929,0.000916,0.001978,0.0,0.0,0.058411,0.0,0.0,2.2e-05,0.0,0.0,0.0,0.0,0.0,0.0,0.0,0.0,0.0,0.0,0.0,0.0,0.0,0.0,0.0,0.0,0.0,0.0,0.0,0.0
zzy-222@63v-cbp-hqz_90_44101,0.349275,0.198406,0.242268,0.008176,0.0,0.024282,0.0,0.04968,0.0,0.0,0.0,0.003611,0.0,0.0,0.11522,0.0,0.0,0.0,0.0,0.0,0.0,0.005823,0.0,2e-06,0.0,0.0,0.0,0.0,0.0,0.0,0.0,0.0,0.0,0.0,0.0,0.0,0.0,0.0
zzy-222@63v-cqc-n5z_0_44146,0.289924,0.201531,0.0,0.402988,0.0,0.064854,0.0,0.003567,0.018525,0.000347,0.0,0.0,0.0,0.0,0.0,0.0,0.0,0.0,0.0,0.0,0.0,0.003445,0.0,0.0,0.0,0.0,0.0,0.0,0.0,0.0,0.0,0.0,0.0,0.0,0.0,0.0,0.0,0.0
zzy-222@63v-cqc-n5z_180_44146,0.284006,0.220627,0.139863,0.086272,0.0,0.049878,0.0,0.0,0.012026,0.007195,0.0,0.0,0.0,0.0,0.018284,0.009688,0.0,0.0,0.0,0.0,0.0,0.0,0.0,0.0,0.0,0.0,0.0,0.0,0.0,0.0,0.0,0.0,0.0,0.0,0.0,0.0,0.0,0.0
zzy-222@63v-cqc-n5z_270_44146,0.385251,0.130068,0.276587,0.184697,0.0,0.000623,0.0,0.0,0.02001,0.0,0.0,0.001089,0.0,0.000715,0.0,0.0,0.0,0.0,0.0,0.0,0.0,0.0,0.0,0.0,0.0,0.0,0.0,0.0,0.0,0.0,0.0,0.0,0.0,0.0,0.0,0.0,0.0,0.0
zzy-222@63v-cqc-n5z_90_44146,0.313435,0.195513,0.280483,0.056848,0.000291,0.024807,0.0,0.00032,0.00209,0.0,0.002712,9.8e-05,0.000637,0.001096,0.0,0.002651,0.0,0.0,0.0,0.0,0.0,0.000466,0.0,0.0,0.0,0.0,0.0,0.0,0.0,0.0,0.0,0.0,0.0,0.0,0.0,0.0,0.0,0.0
zzy-222@63v-wk3-8jv_0_14728,0.380344,0.090674,0.336653,0.090957,0.0,0.0,0.004304,0.0,0.014312,0.020225,0.007407,0.0,0.0,0.001155,0.0,0.0,0.0,0.0,0.0,0.0,0.0,0.0,0.0,0.0,0.0,0.0,0.0,0.0,0.0,0.0,0.0,0.0,0.0,0.0,0.0,0.0,0.0,0.0
zzy-222@63v-wk3-8jv_180_14728,0.369292,0.08585,0.247991,0.153225,0.0,0.000188,2e-06,0.001096,0.020044,0.00283,0.005718,0.009451,0.0,4.4e-05,0.0,0.0,0.0,0.0,0.0,0.0,0.0,0.0,0.0,0.0,0.0,0.0,0.0,0.0,0.0,0.0,0.0,0.0,0.0,0.0,0.0,0.0,0.0,0.0
zzy-222@63v-wk3-8jv_270_14728,0.386235,0.073862,0.309287,0.12,0.0,0.0,0.0,0.0,0.000793,0.00488,0.0,0.0,0.0,1.7e-05,0.003923,0.0,0.0,0.0,0.0,0.0,0.0,0.0,0.0,0.0,0.0,0.0,0.0,0.0,0.0,0.0,0.0,0.0,0.0,0.0,0.0,0.0,0.0,0.0
zzy-222@63v-wk3-8jv_90_14728,0.436836,0.047266,0.384302,0.065278,0.0,0.000125,0.0,0.0,0.002417,0.000898,0.003496,0.000134,0.0,0.000662,0.0,0.0,0.0,0.0,0.0,0.0,0.0,0.0,0.0,0.0,0.0,0.0,0.0,0.0,0.0,0.0,0.0,0.0,0.0,0.0,0.0,0.0,0.0,0.0
zzy-222@63v-zvg-zxq_0_N7T 5S6,0.343608,0.010483,0.334673,0.013657,0.0,0.0,0.0,0.0,0.217681,0.0,0.001189,0.0,0.0,0.0,0.078708,0.0,0.0,0.0,0.0,0.0,0.0,0.0,0.0,0.0,0.0,0.0,0.0,0.0,0.0,0.0,0.0,0.0,0.0,0.0,0.0,0.0,0.0,0.0
zzy-222@63v-zvg-zxq_180_N7T 5S6,0.36134,0.007495,0.437991,0.015671,0.0,0.0,0.0,0.0,0.135479,0.0,0.005166,0.00645,0.0,0.002043,0.01572,0.000613,0.0,0.0,0.007705,0.0,0.0,0.0,0.0,0.0,0.0,0.0,0.0,0.0,0.0,0.0,0.0,0.0,0.0,0.0,0.0,0.0,0.0,0.0
zzy-222@63v-zvg-zxq_270_N7T 5S6,0.201907,0.001008,0.201672,0.018513,0.0,0.0,0.013181,0.0,0.422136,4.4e-05,0.0,0.0,0.0,0.0,0.135793,0.0,0.0,0.0,0.0,0.0,0.0,0.0,0.0,0.0,0.0,0.0,0.0,0.0,0.0,0.0,0.0,0.0,0.0,0.0,0.0,0.0,0.0,0.0
zzy-222@63v-zvg-zxq_90_N7T 5S6,0.190598,0.002444,0.395767,0.037661,0.0,0.0,0.003367,0.00019,0.33832,0.00093,0.022913,0.0,0.0,0.0,0.007715,0.0,0.0,0.0,0.0,0.0,0.0,0.0,0.0,0.0,0.0,0.0,0.0,0.0,0.0,0.0,0.0,0.0,0.0,0.0,0.0,0.0,0.0,0.0
zzy-222@646-3vr-brk_0_29577,0.398506,0.06532,0.022598,0.000159,0.0,0.416238,0.000266,0.00198,0.037036,0.001958,0.0,0.000205,0.0,0.000459,0.016252,0.0,0.0,0.0,0.0,0.0,0.0,0.0,0.0,0.0,0.0,0.0,0.0,0.0,0.0,0.0,0.0,0.0,0.0,0.0,0.0,0.0,0.0,0.0
zzy-222@646-3vr-brk_180_29577,0.356943,0.006475,0.183713,0.0,0.001182,0.118838,1.2e-05,0.002646,0.179453,0.0,0.003225,0.000732,0.0,0.001306,0.139961,0.0,0.0,0.0,0.0,0.0,0.0,0.003262,0.0,0.0,0.0,0.0,0.0,0.0,0.0,0.0,0.0,0.0,0.0,0.0,0.0,0.0,0.0,0.0
zzy-222@646-3vr-brk_270_29577,0.440227,0.027705,0.125337,0.0,0.0,0.236074,9.3e-05,0.027876,0.031541,0.004731,0.054487,0.00123,0.0,0.0,0.042544,0.0,0.0,0.0,0.0,0.0,0.0,0.0,0.0,0.0,0.0,0.0,0.0,0.0,0.0,0.0,0.0,0.0,0.0,0.0,0.0,0.0,0.0,0.0
zzy-222@646-3vr-brk_90_29577,0.487439,0.006748,0.000234,0.012793,0.000291,0.305601,0.0,0.002947,0.000283,0.040227,0.0,0.016587,0.0,0.001609,0.092969,0.000664,0.002603,0.0,0.0,0.0,0.0,0.0,0.0,0.0,0.0,0.0,0.0,0.0,0.0,0.0,0.0,0.0,0.0,0.0,0.0,0.0,0.0,0.0
zzy-222@646-7bt-33q_0_29576,0.447087,0.063599,0.229736,0.0,0.000535,0.161367,0.01114,0.053921,0.017988,0.006157,0.008394,0.0,0.0,0.0,0.0,0.0,0.0,0.0,0.0,0.0,0.0,0.0,0.0,0.0,0.0,0.0,0.0,0.0,0.0,0.0,0.0,0.0,0.0,0.0,0.0,0.0,0.0,0.0
zzy-222@646-7bt-33q_180_29576,0.49208,0.015549,9.8e-05,0.0,0.0,0.371621,0.0,0.001155,0.000305,0.0,0.003464,0.0,0.0,0.0,0.0,0.0,0.063098,0.0,0.0,0.0,0.0,0.007808,0.0,0.0,0.0,0.0,0.0,0.0,0.0,0.0,0.0,0.0,0.0,0.0,0.0,0.0,0.0,0.0
zzy-222@646-7bt-33q_270_29576,0.372388,0.028438,0.002517,0.0,0.001658,0.243337,0.065017,0.085322,0.190977,0.000188,0.00176,0.0,0.0,0.0,2e-05,0.0,0.0,0.0,0.0,0.0,0.0,0.006958,0.0,0.0,0.0,0.0,0.0,0.0,0.0,0.0,0.0,0.0,0.0,0.0,0.0,0.0,0.0,0.0
zzy-222@646-7bt-33q_90_29576,0.469551,0.03543,0.018032,0.024502,0.001829,0.262219,0.007112,0.053086,0.028765,0.031807,0.008035,0.001973,0.0,0.001006,0.001492,0.0,0.010701,0.0,0.0,0.0,0.034358,0.000835,0.0,0.0,0.0,5.4e-05,0.0,0.0,0.0,0.0,0.0,0.0,0.0,0.0,0.0,0.0,0.0,0.0
zzy-222@646-ddx-y9z_0_28585,0.39519,0.120002,0.371409,0.004109,0.0,0.102507,5.4e-05,0.0,0.0,0.0,0.005601,0.001128,0.0,0.0,0.0,0.0,0.0,0.0,0.0,0.0,0.0,0.0,0.0,0.0,0.0,0.0,0.0,0.0,0.0,0.0,0.0,0.0,0.0,0.0,0.0,0.0,0.0,0.0
zzy-222@646-ddx-y9z_180_28585,0.45063,0.062358,0.20302,0.266682,0.0,0.004756,0.005776,7e-06,0.00304,0.003113,0.0,0.0,0.0,0.0,0.0,0.0,0.0,0.0,0.0,0.0,0.0,0.0,0.0,0.0,0.0,0.0,0.0,0.0,0.0,0.0,0.0,0.0,0.0,0.0,0.0,0.0,0.0,0.0
zzy-222@646-ddx-y9z_270_28585,0.467964,0.043306,0.354421,0.016743,0.0,0.116719,0.0,0.000449,0.0,0.0,0.0,0.0,0.0,0.0,0.0,0.000398,0.0,0.0,0.0,0.0,0.0,0.0,0.0,0.0,0.0,0.0,0.0,0.0,0.0,0.0,0.0,0.0,0.0,0.0,0.0,0.0,0.0,0.0
zzy-222@646-ddx-y9z_90_28585,0.447266,0.054368,0.108687,0.310093,0.0,0.075427,0.0,0.0,0.001072,0.0,0.0,0.0,0.0,0.002439,0.0,0.0,0.0,0.0,0.0,0.0,0.0,0.0,0.0,0.0,0.0,0.0,0.0,0.0,0.0,0.0,0.0,0.0,0.0,0.0,0.0,0.0,0.0,0.0
zzy-222@646-khp-ht9_0_27893,0.380522,0.131716,0.314368,0.148489,0.0,0.0,0.0,0.0,0.000442,0.0,0.015525,0.006423,0.0,0.002515,0.0,0.0,0.0,0.0,0.0,0.0,0.0,0.0,0.0,0.0,0.0,0.0,0.0,0.0,0.0,0.0,0.0,0.0,0.0,0.0,0.0,0.0,0.0,0.0
zzy-222@646-khp-ht9_180_27893,0.447419,0.056558,0.458833,0.032495,0.0,0.000376,0.0,0.0,0.000627,0.0,0.003318,0.0,0.0,3.2e-05,0.0,0.0,0.0,0.0,0.0,0.0,0.0,0.0,0.0,0.0,0.0,0.0,0.0,0.0,0.0,0.0,0.0,0.0,0.0,0.0,0.0,0.0,0.0,0.0
zzy-222@646-khp-ht9_270_27893,0.292988,0.221072,0.284255,0.149714,0.0,0.0,0.000176,0.002017,0.012622,0.0,0.002239,0.000754,0.0,0.0,0.0,0.0,0.0,0.0,0.0,0.0,0.0,0.0,0.0,0.0,0.0,0.0,0.0,0.0,0.0,0.0,0.0,0.0,0.0,0.0,0.0,0.0,0.0,0.0
zzy-222@646-khp-ht9_90_27893,0.403931,0.105662,0.420254,0.054761,0.0,0.0,0.0,0.0,0.0,0.0,0.014551,0.000842,0.0,0.0,0.0,0.0,0.0,0.0,0.0,0.0,0.0,0.0,0.0,0.0,0.0,0.0,0.0,0.0,0.0,0.0,0.0,0.0,0.0,0.0,0.0,0.0,0.0,0.0
zzy-222@646-xfs-7kf_0_28390,0.316902,0.170354,0.366809,0.058042,0.0,0.047048,0.0,0.0,0.038196,0.0,0.000762,0.000203,0.0,0.0,0.001685,0.0,0.0,0.0,0.0,0.0,0.0,0.0,0.0,0.0,0.0,0.0,0.0,0.0,0.0,0.0,0.0,0.0,0.0,0.0,0.0,0.0,0.0,0.0
zzy-222@646-xfs-7kf_180_28390,0.266899,0.274314,0.196523,0.0,0.0,0.260894,0.000486,0.0,0.000664,0.0,0.0,0.0,0.0,0.0,0.0,0.0,0.0,0.0,0.0,0.0,0.0,0.0,0.0,0.0,0.0,0.0,0.0,0.0,0.0,0.0,0.0,0.0,0.0,0.0,0.0,0.0,0.0,0.0
zzy-222@646-xfs-7kf_270_28390,0.123191,0.420398,0.0,0.000212,0.0,0.448777,0.0,0.0,0.0,0.007366,0.0,0.0,0.0,0.0,0.0,0.0,0.0,0.0,0.0,0.0,0.0,0.0,0.0,0.0,0.0,0.0,0.0,0.0,0.0,0.0,0.0,0.0,0.0,0.0,0.0,0.0,0.0,0.0
zzy-222@646-xfs-7kf_90_28390,0.38908,0.116548,0.296523,0.029902,0.0,0.143254,0.0,0.0,0.018269,0.0,0.0,0.0,0.0,0.0,0.000913,0.0,0.0,0.0,0.0,0.0,0.0,0.0,0.0,0.0,0.0,0.0,0.0,0.0,0.0,0.0,0.0,0.0,0.0,0.0,0.0,0.0,0.0,0.0
zzy-222@646-z5v-wtv_0_27332,0.399792,0.100652,0.324365,0.041741,0.0,0.122021,0.0,0.0,0.003896,0.0,0.006047,0.001484,0.0,0.0,0.0,0.0,0.0,0.0,0.0,0.0,0.0,0.0,0.0,0.0,0.0,0.0,0.0,0.0,0.0,0.0,0.0,0.0,0.0,0.0,0.0,0.0,0.0,0.0
zzy-222@646-z5v-wtv_180_27332,0.424443,0.10105,0.275667,0.01282,0.0,0.173916,0.0,0.003594,0.008398,0.0,0.0,2.9e-05,0.0,0.0,0.0,0.0,0.0,0.0,0.0,0.0,0.0,0.0,0.0,0.0,0.0,0.0,0.0,0.0,0.0,0.0,0.0,0.0,0.0,0.0,0.0,0.0,0.0,0.0
zzy-222@646-z5v-wtv_270_27332,0.442673,0.064434,0.006201,0.0,0.0,0.455557,0.0,0.029182,0.001899,0.0,0.0,5.4e-05,0.0,0.0,0.0,0.0,0.0,0.0,0.0,0.0,0.0,0.0,0.0,0.0,0.0,0.0,0.0,0.0,0.0,0.0,0.0,0.0,0.0,0.0,0.0,0.0,0.0,0.0
zzy-222@646-z5v-wtv_90_27332,0.404719,0.116396,0.089771,0.030984,0.0,0.345732,0.0,0.0,0.003362,0.0,0.0,0.000193,0.0,0.0,0.0,0.0,0.0,0.0,0.0,0.0,0.0,0.0,0.0,0.0,0.0,0.0,0.0,0.0,0.0,0.0,0.0,0.0,0.0,0.0,0.0,0.0,0.0,0.0
zzy-222@647-28c-s89_0_28315,0.297151,0.226594,0.28624,0.160386,0.0,5.4e-05,0.0,0.0,0.0,0.0,0.001506,3.7e-05,0.0,0.0,0.000569,0.0,0.0,0.0,0.0,0.0,0.0,0.0,0.0,0.0,0.0,0.0,0.0,0.0,0.0,0.0,0.0,0.0,0.0,0.0,0.0,0.0,0.0,0.0
zzy-222@647-28c-s89_180_28315,0.471685,0.045835,0.380239,0.075,0.0,0.0,0.002771,0.003711,0.011731,0.000208,0.00031,0.000554,0.0,0.000156,0.0,0.0,0.000544,0.0,0.0,0.0,0.0,0.0,0.0,0.0,0.0,0.0,0.0,0.0,0.0,0.0,0.0,0.0,0.0,0.0,0.0,0.0,0.0,0.0
zzy-222@647-28c-s89_270_28315,0.418613,0.067473,0.383853,0.093564,0.0,0.0,0.003423,0.001184,0.030078,0.0,0.001812,0.0,0.0,0.0,0.0,0.0,0.0,0.0,0.0,0.0,0.0,0.0,0.0,0.0,0.0,0.0,0.0,0.0,0.0,0.0,0.0,0.0,0.0,0.0,0.0,0.0,0.0,0.0
zzy-222@647-28c-s89_90_28315,0.395928,0.149551,0.223027,0.215442,0.0,3.7e-05,0.0,0.000376,0.0,0.0,0.0,0.0,0.0,0.000781,0.0,0.0,0.0,0.0,0.0,0.0,0.0,0.0,0.0,0.0,0.0,0.0,0.0,0.0,0.0,0.0,0.0,0.0,0.0,0.0,0.0,0.0,0.0,0.0
zzy-222@647-5dd-7t9_0_27560,0.24335,0.233594,0.45467,0.005376,0.0,0.051975,0.0,0.0,0.0,0.000552,0.004875,8.5e-05,0.0,0.000386,0.0,0.0,0.0,0.0,0.0,0.0,0.0,0.0,0.0,0.0,0.0,0.0,0.0,0.0,0.0,0.0,0.0,0.0,0.0,0.0,0.0,0.0,0.0,0.0
zzy-222@647-5dd-7t9_180_27560,0.118433,0.45343,0.0,0.428137,0.0,0.0,0.0,0.0,0.0,0.0,0.0,0.0,0.0,0.0,0.0,0.0,0.0,0.0,0.0,0.0,0.0,0.0,0.0,0.0,0.0,0.0,0.0,0.0,0.0,0.0,0.0,0.0,0.0,0.0,0.0,0.0,0.0,0.0
zzy-222@647-5dd-7t9_270_27560,0.322114,0.205503,0.279668,0.185315,0.0,0.000862,0.002749,0.0,0.0,0.0,0.002908,0.0,0.0,0.0,0.000881,0.0,0.0,0.0,0.0,0.0,0.0,0.0,0.0,0.0,0.0,0.0,0.0,0.0,0.0,0.0,0.0,0.0,0.0,0.0,0.0,0.0,0.0,0.0
zzy-222@647-5dd-7t9_90_27560,0.316858,0.194102,0.32918,0.149944,0.000767,0.008828,0.0,0.0,0.0,0.0,0.0,0.0,0.0,0.0,0.0,0.0,0.0,0.0,0.0,0.0,0.0,0.0,0.0,0.0,0.0,0.0,0.0,0.0,0.0,0.0,0.0,0.0,0.0,0.0,0.0,0.0,0.0,0.0
zzy-222@647-5hm-cnq_0_27511,0.008245,0.501455,0.157256,0.18864,0.0,0.000105,0.0,0.003171,0.033999,0.007231,0.000757,9.3e-05,0.0,0.000215,0.003389,0.0,0.0,0.0,0.0,0.0,0.0,0.0,0.0,0.0,0.0,0.0,0.0,0.0,0.0,0.0,0.0,0.0,0.0,0.0,0.0,0.0,0.0,0.0
zzy-222@647-5hm-cnq_180_27511,0.031284,0.483289,0.338647,0.099546,0.0,0.000261,0.0,0.001978,0.0,0.001536,0.0,0.000107,0.0,0.0,0.0,0.0,0.0,0.0,0.007761,0.0,0.0,0.0,0.0,0.0,0.0,0.0,0.0,0.0,0.0,0.0,0.0,0.0,0.0,0.0,0.0,0.0,0.0,0.0
zzy-222@647-5hm-cnq_270_27511,0.108469,0.455283,0.244119,0.051064,0.0,0.106326,0.0,0.0,0.004846,0.002764,4.2e-05,0.0,0.0,0.0,0.000659,0.0,0.0,0.0,0.0,0.0,0.0,0.0,0.0,0.0,0.0,0.0,0.0,0.0,0.0,0.0,0.0,0.0,0.0,0.0,0.0,0.0,0.0,0.0
zzy-222@647-5hm-cnq_90_27511,0.06366,0.401948,0.372068,0.111699,0.0,0.0,0.0,0.0,0.018955,0.000298,0.001023,0.0,0.0,0.0,0.0,0.0,0.0,0.0,0.0,0.0,0.0,0.0,0.0,0.0,0.0,0.0,0.0,0.0,0.0,0.0,0.0,0.0,0.0,0.0,0.0,0.0,0.0,0.0
zzy-222@64g-72f-yn5_0_27949,0.389163,0.043948,0.272808,0.161628,0.0,0.017358,0.0,0.001147,0.022754,0.001311,0.001228,0.003789,0.0,0.00426,0.000173,0.0,0.0,0.0,0.0,0.0,0.0,0.0,0.0,0.0,0.0,0.0,0.0,0.0,0.0,0.0,0.0,0.0,0.0,0.0,0.0,0.0,0.0,0.0
zzy-222@64g-72f-yn5_180_27949,0.444482,0.024636,0.309749,0.129373,0.0,0.0,0.0,0.001238,0.035291,0.0,0.007332,0.0,0.0,0.0,0.0,0.002664,0.0,0.0,0.0,0.0,0.0,0.0,0.0,0.0,0.0,0.0,0.0,0.0,0.0,0.0,0.0,0.0,0.0,0.0,0.0,0.0,0.0,0.0
zzy-222@64g-72f-yn5_270_27949,0.429043,0.015693,0.20645,0.225366,0.0,0.0,0.0,0.0,0.030234,0.001375,0.005957,0.0,0.0,2.2e-05,0.011868,0.0,0.0,0.0,0.0,0.0,0.0,0.0,0.0,0.0,0.0,0.0,0.0,0.0,0.0,0.0,0.0,0.0,0.0,0.0,0.0,0.0,0.0,0.0
zzy-222@64g-72f-yn5_90_27949,0.392224,0.121167,0.000378,0.260693,0.0,0.017649,0.0,0.0,0.044424,0.00374,0.00147,0.0,0.0,0.0,0.0,0.004375,0.0,0.0,0.0,0.0,0.0,0.0,0.0,0.0,0.0,0.0,0.0,0.0,0.0,0.0,0.0,0.0,0.0,0.0,0.0,0.0,0.0,0.0
zzy-222@64g-99m-8sq_0_27964,0.358796,0.164338,0.43426,0.026619,0.0,0.000178,0.0,0.0,0.011638,0.001594,0.001011,0.0,0.0,5e-06,0.00156,0.0,0.0,0.0,0.0,0.0,0.0,0.0,0.0,0.0,0.0,0.0,0.0,0.0,0.0,0.0,0.0,0.0,0.0,0.0,0.0,0.0,0.0,0.0
zzy-222@64g-99m-8sq_180_27964,0.437944,0.059343,0.328245,0.125076,0.0,0.0,0.008257,0.000198,0.010691,0.001252,0.017502,0.006724,0.0,0.000132,0.0,0.0,0.0,0.0,0.0,0.0,0.0,0.0,0.0,0.0,0.0,0.0,0.0,0.0,0.0,0.0,0.0,0.0,0.0,0.0,0.0,0.0,0.0,0.0
zzy-222@64g-99m-8sq_270_27964,0.455723,0.037842,0.40481,0.082075,0.0,0.0,0.000857,5e-06,0.011628,0.0,0.000811,0.005603,0.0,0.00019,0.0,0.0,0.0,0.0,0.0,0.0,0.0,0.0,0.0,0.0,0.0,0.0,0.0,0.0,0.0,0.0,0.0,0.0,0.0,0.0,0.0,0.0,0.0,0.0
zzy-222@64g-99m-8sq_90_27964,0.303291,0.230398,0.429749,0.029221,0.0,0.005789,0.0,0.0,0.0,0.000281,0.001272,0.0,0.0,0.0,0.0,0.0,0.0,0.0,0.0,0.0,0.0,0.0,0.0,0.0,0.0,0.0,0.0,0.0,0.0,0.0,0.0,0.0,0.0,0.0,0.0,0.0,0.0,0.0
zzy-222@64g-stp-2ff_0_23847,0.00583,0.557598,0.070984,0.358037,0.0,0.000334,0.0,0.0,0.0,0.0,0.0,0.0,0.0,0.0,0.0,0.0,0.0,0.0,0.0,0.0,0.0,0.0,0.0,0.0,0.0,0.0,0.0,0.0,0.0,0.0,0.0,0.0,0.0,0.0,0.0,0.0,0.0,0.0
zzy-222@64g-stp-2ff_180_23847,0.479299,0.026831,0.169924,0.267751,0.0,0.033186,0.0,0.0,0.0,0.0,0.0,0.0,0.0,0.0,0.0,0.0,0.000137,0.0,0.0,0.0,0.0,0.0,0.0,0.0,0.0,0.0,0.0,0.0,0.0,0.0,0.0,0.0,0.0,0.0,0.0,0.0,0.0,0.0
zzy-222@64g-stp-2ff_270_23847,0.339983,0.176772,0.243535,0.239709,0.0,0.0,0.0,0.0,0.0,0.0,0.0,0.0,0.0,0.0,0.0,0.0,0.0,0.0,0.0,0.0,0.0,0.0,0.0,0.0,0.0,0.0,0.0,0.0,0.0,0.0,0.0,0.0,0.0,0.0,0.0,0.0,0.0,0.0
zzy-222@64g-stp-2ff_90_23847,0.115952,0.430066,0.162932,0.289304,0.0,0.0,0.001746,0.0,0.0,0.0,0.0,0.0,0.0,0.0,0.0,0.0,0.0,0.0,0.0,0.0,0.0,0.0,0.0,0.0,0.0,0.0,0.0,0.0,0.0,0.0,0.0,0.0,0.0,0.0,0.0,0.0,0.0,0.0
zzy-222@64h-2rq-835_0_27960,0.44707,0.074924,0.19249,0.167319,0.0,0.085376,0.0,1.5e-05,0.0,0.0,0.0,0.001082,0.0,0.0002,0.0,0.0,0.0,0.0,0.0,0.0,0.0,0.0,0.0,0.0,0.0,0.0,0.0,0.0,0.0,0.0,0.0,0.0,0.0,0.0,0.0,0.0,0.0,0.0
zzy-222@64h-2rq-835_180_27960,0.473787,0.045056,0.416348,0.064807,0.0,0.0,0.0,0.0,0.0,0.0,2e-06,0.0,0.0,0.0,0.0,0.0,0.0,0.0,0.0,0.0,0.0,0.0,0.0,0.0,0.0,0.0,0.0,0.0,0.0,0.0,0.0,0.0,0.0,0.0,0.0,0.0,0.0,0.0
zzy-222@64h-2rq-835_270_27960,0.456707,0.068396,0.154893,0.110842,0.0,0.00293,0.0,0.0,0.000256,0.0,0.0,0.0,0.0,0.0,0.0,0.0,0.0,0.0,0.0,0.0,0.0,0.0,0.0,0.0,0.0,0.0,0.0,0.0,0.0,0.0,0.0,0.0,0.0,0.0,0.0,0.0,0.0,0.0
zzy-222@64h-2rq-835_90_27960,0.481958,0.031208,0.34144,0.109685,0.0,0.0,4.9e-05,0.008779,0.003687,0.0,0.000388,0.000801,0.0,0.0,0.0,0.0,0.0,0.0,0.0,0.0,0.0,0.0,0.0,0.0,0.0,0.0,0.0,0.0,0.0,0.0,0.0,0.0,0.0,0.0,0.0,0.0,0.0,0.0
zzy-222@64h-369-y5f_0_27860,0.352847,0.150493,0.323501,0.136785,0.0,0.0,0.0,0.0,0.006643,0.001021,0.005815,0.0,0.0,0.0,0.0,0.0,0.0,0.0,0.0,0.0,0.0,0.0,0.0,0.0,0.0,0.0,0.0,0.0,0.0,0.0,0.0,0.0,0.0,0.0,0.0,0.0,0.0,0.0
zzy-222@64h-369-y5f_180_27860,0.314663,0.218188,0.060415,0.370552,0.0,0.000781,0.0,0.0,0.0,0.0,0.0,0.0,0.0,0.0,0.0,0.0,0.0,0.0,0.0,0.0,0.0,0.0,0.0,0.0,0.0,0.0,0.0,0.0,0.0,0.0,0.0,0.0,0.0,0.0,0.0,0.0,0.0,0.0
zzy-222@64h-369-y5f_270_27860,0.390166,0.135396,0.230068,0.229934,0.0,0.011465,7e-06,7e-06,0.002637,0.0,3.4e-05,0.0,0.0,0.000144,0.0,0.0,0.0,0.0,0.0,0.0,0.0,0.0,0.0,0.0,0.0,0.0,0.0,0.0,0.0,0.0,0.0,0.0,0.0,0.0,0.0,0.0,0.0,0.0
zzy-222@64h-369-y5f_90_27860,0.459067,0.029587,0.37043,0.093452,0.0,0.0,0.0,0.000972,0.023108,0.004397,0.0,0.001062,0.0,1e-05,0.0,0.0,0.0,0.0,0.0,0.0,0.0,0.0,0.0,0.0,0.0,0.0,0.0,0.0,0.0,0.0,0.0,0.0,0.0,0.0,0.0,0.0,0.0,0.0
zzy-222@64j-2yj-w8v_0_22482,0.273228,0.137625,0.365613,0.106189,0.0,0.000303,0.0,0.0,0.112197,0.0,0.001682,0.00124,0.0,0.000549,0.0,0.0,0.0,0.0,0.0,0.0,0.0,0.0,0.0,0.0,0.0,0.0,0.0,0.0,0.0,0.0,0.0,0.0,0.0,0.0,0.0,0.0,0.0,0.0
zzy-222@64j-2yj-w8v_180_22482,0.472676,0.031326,0.199375,0.231479,0.0,0.012056,2e-06,0.0,1.7e-05,0.0,0.0,2e-05,0.0,0.0,0.0,0.0,0.0,0.0,0.0,0.0,0.0,0.0,0.0,0.0,0.0,0.0,0.0,0.0,0.0,0.0,0.0,0.0,0.0,0.0,0.0,0.0,0.0,0.0
zzy-222@64j-2yj-w8v_270_22482,0.472358,0.036973,0.104519,0.326509,0.0,0.005981,0.0,0.0,0.0,0.0,0.0,0.0,0.0,0.0,0.0,0.0,0.0,0.0,0.0,0.0,0.0,0.0,0.0,0.0,0.0,0.0,0.0,0.0,0.0,0.0,0.0,0.0,0.0,0.0,0.0,0.0,0.0,0.0
zzy-222@64j-2yj-w8v_90_22482,0.367473,0.028948,0.328616,0.002505,0.0,0.13054,0.0,0.0,0.134751,0.0,0.0,0.000322,0.0,0.0,0.0,0.0,0.0,0.000713,0.0,0.0,0.0,0.0,0.0,0.0,0.0,0.0,0.0,0.0,0.0,0.0,0.0,0.0,0.0,0.0,0.0,0.0,0.0,0.0
zzy-222@64m-qrx-k2k_0_E1A 6S5,0.351853,0.001724,0.331565,0.0,0.001384,0.000461,0.000349,0.073228,0.167341,0.0,0.040647,0.007852,0.0,0.0,0.003025,0.0,0.003364,0.0,0.0,0.0,0.002864,0.0,0.0,0.0,0.0,0.0,0.0,0.0,0.0,0.0,0.0,0.0,0.0,0.0,0.0,0.0,0.0,0.0
zzy-222@64m-qrx-k2k_180_E1A 6S5,0.477292,0.002056,0.445166,0.0,1.2e-05,0.0,0.0,0.0,0.029917,0.0,0.015144,0.0,0.0,0.005344,0.023235,0.0,0.0,0.0,0.0,0.0,0.0,0.0,0.0,0.0,0.0,0.0,0.0,0.0,0.0,0.0,0.0,0.0,0.0,0.0,0.0,0.0,0.0,0.0
zzy-222@64m-qrx-k2k_270_E1A 6S5,0.420457,0.006995,0.384968,0.0,0.0,0.014089,0.0,0.012852,0.089316,0.0,0.062063,2e-06,0.0,0.0,0.003816,0.0,0.0,0.0,0.0,0.0,0.0,0.0,0.0,0.0,0.0,0.0,0.0,0.0,0.0,0.0,0.0,0.0,0.0,0.0,0.0,0.0,0.0,0.0
zzy-222@64m-qrx-k2k_90_E1A 6S5,0.477292,0.002773,0.455012,0.0,0.0,0.001094,0.0,0.007781,0.024351,0.0,0.022185,0.000356,0.0,0.000176,0.00772,0.0,0.0,0.0,0.0,0.0,0.0,0.0,0.0,0.0,0.0,0.0,0.0,0.0,0.0,0.0,0.0,0.0,0.0,0.0,0.0,0.0,0.0,0.0
zzy-222@64m-xpt-9j9_0_B2X 2V1,0.251555,0.30533,0.330681,0.0,0.0,0.0,0.0,0.0,0.000586,0.0,0.111848,0.0,0.0,0.0,0.0,0.0,0.0,0.0,0.0,0.0,0.0,0.0,0.0,0.0,0.0,0.0,0.0,0.0,0.0,0.0,0.0,0.0,0.0,0.0,0.0,0.0,0.0,0.0
zzy-222@64m-xpt-9j9_180_B2X 2V1,0.346133,0.161562,0.3925,0.011213,0.002246,0.014658,0.0,0.0,0.009412,0.005442,0.056008,0.0,0.0,0.0,0.0,0.0,0.0,0.0,0.0,0.0,0.0,0.0,0.0,0.0,0.0,0.0,0.0,0.0,0.0,0.0,0.0,0.0,0.0,0.0,0.0,0.0,0.0,0.0
zzy-222@64m-xpt-9j9_270_B2X 2V1,0.366396,0.11686,0.101414,0.005603,0.003333,0.268962,0.0,0.002637,0.050239,0.0,0.082405,0.0,0.0,0.0,0.001648,0.0,0.0,0.0,0.0,0.0,0.0,0.0,0.0,0.0,0.0,0.0,0.0,0.0,0.0,0.0,0.0,0.0,0.0,0.0,0.0,0.0,0.0,0.0
zzy-222@64m-xpt-9j9_90_B2X 2V1,0.187939,0.389282,0.125881,0.0,0.0,0.004534,0.0,0.0,0.0,0.0,0.148975,0.0,0.0,0.0,0.0,0.0,0.0,0.0,0.0,0.0,0.0,0.0,0.0,0.0,0.0,0.0,0.0,0.0,0.0,0.0,0.0,0.0,0.0,0.0,0.0,0.0,0.0,0.0
zzy-222@64v-dxp-9vf_0_04609,0.034639,0.542419,0.0,0.0,0.0,0.403425,0.0,0.002625,0.0,0.0,0.0,0.0,0.0,0.0,0.0,0.0,0.010447,0.0,0.0,0.0,0.0,0.0,0.0,0.0,0.0,0.0,0.0,0.0,0.0,0.0,0.0,0.0,0.0,0.0,0.0,0.0,0.0,0.0
zzy-222@64v-dxp-9vf_180_04609,0.001777,0.545242,0.0,0.0,0.000107,0.33314,0.0,0.0,0.0,0.0,0.0,0.0,0.0,0.0,0.0,0.0,0.059958,0.0,0.0,0.0,0.0,0.0,0.0,0.0,0.0,0.0,0.0,0.0,0.0,0.0,0.0,0.0,0.0,0.0,0.0,0.0,0.0,0.0
zzy-222@64v-dxp-9vf_270_04609,0.026458,0.483123,0.0,0.0,0.0,0.365266,0.0,0.0,0.0,0.001951,0.0,0.0,0.0,0.0,0.0,0.0,0.0,0.0104,0.0,0.0,0.0,0.0,0.0,0.0,0.0,0.0,0.0,0.0,0.0,0.0,0.0,0.0,0.0,0.0,0.0,0.0,0.0,0.0
zzy-222@64v-dxp-9vf_90_04609,0.025676,0.771018,0.0,0.0,0.0,0.188616,0.0,0.0,0.0,0.0,0.0,0.0,0.0,0.0,0.0,0.0,0.0,0.000737,0.0,0.0,0.0,0.0,0.0,0.0,0.0,0.0,0.0,0.0,0.0,0.0,0.0,0.0,0.0,0.0,0.0,0.0,0.0,0.0
zzy-222@64v-yc2-bkz_0_04348,0.069465,0.419534,0.198743,0.293345,0.0,0.012229,0.0,0.0,0.0,0.0,0.0,0.0,0.0,5e-06,0.0,0.0,0.0,0.0,0.0,0.0,0.0,0.0,0.0,0.0,0.0,0.0,0.0,0.0,0.0,0.0,0.0,0.0,0.0,0.0,0.0,0.0,0.0,0.0
zzy-222@64v-yc2-bkz_180_04348,0.372456,0.175554,0.308796,0.062285,0.0,0.065696,0.000151,0.0,0.0,0.011904,0.000938,0.001443,0.0,0.000725,0.0,0.0,0.0,0.0,0.0,0.0,0.0,0.0,0.0,0.0,0.0,0.0,0.0,0.0,0.0,0.0,0.0,0.0,0.0,0.0,0.0,0.0,0.0,0.0
zzy-222@64v-yc2-bkz_270_04348,0.354263,0.134321,0.004265,0.397351,0.0,0.00241,0.0,0.0,0.0,0.001379,0.002795,0.0,0.0,0.0,0.000164,0.0,0.0,0.0,0.0,0.0,0.0,0.0,0.0,0.0,0.0,0.0,0.0,0.0,0.0,0.0,0.0,0.0,0.0,0.0,0.0,0.0,0.0,0.0
zzy-222@64v-yc2-bkz_90_04348,0.143774,0.379565,0.280042,0.049543,0.0,0.050286,0.001995,0.0,0.000422,0.0,0.0,0.0,0.0,0.0,0.0,0.0,0.0,0.0,0.0,0.0,0.0,0.0,0.0,0.0,0.0,0.0,0.0,0.0,0.0,0.0,0.0,0.0,0.0,0.0,0.0,0.0,0.0,0.0
zzy-222@64w-yw8-xqz_0_04457,0.197886,0.349319,0.039631,0.240779,0.0,0.007312,0.0,0.0,0.0,0.153579,0.0,0.0,0.0,0.0,0.0,0.0,0.0,0.0,0.0,0.0,0.0,0.0,0.0,0.0,0.0,0.0,0.0,0.0,0.0,0.0,0.0,0.0,0.0,0.0,0.0,0.0,0.0,0.0
zzy-222@64w-yw8-xqz_180_04457,0.08717,0.440444,0.218691,0.213801,0.0,0.0,0.0,0.000938,2e-05,0.008381,5.6e-05,0.0,0.0,0.001785,0.0,0.0,0.0,0.0,0.0,0.0,0.0,0.0,0.0,0.0,0.0,0.0,0.0,0.0,0.0,0.0,0.0,0.0,0.0,0.0,0.0,0.0,0.0,0.0
zzy-222@64w-yw8-xqz_270_04457,0.157285,0.369685,0.316792,0.130002,0.0,0.0,0.0,0.0,0.017031,0.005659,0.000173,0.0,0.0,0.0,0.0,0.0,0.0,0.0,0.0,0.0,0.0,0.0,0.0,0.0,0.0,0.0,0.0,0.0,0.0,0.0,0.0,0.0,0.0,0.0,0.0,0.0,0.0,0.0
zzy-222@64w-yw8-xqz_90_04457,0.264243,0.346599,0.163589,0.208506,0.0,0.006252,0.0,0.0,0.0,0.00894,0.0,0.0,0.0,0.0,0.0,0.0,0.0,0.0,0.0,0.0,0.0,0.0,0.0,0.0,0.0,0.0,0.0,0.0,0.0,0.0,0.0,0.0,0.0,0.0,0.0,0.0,0.0,0.0
zzy-222@64x-33v-73q_0_04462,0.259116,0.34166,0.185532,0.192046,0.0,0.000139,0.000823,0.0,0.002361,0.017615,0.0,0.0,0.0,0.0,0.000708,0.0,0.0,0.0,0.0,0.0,0.0,0.0,0.0,0.0,0.0,0.0,0.0,0.0,0.0,0.0,0.0,0.0,0.0,0.0,0.0,0.0,0.0,0.0
zzy-222@64x-33v-73q_180_04462,0.248052,0.330388,0.321492,0.089165,0.0,5.4e-05,0.0,0.0,0.00449,0.0,0.002349,0.0,0.0,0.002075,0.0,0.0,0.0,0.0,0.00093,0.0,0.0,0.0,0.0,0.0,0.0,0.0,0.0,0.0,0.0,0.0,0.0,0.0,0.0,0.0,0.0,0.0,0.0,0.0
zzy-222@64x-33v-73q_270_04462,0.097969,0.498369,0.271704,0.088467,0.0,0.0,0.0,0.0,0.0,0.043379,0.0,0.0,0.0,5e-06,0.0,0.0,0.0,0.0,0.0,0.0,0.0,0.0,0.0,0.0,0.0,0.0,0.0,0.0,0.0,0.0,0.0,0.0,0.0,0.0,0.0,0.0,0.0,0.0
zzy-222@64x-33v-73q_90_04462,0.133152,0.450649,0.092278,0.301162,0.0,0.001631,0.0,0.0,0.0,0.007734,0.0,0.005247,0.0,0.0,0.0,0.0,0.0,0.0,0.0,0.0,0.0,0.0,0.0,0.0,0.0,0.0,0.0,0.0,0.0,0.0,0.0,0.0,0.0,0.0,0.0,0.0,0.0,0.0
zzy-222@64y-k24-j7q_0_B0E 2P0,0.34595,0.164141,0.066907,0.080959,7e-06,0.262773,0.0,0.0,0.0,0.0,0.0,0.0,0.0,0.0,0.0,0.0,0.0,0.011904,0.0,0.0,0.0,0.0,0.0,0.0,0.0,0.0,0.0,0.0,0.0,0.0,0.0,0.0,0.0,0.0,0.0,0.0,0.0,0.0
zzy-222@64y-k24-j7q_180_B0E 2P0,0.27406,0.193154,0.169358,0.068479,0.0,0.221077,0.0,0.0,0.0,0.0,0.002188,8.1e-05,0.0,0.0,0.0,0.0,0.0,0.033762,0.0,0.0,0.0,0.0,0.0,0.0,0.0,0.0,0.0,0.0,0.0,0.0,0.0,0.0,0.0,0.0,0.0,0.0,0.0,0.0
zzy-222@64y-k24-j7q_270_B0E 2P0,0.378286,0.144819,0.04356,0.100862,0.0,0.323401,0.0,0.0,0.0,0.0,0.0,0.0,0.0,0.0,0.0,0.0,0.0,0.000688,0.0,0.0,0.0,0.0,0.0,0.0,0.0,0.0,0.0,0.0,0.0,0.0,0.0,0.0,0.0,0.0,0.0,0.0,0.0,0.0
zzy-222@64y-k24-j7q_90_B0E 2P0,0.364111,0.090281,5.4e-05,0.103911,0.0,0.15927,0.0,0.002881,0.06229,0.0,0.0,0.001204,0.0,0.0,0.0,0.0,0.0,0.0,0.0,0.0,0.0,0.0,0.0,0.0,0.0,0.0,0.0,0.0,0.0,0.0,0.0,0.0,0.0,0.0,0.0,0.0,0.0,0.0
zzy-222@653-nj3-kvf_0_B0E 0C1,0.384541,0.152173,0.241704,0.001311,0.0,0.209939,0.0,7.3e-05,0.0,0.001587,0.0,0.0,0.0,0.000312,0.0,0.0,0.0,0.000686,0.0,0.0,0.0,0.0,0.0,0.0,0.0,0.0,0.0,0.0,0.0,0.0,0.0,0.0,0.0,0.0,0.0,0.0,0.0,0.0
zzy-222@653-nj3-kvf_180_B0E 0C1,0.337031,0.215315,0.333967,0.013057,0.0,0.095149,8.8e-05,0.00021,0.000168,0.001465,0.0,0.0,0.0,0.0,0.0,0.0,0.0,0.000986,0.0,0.0,0.0,0.0,0.0,0.0,0.0,0.0,0.0,0.0,0.0,0.0,0.0,0.0,0.0,0.0,0.0,0.0,0.0,0.0
zzy-222@653-nj3-kvf_270_B0E 0C1,0.159746,0.528582,0.0,0.002478,0.0,0.309146,0.0,0.0,0.0,0.0,0.0,0.0,0.0,0.0,0.0,0.0,0.0,4.9e-05,0.0,0.0,0.0,0.0,0.0,0.0,0.0,0.0,0.0,0.0,0.0,0.0,0.0,0.0,0.0,0.0,0.0,0.0,0.0,0.0
zzy-222@653-nj3-kvf_90_B0E 0C1,0.38231,0.231721,0.250723,0.0,0.0,0.120969,0.0,0.0,0.0,0.0,0.0,0.006863,0.0,0.0,0.0,0.0,8.3e-05,0.006726,0.0,0.0,0.0,0.0,0.0,0.0,0.0,0.0,0.0,0.0,0.0,0.0,0.0,0.0,0.0,0.0,0.0,0.0,0.0,0.0
zzy-222@65w-mtn-kcq_0_J8L 2W7,0.320269,0.207227,0.394397,0.063301,0.0,0.0,0.0,0.005205,0.001196,0.0,0.004607,0.00019,0.0,0.0,0.0,0.000288,0.0,0.0,0.003286,0.0,0.0,0.0,0.0,0.0,0.0,0.0,0.0,0.0,0.0,0.0,0.0,0.0,0.0,0.0,0.0,0.0,0.0,0.0
zzy-222@65w-mtn-kcq_180_J8L 2W7,0.292053,0.229404,0.413796,0.039006,0.0,0.002234,0.0,0.002642,0.000845,0.0,0.001807,0.0,0.0,0.0,0.0,0.0,0.0,0.0,0.0,0.0,0.0,0.0,0.0,0.0,0.0,0.0,0.0,0.0,0.0,0.0,0.0,0.0,0.0,0.0,0.0,0.0,0.0,0.0
zzy-222@65w-mtn-kcq_270_J8L 2W7,0.239153,0.266221,0.398843,0.046479,0.0,0.000232,0.0,0.004016,0.011438,0.0,0.029968,0.003306,0.0,0.0,0.0,0.0,0.0,0.0,0.0,0.0,0.0,0.000344,0.0,0.0,0.0,0.0,0.0,0.0,0.0,0.0,0.0,0.0,0.0,0.0,0.0,0.0,0.0,0.0
zzy-222@65w-mtn-kcq_90_J8L 2W7,0.230542,0.311965,0.01291,0.211333,0.0,0.187986,0.0,0.0,0.01365,0.0001,0.016267,0.0,0.0,0.0,0.0,0.0,0.0,0.0,0.0,0.0,0.0,0.0,0.0,0.0,0.0,0.0,0.0,0.0,0.0,0.0,0.0,0.0,0.0,0.0,0.0,0.0,0.0,0.0
zzy-222@65w-mwv-d7q_0_J8P 0K5,0.239963,0.29062,0.186006,0.114111,0.0,0.0,0.0,5.1e-05,0.005833,0.0,2.2e-05,0.0,0.0,0.0,0.0,0.00071,0.0,0.0,0.0,0.0,0.0,0.0,0.0,0.0,0.0,0.0,0.0,0.0,0.0,0.0,0.0,0.0,0.0,0.0,0.0,0.0,0.0,0.0
zzy-222@65w-mwv-d7q_180_J8P 0K5,0.291729,0.239868,0.033623,0.054221,0.0,0.157312,0.0,0.0,0.0,0.0,0.002661,0.0,0.0,0.0,0.0,0.0,0.017043,0.0,0.0,0.0,0.0,0.0,0.0,0.0,0.0,0.0,0.0,0.0,0.0,0.0,0.0,0.0,0.0,0.0,0.0,0.0,0.0,0.0
zzy-222@65w-mwv-d7q_270_J8P 0K5,0.306311,0.191013,0.0,0.300967,0.0,0.183105,0.0,0.0,0.00012,0.0,0.0,0.0,0.0,0.0,0.0,0.0,0.0,0.0,0.0,0.0,0.0,0.0,0.0,0.0,0.0,0.0,0.0,0.0,0.0,0.0,0.0,0.0,0.0,0.0,0.0,0.0,0.0,0.0
zzy-222@65w-mwv-d7q_90_J8P 0K5,0.173826,0.39667,0.057717,0.0,0.0,0.004746,0.0,0.0,0.0,0.01873,0.003955,0.0,0.0,0.0,0.0,0.0,0.0,0.0,0.0,0.0,0.0,0.0,0.0,0.0,0.0,0.0,0.0,0.0,0.0,0.0,0.0,0.0,0.0,0.0,0.0,0.0,0.0,0.0
zzy-222@65x-rqc-nqz_0_J0T,0.369175,0.031958,0.100388,0.463115,0.0,0.0,0.0,0.001841,0.026052,0.0,0.006021,0.0,0.0,0.0,0.0,0.0,0.0,0.0,5e-06,0.0,0.0,0.0,0.0,0.0,0.0,0.0,0.0,0.0,0.0,0.0,0.0,0.0,0.0,0.0,0.0,0.0,0.0,0.0
zzy-222@65x-rqc-nqz_180_J0T,0.373972,0.000737,0.00134,0.0,0.0,0.403042,0.0,0.0,0.214722,0.0,0.0,0.0,0.0,0.0,0.002314,7.8e-05,0.0,0.0,0.0,0.0,0.0,0.0,7e-06,0.0,0.0,0.0,0.0,0.0,0.0,0.0,0.0,0.000132,0.0,0.0,0.0,0.0,0.0,0.0
zzy-222@65x-rqc-nqz_270_J0T,0.420581,0.000974,0.128967,0.308101,4.4e-05,0.0,0.0,0.004707,0.130249,0.0,0.004985,0.000359,6.8e-05,0.0,0.0,0.0,0.0,0.000698,0.0,0.0,0.0,0.0,0.0,0.0,0.0,0.0,0.0,0.0,0.0,0.0,0.0,0.0,0.0,0.0,0.0,0.0,0.0,0.0
zzy-222@65x-rqc-nqz_90_J0T,0.323928,0.074578,0.211729,0.358198,0.0,0.0,0.0,0.0151,0.007458,0.0,0.0,0.000618,0.0,0.0,0.0,0.0,0.0,0.006101,0.0,0.0,0.0,0.0,0.0,0.0,0.0,0.0,0.0,0.0,0.0,0.0,0.0,0.0,0.0,0.0,0.0,0.0,0.0,0.0
zzy-222@65y-j8y-n89_0_12095,0.350627,0.014685,0.390503,0.0,0.0,0.0,0.0,0.000378,0.211274,0.0,0.015786,0.000569,0.0,0.000222,0.011311,0.0,0.0,0.0,0.0,0.0,0.0,0.0,0.0,0.0,0.0,0.0,0.0,0.0,0.0,0.0,0.0,0.0,0.0,0.0,0.0,0.0,0.0,0.0
zzy-222@65y-j8y-n89_180_12095,0.40666,0.036038,0.424248,0.0,0.0,0.0,0.0,0.0,0.082593,0.0,0.039951,0.001118,0.0,0.002446,0.006272,0.000674,0.0,0.0,0.0,0.0,0.0,0.0,0.0,0.0,0.0,0.0,0.0,0.0,0.0,0.0,0.0,0.0,0.0,0.0,0.0,0.0,0.0,0.0
zzy-222@65y-j8y-n89_270_12095,0.461506,0.032134,0.427397,9e-05,0.0,0.000125,0.0,0.0,0.01229,0.0,0.066458,0.0,0.0,0.0,0.0,0.0,0.0,0.0,0.0,0.0,0.0,0.0,0.0,0.0,0.0,0.0,0.0,0.0,0.0,0.0,0.0,0.0,0.0,0.0,0.0,0.0,0.0,0.0
zzy-222@65y-j8y-n89_90_12095,0.227642,0.0,0.233706,0.00356,0.0,0.0,0.0,0.0,0.384614,0.0,0.037002,0.0,5e-06,0.0,0.089492,0.0,0.0,0.0,0.0,0.0,0.0,0.0,0.0,0.0,0.0,0.0,0.0,0.0,0.0,0.0,0.0,0.0,0.0,0.0,0.0,0.0,0.0,0.0
zzy-222@65y-nks-d5f_0_12852,0.045801,0.449871,0.319795,0.027522,0.0,0.157012,0.0,0.0,0.0,0.0,0.0,0.0,0.0,0.0,0.0,0.0,0.0,0.0,0.0,0.0,0.0,0.0,0.0,0.0,0.0,0.0,0.0,0.0,0.0,0.0,0.0,0.0,0.0,0.0,0.0,0.0,0.0,0.0
zzy-222@65y-nks-d5f_180_12852,0.113872,0.434895,0.050247,0.297913,0.0,0.036182,0.0,0.0,0.0,0.033972,0.0,0.0,0.0,0.0,0.0,0.0,0.031689,0.0,0.0,0.0,0.0,0.0,0.0,0.0,0.0,0.0,0.0,0.0,0.0,0.0,0.0,0.0,0.0,0.0,0.0,0.0,0.0,0.0
zzy-222@65y-nks-d5f_270_12852,0.239507,0.288462,0.351868,0.106362,0.0,0.012273,0.0,0.0,0.0,0.000505,0.0,0.00021,0.0,0.0001,0.0,0.0,0.0,0.0,0.0,0.0,0.0,0.0,0.0,0.0,0.0,0.0,0.0,0.0,0.0,0.0,0.0,0.0,0.0,0.0,0.0,0.0,0.0,0.0
zzy-222@65y-nks-d5f_90_12852,0.183113,0.353674,0.357485,0.092568,0.0,0.012759,0.0,0.0,0.0,0.0,0.0,0.0,0.0,0.0,0.0,0.0,0.0,0.0,0.0,0.0,0.0,0.0,0.0,0.0,0.0,0.0,0.0,0.0,0.0,0.0,0.0,0.0,0.0,0.0,0.0,0.0,0.0,0.0
zzy-222@65y-sx8-m8v_0_12075,0.451399,0.062961,0.32373,0.146516,0.0,0.000232,0.0,0.0,0.002822,0.0,0.000979,0.0,0.0,0.002019,0.0,0.0,0.0021,0.0,0.0,0.0,0.0,0.0,0.0,0.0,0.0,0.0,0.0,0.0,0.0,0.0,0.0,0.0,0.0,0.0,0.0,0.0,0.0,0.0
zzy-222@65y-sx8-m8v_180_12075,0.383472,0.121677,0.379141,0.115576,0.0,0.0,0.0,0.0,0.0,0.0,0.0,0.0,0.0,0.000134,0.0,0.0,0.0,0.0,0.0,0.0,0.0,0.0,0.0,0.0,0.0,0.0,0.0,0.0,0.0,0.0,0.0,0.0,0.0,0.0,0.0,0.0,0.0,0.0
zzy-222@65y-sx8-m8v_270_12075,0.451809,0.054517,0.013513,0.357734,0.0,0.0,0.007131,0.0,0.000242,0.003687,0.000806,0.001792,0.0,0.0,0.0,0.0,0.001072,0.0,0.0,0.0,0.0,0.0,0.002878,0.0,0.0,0.0,0.0,0.0,0.0,0.0,0.0,0.0,0.0,0.0,0.0,0.0,0.0,0.0
zzy-222@65y-sx8-m8v_90_12075,0.340254,0.135667,0.361445,0.136763,0.0,0.0,0.0,0.0,0.005684,0.0,0.0,0.0,0.0,2.7e-05,0.0,0.0,0.0,0.0,0.0,0.0,0.000439,0.0,0.0,0.0,0.0,0.0,0.0,0.0,0.0,0.0,0.0,0.0,0.0,0.0,0.0,0.0,0.0,0.0
zzy-222@65y-syh-zj9_0_12534,0.441108,0.059551,0.37085,0.031685,0.0,0.082625,0.0,0.012185,0.000581,0.0,0.001365,0.0,0.0,5.1e-05,0.0,0.0,0.0,0.0,0.0,0.0,0.0,0.0,0.0,0.0,0.0,0.0,0.0,0.0,0.0,0.0,0.0,0.0,0.0,0.0,0.0,0.0,0.0,0.0
zzy-222@65y-syh-zj9_180_12534,0.428481,0.032644,0.194739,0.150566,0.0,0.078142,0.0,0.001348,0.03759,0.0,0.020378,0.000247,0.0,0.010972,0.0,0.0,0.0,0.0,0.0,0.0,0.0,0.0,0.0,0.0,0.0,0.0,0.0,0.0,0.0,0.0,0.0,0.0,0.0,0.0,0.0,0.0,0.0,0.0
zzy-222@65y-syh-zj9_270_12534,0.415981,0.069238,0.391958,0.050435,0.0,0.000435,0.0,0.021797,0.040264,0.0,0.006316,0.000149,0.0,0.0,3.7e-05,0.0,0.0002,0.002061,0.0,0.0,0.0,0.0,0.0,0.0,0.0,0.0,0.0,0.0,0.0,0.0,0.0,0.0,0.0,0.0,0.0,0.0,0.0,0.0
zzy-222@65y-syh-zj9_90_12534,0.411738,0.095161,0.186416,0.003765,0.0,0.273467,0.0,0.0027,0.006443,0.002153,0.013906,0.000107,0.0,0.0,0.0,0.0,0.0,0.0,0.0,0.0,0.0,0.0,0.0,0.0,0.0,0.0,0.0,0.0,0.0,0.0,0.0,0.0,0.0,0.0,0.0,0.0,0.0,0.0
zzy-222@65y-whf-8y9_0_12423,0.190142,0.365396,0.383999,0.052981,0.0,0.004041,0.0,0.0,0.000139,0.0,0.0,0.00041,0.0,0.0,0.0,0.0,0.0,0.0,0.0,0.0,0.0,0.0,0.0,0.0,0.0,0.0,0.0,0.0,0.0,0.0,0.0,0.0,0.0,0.0,0.0,0.0,0.0,0.0
zzy-222@65y-whf-8y9_180_12423,0.297258,0.186689,0.380056,0.105625,0.0,0.019688,0.001143,0.0,0.000188,0.0,0.0,0.0,0.0,0.0,0.0,0.0,0.0,0.000945,0.0,0.0,0.0,0.0,0.0,0.0,0.0,0.0,0.0,0.0,0.0,0.0,0.0,0.0,0.0,0.0,0.0,0.0,0.0,0.0
zzy-222@65y-whf-8y9_270_12423,0.297646,0.160376,0.407437,0.078508,0.0,0.001152,0.0,0.000281,0.026377,0.002554,0.000171,0.002991,0.0,0.00165,0.0,0.0,0.0,0.0,0.0,0.0,0.0,0.0,0.0,0.0,0.0,0.0,0.0,0.0,0.0,0.0,0.0,0.0,0.0,0.0,0.0,0.0,0.0,0.0
zzy-222@65y-whf-8y9_90_12423,0.053525,0.528091,0.031428,0.138306,0.0,0.093579,0.0,0.0,0.0,0.057178,0.0,5.9e-05,0.0,0.0,0.0,0.0,0.0,0.0,0.0,0.0,0.0,0.0,0.0,0.0,0.0,0.0,0.0,0.0,0.0,0.0,0.0,0.0,0.0,0.0,0.0,0.0,0.0,0.0
zzy-222@65y-y2h-rhq_0_01237,0.149646,0.384907,0.391504,0.042969,0.0,2e-06,0.0,0.0,0.0,0.0,0.005796,0.011965,0.0,0.000669,0.012542,0.0,0.0,0.0,0.0,0.0,0.0,0.0,0.0,0.0,0.0,0.0,0.0,0.0,0.0,0.0,0.0,0.0,0.0,0.0,0.0,0.0,0.0,0.0
zzy-222@65y-y2h-rhq_180_01237,0.18634,0.316946,0.324414,0.039036,0.0,0.0,0.0,0.002954,1.5e-05,0.111484,0.00698,0.003767,0.0,0.001233,0.002061,0.0,0.0,0.002832,0.0,0.0,0.0,1e-05,0.0,0.0,0.0,0.0,0.0,0.0,0.0,0.0,0.0,0.0,0.0,0.0,0.0,0.0,0.0,0.0
zzy-222@65y-y2h-rhq_270_01237,0.178582,0.335974,0.408213,0.061196,0.0,8.5e-05,0.0,0.000906,5.6e-05,0.008293,0.0,0.006687,0.0,0.0,7e-06,0.0,0.0,0.0,0.0,0.0,0.0,0.0,0.0,0.0,0.0,0.0,0.0,0.0,0.0,0.0,0.0,0.0,0.0,0.0,0.0,0.0,0.0,0.0
zzy-222@65y-y2h-rhq_90_01237,0.313608,0.206135,0.4422,0.022446,0.0,0.0,0.0,0.000315,0.001868,0.0,0.008787,0.000103,0.0,0.00052,0.002065,0.0,0.0,0.001406,0.0,0.0,0.0,0.0,0.0,0.0,0.0,0.0,0.0,0.0,0.0,0.0,0.0,0.0,0.0,0.0,0.0,0.0,0.0,0.0
zzy-222@65y-yz8-rkz_0_12151,0.26177,0.290813,0.396663,0.048315,0.0,0.0,0.0,0.0,0.0,0.0,0.002366,0.0,0.0,0.0,0.0,0.0,0.0,0.0,0.0,0.0,0.0,0.0,0.0,0.0,0.0,0.0,0.0,0.0,0.0,0.0,0.0,0.0,0.0,0.0,0.0,0.0,0.0,0.0
zzy-222@65y-yz8-rkz_180_12151,0.267969,0.295752,0.418088,0.000117,0.0,0.017957,0.0,0.000117,0.0,0.0,0.0,0.0,0.0,0.0,0.0,0.0,0.0,0.0,0.0,0.0,0.0,0.0,0.0,0.0,0.0,0.0,0.0,0.0,0.0,0.0,0.0,0.0,0.0,0.0,0.0,0.0,0.0,0.0
zzy-222@65y-yz8-rkz_270_12151,0.000234,0.695239,0.0,0.054216,0.0,0.0,0.0,0.0,0.0,0.035217,0.0,0.0,0.0,0.0,0.0,0.0,0.0,0.003464,0.0,0.0,0.0,0.0,0.0,0.0,0.0,0.0,0.0,0.0,0.0,0.0,0.0,0.0,0.0,0.0,0.0,0.0,0.0,0.0
zzy-222@65y-yz8-rkz_90_12151,0.202993,0.363589,0.409578,0.001831,0.0,0.0,0.0,0.004202,0.0,0.017808,0.0,0.0,0.0,0.0,0.0,0.0,0.0,0.0,0.0,0.0,0.0,0.0,0.0,0.0,0.0,0.0,0.0,0.0,0.0,0.0,0.0,0.0,0.0,0.0,0.0,0.0,0.0,0.0
zzy-222@65y-zdw-j5f_0_12866,0.425049,0.064585,0.383621,0.074668,0.0,0.010039,0.0,0.002275,0.025261,0.000642,0.005579,0.0,0.0,0.001006,0.0,0.0,0.0,0.0,0.0,0.0,0.0,0.0,0.0,0.0,0.0,0.0,0.0,0.0,0.0,0.0,0.0,0.0,0.0,0.0,0.0,0.0,0.0,0.0
zzy-222@65y-zdw-j5f_180_12866,0.265171,0.211143,0.361038,0.137456,0.0,0.0,0.0,0.0,0.002136,0.000708,0.003252,0.001897,0.0,0.0,0.0,0.0,0.0,0.0,0.0,0.0,0.0,0.0,0.0,0.0,0.0,0.0,0.0,0.0,0.0,0.0,0.0,0.0,0.0,0.0,0.0,0.0,0.0,0.0
zzy-222@65y-zdw-j5f_270_12866,0.313401,0.230525,0.103628,0.281353,0.0,0.0,0.0,0.0,0.000425,0.017109,0.0,0.0,0.0,3.4e-05,0.0,0.0,0.028088,0.0,0.0,0.0,0.0,0.0,0.0,0.0,0.0,0.0,0.0,0.0,0.0,0.0,0.0,0.0,0.0,0.0,0.0,0.0,0.0,0.0
zzy-222@65y-zdw-j5f_90_12866,0.324631,0.121729,0.399497,0.073074,0.0,0.0,0.001296,0.0,0.006702,0.012646,0.009568,0.002278,0.0,0.0,0.004983,0.0,0.0,0.0,0.0,0.0,0.0,0.0,0.0,0.0,0.0,0.0,0.0,0.0,0.0,0.0,0.0,0.0,0.0,0.0,0.0,0.0,0.0,0.0
zzy-222@65y-zdx-qfz_0_12866,0.31939,0.17417,0.400847,0.0,0.0,0.046179,0.009287,0.003523,0.026519,0.0,0.0,0.0,0.0,0.000862,0.015857,0.0,0.0,0.0,0.0,0.0,0.0,0.0,0.0,0.0,0.0,0.0,0.0,0.0,0.0,0.0,0.0,0.0,0.0,0.0,0.0,0.0,0.0,0.0
zzy-222@65y-zdx-qfz_180_12866,0.318936,0.13105,0.332988,0.0,0.0,0.10718,0.004414,8.5e-05,0.084146,0.0,0.0,0.0,0.0,0.0,0.008367,0.0,0.0,0.0,0.0,0.0,0.0,0.008999,0.0,0.0,0.0,0.0,0.0,0.0,0.0,0.0,0.0,0.0,0.0,0.0,0.0,0.0,0.0,0.0
zzy-222@65y-zdx-qfz_270_12866,0.148894,0.258206,0.0,0.0,0.0,0.375605,0.0,0.022454,0.194636,0.0,0.0,0.0,0.0,0.0,0.0,0.0,0.0,0.0,0.0,0.0,0.0,0.0,0.0,0.0,0.0,0.0,0.0,0.0,0.0,0.0,0.0,0.0,0.0,0.0,0.0,0.0,0.0,0.0
zzy-222@65y-zdx-qfz_90_12866,0.251609,0.202134,0.136562,0.000198,0.000322,0.167974,0.007151,0.01478,0.104329,0.0,0.0,0.0,0.0,0.0,0.014951,0.0,0.003262,0.0,0.0,0.0,0.0,0.0,0.000374,0.0,0.0,0.0,0.0,0.0,0.0,0.0,0.0,0.0,0.0,0.0,0.0,0.0,0.0,0.0
zzy-222@65y-zgb-qs5_0_12866,0.271802,0.242573,0.274321,0.205852,0.0,0.0,0.000225,0.004976,0.0,0.0,0.0,0.000251,0.0,0.0,0.0,0.0,0.0,0.0,0.0,0.0,0.0,0.0,0.0,0.0,0.0,0.0,0.0,0.0,0.0,0.0,0.0,0.0,0.0,0.0,0.0,0.0,0.0,0.0
zzy-222@65y-zgb-qs5_180_12866,0.28897,0.237166,0.348755,0.09605,0.0,0.000144,0.000454,0.0,0.0,0.012275,0.010049,0.00585,0.0,0.0,0.0,0.0,0.0,0.0,0.0,0.0,0.0,0.0,0.000288,0.0,0.0,0.0,0.0,0.0,0.0,0.0,0.0,0.0,0.0,0.0,0.0,0.0,0.0,0.0
zzy-222@65y-zgb-qs5_270_12866,0.243298,0.272983,0.338569,0.12502,0.0,0.013762,0.0,0.0,0.0,0.000247,0.0,7.8e-05,0.0,0.0027,0.0,0.0,0.0,0.0,0.0,0.0,0.0,0.0,0.0,0.0,0.0,0.0,0.0,0.0,0.0,0.0,0.0,0.0,0.0,0.0,0.0,0.0,0.0,0.0
zzy-222@65y-zgb-qs5_90_12866,0.083191,0.467322,0.0,0.331135,0.0,0.0,0.0,0.0,0.0,0.117783,0.0,0.0,0.0,0.0,0.0,0.0,0.0,0.0,0.0,0.0,0.0,0.0,0.0,0.0,0.0,0.0,0.0,0.0,0.0,0.0,0.0,0.0,0.0,0.0,0.0,0.0,0.0,0.0
zzy-222@65z-67w-9mk_0_13126,0.411023,0.06561,0.408372,0.055127,0.0,0.015371,0.0,0.024817,0.01968,0.0,0.0,0.0,0.0,0.0,0.0,0.0,0.0,0.0,0.0,0.0,0.0,0.0,0.0,0.0,0.0,0.0,0.0,0.0,0.0,0.0,0.0,0.0,0.0,0.0,0.0,0.0,0.0,0.0
zzy-222@65z-67w-9mk_180_13126,0.441143,0.052126,0.394531,0.031362,0.0,0.016973,0.0,0.014382,0.008384,0.000156,0.000156,0.000737,0.0,0.0,0.0,0.0,0.014897,0.0,0.0,0.0,0.0,0.0,0.0,0.0,0.0,0.0,0.0,0.0,0.0,0.0,0.0,0.0,0.0,0.0,0.0,0.0,0.0,0.0
zzy-222@65z-67w-9mk_270_13126,0.465088,0.003054,0.064077,0.0,0.002422,5e-06,0.0,0.0,0.046943,0.0,0.002183,0.0,0.0,0.0,0.0,0.0,0.0,0.0,0.0,0.0,0.0,0.0,0.0,0.0,0.0,0.0,0.0,0.0,0.0,0.0,0.0,0.0,0.0,0.0,0.0,0.0,0.0,0.0
zzy-222@65z-67w-9mk_90_13126,0.336255,0.116287,0.249246,0.009668,0.0,0.22073,0.0,0.049233,0.0,0.0,0.0,0.0,0.0,0.000234,0.0,0.0,0.0,0.0,0.0,0.0,0.010229,0.0,0.0,0.0,0.0,0.0,0.0,0.0,0.0,0.0,0.0,0.0,0.0,0.0,0.0,0.0,0.0,0.0
zzy-222@65z-jn8-rrk_0_13032,0.25095,0.374792,0.304636,0.065286,0.0,0.0,0.0,0.004336,0.0,0.0,0.0,0.0,0.0,0.0,0.0,0.0,0.0,0.0,0.0,0.0,0.0,0.0,0.0,0.0,0.0,0.0,0.0,0.0,0.0,0.0,0.0,0.0,0.0,0.0,0.0,0.0,0.0,0.0
zzy-222@65z-jn8-rrk_180_13032,0.1976,0.176921,0.400625,0.016716,0.0,0.00021,0.0,0.004941,0.0,0.0,0.0,0.0,0.0,0.0,0.0,0.0,0.0,0.202986,0.0,0.0,0.0,0.0,0.0,0.0,0.0,0.0,0.0,0.0,0.0,0.0,0.0,0.0,0.0,0.0,0.0,0.0,0.0,0.0
zzy-222@65z-jn8-rrk_270_13032,0.082351,0.630754,0.037397,0.096416,0.0,0.050178,0.0,0.044294,0.0,0.000183,0.0,0.0,0.0,0.0,0.0,0.0,0.0,0.0,0.0,0.0,0.0,0.0,0.0,0.0,0.0,0.0,0.0,0.0,0.0,0.0,0.0,0.0,0.0,0.0,0.0,0.0,0.0,0.0
zzy-222@65z-jn8-rrk_90_13032,0.074307,0.242593,0.232031,0.0,0.0,0.170413,0.0,0.0,0.0,0.0,0.0,0.0,0.0,0.0,0.0,0.0,0.0,0.279524,0.0,0.0,0.0,0.0,0.0,0.0,0.0,0.0,0.0,0.0,0.0,0.0,0.0,0.0,0.0,0.0,0.0,0.0,0.0,0.0
zzy-222@65z-k77-qs5_0_13478,0.429102,0.097664,0.348137,0.124397,0.0,0.0,0.0,0.0,0.0,0.0,0.000168,0.000532,0.0,0.0,0.0,0.0,0.0,0.0,0.0,0.0,0.0,0.0,0.0,0.0,0.0,0.0,0.0,0.0,0.0,0.0,0.0,0.0,0.0,0.0,0.0,0.0,0.0,0.0
zzy-222@65z-k77-qs5_180_13478,0.376138,0.134431,0.429846,0.032209,0.0,0.0,0.0,0.000771,0.016445,0.0,0.000647,0.000347,0.0,0.0,0.0,0.0,0.0,0.0,0.0,0.0,0.0,0.0,0.0,0.0,0.0,0.0,0.0,0.0,0.0,0.0,0.0,0.0,0.0,0.0,0.0,0.0,0.0,0.0
zzy-222@65z-k77-qs5_270_13478,0.380117,0.160417,0.273528,0.169907,0.0,0.0,0.0,0.0,0.0,0.015803,0.000227,0.0,0.0,0.0,0.0,0.0,0.0,0.0,0.0,0.0,0.0,0.0,0.0,0.0,0.0,0.0,0.0,0.0,0.0,0.0,0.0,0.0,0.0,0.0,0.0,0.0,0.0,0.0
zzy-222@65z-k77-qs5_90_13478,0.316128,0.201755,0.388667,0.062424,0.0,0.0,0.0,0.0,0.017922,3.7e-05,0.003496,1.7e-05,0.0,0.001504,4.9e-05,0.0,0.0,0.0,0.0,0.0,0.0,0.0,0.0,0.0,0.0,0.0,0.0,0.0,0.0,0.0,0.0,0.0,0.0,0.0,0.0,0.0,0.0,0.0
zzy-222@65z-qww-mhq_0_12983,0.328479,0.295769,0.314543,0.0,0.0,0.018442,0.0,0.002107,0.0,0.0,0.0,0.0,0.0,0.0,0.0,0.0,0.002593,0.0,0.0,0.0,0.0,0.038066,0.0,0.0,0.0,0.0,0.0,0.0,0.0,0.0,0.0,0.0,0.0,0.0,0.0,0.0,0.0,0.0
zzy-222@65z-qww-mhq_180_12983,0.357302,0.298887,0.0,0.0,2.9e-05,0.336494,0.0,0.007114,0.0,0.0,0.0,0.0,0.0,0.0,0.0,0.0,0.0,0.000173,0.0,0.0,0.0,0.0,0.0,0.0,0.0,0.0,0.0,0.0,0.0,0.0,0.0,0.0,0.0,0.0,0.0,0.0,0.0,0.0
zzy-222@65z-qww-mhq_270_12983,0.33439,0.232739,0.37197,0.0,0.0,0.057471,2.9e-05,0.002373,0.0,0.0,0.0,0.0,0.0,0.0,0.0,0.0,0.0,0.0,0.0,0.0,0.0,0.001028,0.0,0.0,0.0,0.0,0.0,0.0,0.0,0.0,0.0,0.0,0.0,0.0,0.0,0.0,0.0,0.0
zzy-222@65z-qww-mhq_90_12983,0.359995,0.221863,0.326477,0.0,0.0,0.074631,0.0,0.014702,0.0,0.0,0.0,0.002332,0.0,0.0,0.0,0.0,0.0,0.0,0.0,0.0,0.0,0.0,0.0,0.0,0.0,0.0,0.0,0.0,0.0,0.0,0.0,0.0,0.0,0.0,0.0,0.0,0.0,0.0
zzy-222@65z-qyq-975_0_12983,0.193386,0.210332,0.392053,0.0,0.0,0.048784,0.000376,0.0,0.0,0.0,0.001221,0.0,0.0,0.0,0.0,0.0,0.0,0.151577,0.0,0.0,0.0,0.0,0.0,0.0,0.0,0.0,0.0,0.0,0.0,0.0,0.0,0.0,0.0,0.0,0.0,0.0,0.0,0.0
zzy-222@65z-qyq-975_180_12983,0.20833,0.254607,0.37824,0.0,0.0,0.085564,0.0,0.0,0.00147,0.0,0.0,0.0,0.0,0.0,0.0,0.0,0.0,0.07179,0.0,0.0,0.0,0.0,0.0,0.0,0.0,0.0,0.0,0.0,0.0,0.0,0.0,0.0,0.0,0.0,0.0,0.0,0.0,0.0
zzy-222@65z-qyq-975_270_12983,0.033887,0.502339,2.2e-05,0.0,0.0,0.213213,0.0,0.0,0.0,0.014204,0.0,0.0,0.0,0.0,0.0,0.0,0.0,0.043447,0.0,0.0,0.0,0.0,0.0,0.0,0.0,0.0,0.0,0.0,0.0,0.0,0.0,0.0,0.0,0.0,0.0,0.0,0.0,0.0
zzy-222@65z-qyq-975_90_12983,0.246506,0.261055,0.0,0.0,7.3e-05,0.400115,0.0,0.000886,0.055957,0.0,0.0,0.011589,0.0,0.001277,0.0,0.0,0.0,0.0,0.0,0.0,0.0,0.0,0.0,0.0,0.0,0.0,0.0,0.0,0.0,0.0,0.0,0.0,0.0,0.0,0.0,0.0,0.0,0.0
zzy-222@65z-sh6-fmk_0_12912,0.265403,0.22665,0.382991,0.0,0.0,0.026321,0.0,0.0,0.0,0.0,0.0,0.0,0.0,0.0,0.0,0.0,0.0,0.030869,0.0,0.0,0.0,0.0,0.0,0.0,0.0,0.0,0.0,0.0,0.0,0.0,0.0,0.0,0.0,0.0,0.0,0.0,0.0,0.0
zzy-222@65z-sh6-fmk_180_12912,0.105823,0.451555,0.140239,0.007957,0.0,0.248323,0.0,0.0,0.0,0.0,0.0,2.9e-05,0.0,0.0,0.0,0.0,0.0,0.016929,0.0,0.0,0.0,0.0,0.0,0.0,0.0,0.0,0.0,0.0,0.0,0.0,0.0,0.0,0.0,0.0,0.0,0.0,0.0,0.0
zzy-222@65z-sh6-fmk_270_12912,0.416084,0.086865,0.35531,0.058813,0.0,0.068735,0.0,0.0,0.002256,0.0,0.0,0.000273,0.0,0.0,0.0,0.0,0.0,0.0,0.0,0.0,0.0,0.0,0.0,0.0,0.0,0.0,0.0,0.0,0.0,0.0,0.0,0.0,0.0,0.0,0.0,0.0,0.0,0.0
zzy-222@65z-sh6-fmk_90_12912,0.017146,0.352371,0.075488,0.0,0.0,0.552021,0.0,0.0,0.0,0.0,0.0,0.0,0.0,0.0,0.0,0.0,0.0,0.0,0.0,0.0,0.0,0.0,0.0,0.0,0.0,0.0,0.0,0.0,0.0,0.0,0.0,0.0,0.0,0.0,0.0,0.0,0.0,0.0
zzy-222@65z-snp-2ff_0_12996,0.017388,0.584128,0.263286,0.019409,0.0,0.09552,0.0,0.0,0.002432,9.3e-05,0.0,0.0,0.0,0.0,0.000901,0.0,0.0,0.0,0.0,0.0,0.0,0.0,0.0,0.0,0.0,0.0,0.0,0.0,0.0,0.0,0.0,0.0,0.0,0.0,0.0,0.0,0.0,0.0
zzy-222@65z-snp-2ff_180_12996,0.292344,0.183755,0.0,0.341792,0.0,0.004417,0.0,0.0,0.063699,0.019949,0.0,0.0,0.0,0.0,0.0,0.0,0.0,0.005759,0.0,0.0,0.0,0.0,0.0,0.0,0.0,0.0,0.0,0.0,0.0,0.0,0.0,0.0,0.0,0.0,0.0,0.0,0.0,0.0
zzy-222@65z-snp-2ff_270_12996,0.212324,0.266077,0.373677,0.086414,0.0,0.017754,0.0,0.0,0.04074,0.001206,0.0,0.0,0.0,0.0,0.000266,0.0,0.0,0.0,0.0,0.0,0.0,0.0,0.0,0.0,0.0,0.0,0.0,0.0,0.0,0.0,0.0,0.0,0.0,0.0,0.0,0.0,0.0,0.0
zzy-222@65z-snp-2ff_90_12996,0.363787,0.16929,0.293403,0.064202,0.0,0.011147,0.0,0.0,0.038933,0.001274,0.000686,0.0,0.0,0.002415,0.001292,0.0,0.0,0.0,0.0,0.0,0.0,0.0,0.0,0.0,0.0,0.0,0.0,0.0,0.0,0.0,0.0,0.0,0.0,0.0,0.0,0.0,0.0,0.0
zzy-222@65z-yjx-brk_180_12817,0.259324,0.230347,0.410388,0.054536,0.0,0.0,0.0,0.0,0.035789,0.00229,0.000432,0.006877,0.0,0.0,0.0,0.0,0.0,0.0,0.0,0.0,0.0,0.0,0.0,0.0,0.0,0.0,0.0,0.0,0.0,0.0,0.0,0.0,0.0,0.0,0.0,0.0,0.0,0.0
zzy-222@65z-ywv-9pv_0_12858,0.078208,0.504299,0.163806,0.225815,0.0,0.0,0.0,0.00031,0.0,0.0,0.0,0.0,0.0,0.0,0.0,0.0,0.0,0.0,0.0,0.0,0.0,0.0,0.0,0.0,0.0,0.0,0.0,0.0,0.0,0.0,0.0,0.0,0.0,0.0,0.0,0.0,0.0,0.0
zzy-222@65z-ywv-9pv_180_12858,0.117317,0.466968,0.346707,0.068987,0.0,0.0,0.0,0.0,0.0,2.2e-05,0.0,0.0,0.0,0.0,0.0,0.0,0.0,0.0,0.0,0.0,0.0,0.0,0.0,0.0,0.0,0.0,0.0,0.0,0.0,0.0,0.0,0.0,0.0,0.0,0.0,0.0,0.0,0.0
zzy-222@65z-ywv-9pv_270_12858,0.262532,0.325493,0.279312,0.12835,0.0,0.0,0.0,0.002346,0.0,0.0,0.0,0.000996,0.0,0.00083,0.0,0.0,0.0,0.0,0.0,0.0,0.0,0.0,0.0,0.0,0.0,0.0,0.0,0.0,0.0,0.0,0.0,0.0,0.0,0.0,0.0,0.0,0.0,0.0
zzy-222@65z-ywv-9pv_90_12858,0.249116,0.297844,0.398938,0.053945,0.0,0.0,0.0,0.0,0.0,0.0,0.0,0.0,0.0,0.000156,0.0,0.0,0.0,0.0,0.0,0.0,0.0,0.0,0.0,0.0,0.0,0.0,0.0,0.0,0.0,0.0,0.0,0.0,0.0,0.0,0.0,0.0,0.0,0.0
zzy-222@65z-z4n-q4v_0_12801,0.358396,0.142773,0.175659,0.0,0.0,0.274932,0.0,0.002722,0.030405,0.0,0.002585,0.0,0.0,0.0,0.006687,0.0,0.0,0.0,0.0,0.0,0.0,0.0,0.0,0.0,0.0,0.0,0.0,0.0,0.0,0.0,0.0,0.0,0.0,0.0,0.0,0.0,0.0,0.0
zzy-222@65z-z4n-q4v_180_12801,0.377981,0.068262,0.342681,0.0,0.0,0.117727,0.0,0.004006,0.057209,0.002007,0.002283,0.006272,0.0,0.000115,0.000112,0.0,0.0,0.0,0.0,0.0,0.0,0.0,0.0,0.0,0.0,0.0,0.0,0.0,0.0,0.0,0.0,0.0,0.0,0.0,0.0,0.0,0.0,0.0
zzy-222@65z-z4n-q4v_270_12801,0.36856,0.081875,0.433799,0.0,0.0,0.000386,0.0,0.010754,0.033384,0.0,0.001396,0.0,0.0,0.001311,0.016516,0.0,0.0,0.0,0.0,0.0,0.0,0.0,0.0,0.0,0.0,0.0,0.0,0.0,0.0,0.0,0.0,0.0,0.0,0.0,0.0,0.0,0.0,0.0
zzy-222@65z-z4n-q4v_90_12801,0.26084,0.224463,0.242151,0.0,0.0,0.23051,0.0,0.000908,0.034832,0.0,0.001287,0.002605,0.0,0.0,0.001721,0.0,0.0,0.0,0.0,0.0,0.0,0.0,0.0,0.0,0.0,0.0,0.0,0.0,0.0,0.0,0.0,0.0,0.0,0.0,0.0,0.0,0.0,0.0
zzy-222@65z-zth-kcq_0_12820,0.328374,0.183132,0.205818,0.261191,0.0,0.0,0.0,0.0,5.9e-05,0.0,0.00064,0.0,0.0,0.0,0.0,0.0,0.0,0.0,0.0,0.0,0.0,0.0,0.0,0.0,0.0,0.0,0.0,0.0,0.0,0.0,0.0,0.0,0.0,0.0,0.0,0.0,0.0,0.0
zzy-222@65z-zth-kcq_180_12820,0.18925,0.35676,0.023735,0.195732,0.0,0.038359,0.0,0.0,0.0,0.12282,0.0,0.0,0.0,0.0,0.0,0.0,0.073342,0.0,0.0,0.0,0.0,0.0,0.0,0.0,0.0,0.0,0.0,0.0,0.0,0.0,0.0,0.0,0.0,0.0,0.0,0.0,0.0,0.0
zzy-222@65z-zth-kcq_270_12820,0.30147,0.229407,0.350107,0.104619,0.0,0.002178,0.0,0.0,3.7e-05,0.008562,0.0,0.0,0.0,0.0,0.0,0.0,2.9e-05,0.0,0.0,0.0,0.0,0.0,0.0,0.0,0.0,0.0,0.0,0.0,0.0,0.0,0.0,0.0,0.0,0.0,0.0,0.0,0.0,0.0
zzy-222@65z-zth-kcq_90_12820,0.326501,0.224097,0.233816,0.200398,0.0,0.004929,0.0,0.0,0.009531,0.0,0.0,0.0,0.0,0.0,0.0,0.0,0.0,0.0,0.0,0.0,0.0,0.0,0.0,0.0,0.0,0.0,0.0,0.0,0.0,0.0,0.0,0.0,0.0,0.0,0.0,0.0,0.0,0.0
zzy-222@662-35j-kxq_0_05030,0.173794,0.33699,0.390869,0.06312,0.0,0.005359,0.0,0.0,0.007302,0.0,0.022529,3.7e-05,0.0,0.0,0.0,0.0,0.0,0.0,0.0,0.0,0.0,0.0,0.0,0.0,0.0,0.0,0.0,0.0,0.0,0.0,0.0,0.0,0.0,0.0,0.0,0.0,0.0,0.0
zzy-222@662-35j-kxq_180_05030,0.104854,0.510745,0.131633,0.248184,0.0,0.00155,0.0,0.0,0.002527,0.000112,0.0,0.0,0.0,0.0,0.000396,0.0,0.0,0.0,0.0,0.0,0.0,0.0,0.0,0.0,0.0,0.0,0.0,0.0,0.0,0.0,0.0,0.0,0.0,0.0,0.0,0.0,0.0,0.0
zzy-222@662-35j-kxq_270_05030,0.333962,0.201658,0.428162,0.035791,0.0,0.0,0.0,0.0,0.0,0.0,0.000215,0.0,0.0,0.0,0.0,0.0,0.0,0.000212,0.0,0.0,0.0,0.0,0.0,0.0,0.0,0.0,0.0,0.0,0.0,0.0,0.0,0.0,0.0,0.0,0.0,0.0,0.0,0.0
zzy-222@662-35j-kxq_90_05030,0.043164,0.523142,0.160061,0.087368,0.0,0.0,0.00064,0.0,0.0,0.181099,0.0,0.000706,0.0,0.0,0.001731,0.0,0.0,0.0,0.0,0.0,0.0,0.0,0.0,0.0,0.0,0.0,0.0,0.0,0.0,0.0,0.0,0.0,0.0,0.0,0.0,0.0,0.0,0.0
zzy-222@662-3hh-pn5_0_05047,0.337688,0.206741,0.00696,0.34261,0.0,0.0,0.0,0.0,0.037468,0.006497,0.005718,0.0,0.0,0.0,0.0,0.0,0.027612,0.0,0.0,0.0,0.0,0.0,0.0,0.0,0.0,0.0,0.0,0.0,0.0,0.0,0.0,0.0,0.0,0.0,0.0,0.0,0.0,0.0
zzy-222@662-3hh-pn5_180_05047,0.179041,0.364583,0.265276,0.0,0.0,0.16603,0.0,0.0,0.0,0.000994,0.0,0.0,0.0,0.0,0.0,0.0,0.017148,0.002295,0.0,0.0,0.0,0.0,0.0,0.0,0.0,0.0,0.0,0.0,0.0,0.0,0.0,0.0,0.0,0.0,0.0,0.0,0.0,0.0
zzy-222@662-3hh-pn5_270_05047,0.297576,0.267937,0.345439,0.053669,0.0,0.034438,0.00094,0.0,0.0,0.0,0.0,0.0,0.0,0.0,0.0,0.0,0.0,0.0,0.0,0.0,0.0,0.0,0.0,0.0,0.0,0.0,0.0,0.0,0.0,0.0,0.0,0.0,0.0,0.0,0.0,0.0,0.0,0.0
zzy-222@662-3hh-pn5_90_05047,0.390256,0.151689,0.323708,0.086199,0.0,0.036189,0.0,0.004915,0.000688,0.0,0.0,0.0,0.0,0.0,0.0,0.0,0.0,0.0,0.0,0.0,0.0,0.0,0.0,0.0,0.0,0.0,0.0,0.0,0.0,0.0,0.0,0.0,0.0,0.0,0.0,0.0,0.0,0.0
zzy-222@662-64n-54v_0_13642,0.335046,0.169126,0.210569,0.159072,0.0,0.0,0.006108,0.013416,0.014646,9e-05,0.0,0.0,0.0,0.000703,0.060396,0.0,0.0,0.0,0.0,0.0,0.0,0.0,0.0,0.0,0.0,0.0,0.0,0.0,0.0,0.0,0.0,0.0,0.0,0.0,0.0,0.0,0.0,0.0
zzy-222@662-64n-54v_180_13642,0.318962,0.0,0.108132,0.107522,0.0,0.0,0.024128,0.0,0.329902,0.0,0.000198,0.001987,0.0,0.000242,0.108115,0.0,0.0,0.0,0.0,0.0,0.0,0.0,0.0,0.0,0.0,0.0,0.0,0.0,0.0,0.0,0.0,0.0,0.0,0.0,0.0,0.0,0.0,0.0
zzy-222@662-64n-54v_270_13642,0.411294,0.051602,0.366104,0.060952,0.0,0.0,0.0,0.001379,0.062788,0.000647,0.002078,0.00146,0.004167,3.4e-05,0.030181,0.0,0.0,0.0,0.0,0.0,0.0,0.0,0.0,0.0,0.0,0.0,0.0,0.0,0.0,0.0,0.0,0.0,0.0,0.0,0.0,0.0,0.0,0.0
zzy-222@662-64n-54v_90_13642,0.378862,0.071638,0.343511,0.036511,0.0,0.014695,0.0,0.000303,0.10687,0.0,0.002083,0.0,0.0,0.0,0.023164,0.0,0.0,0.0,0.0,0.0,0.0,0.005142,0.0,0.0,0.0,0.0,0.0,0.0,0.0,0.0,0.0,0.0,0.0,0.0,0.0,0.0,0.0,0.0
zzy-222@662-96s-nt9_0_13624,0.40665,0.130383,0.213899,0.157578,0.0,0.0,0.0,0.01022,0.0,0.0,0.0,0.000125,0.0,0.0,0.08051,0.0,0.0,0.0,0.0,0.0,0.000237,0.0,0.0,0.0,0.0,0.0,0.0,0.0,0.0,0.0,0.0,0.0,0.0,0.0,0.0,0.0,0.0,0.0
zzy-222@662-96s-nt9_180_13624,0.414414,0.069302,0.330583,0.016157,0.0,0.0,0.002769,0.004568,0.0,0.008677,0.126418,0.0,0.0,0.0,4.9e-05,0.0,0.0,0.0,0.0,0.0,0.0,0.0,0.0,0.0,0.0,0.0,0.0,0.0,0.0,0.0,0.0,0.0,0.0,0.0,0.0,0.0,0.0,0.0
zzy-222@662-96s-nt9_270_13624,0.463706,0.074194,0.330415,0.081833,5e-06,0.0,0.0,0.0,0.004768,0.000889,0.028706,0.000203,0.0,0.0,0.0,0.0,0.0,0.0,0.0,0.0,0.0,0.0,0.0,0.0,0.0,0.0,0.0,0.0,0.0,0.0,0.0,0.0,0.0,0.0,0.0,0.0,0.0,0.0
zzy-222@662-96s-nt9_90_13624,0.408816,0.09134,0.114944,0.225066,0.0,0.0,0.0,0.020801,0.002083,0.000288,0.0,0.0,0.0,0.000964,0.0,0.0,0.0,0.0,0.0,0.0,0.0,0.0,0.0,0.0,0.0,0.0,0.0,0.0,0.0,0.0,0.0,0.0,0.0,0.0,0.0,0.0,0.0,0.0
zzy-222@662-9m6-sqz_0_K0E 1L0,0.234661,0.282092,0.411394,0.063994,0.0,0.000691,0.0,0.003169,0.002979,0.0,0.0,0.000986,0.0,3.4e-05,0.0,0.0,0.0,0.0,0.0,0.0,0.0,0.0,0.0,0.0,0.0,0.0,0.0,0.0,0.0,0.0,0.0,0.0,0.0,0.0,0.0,0.0,0.0,0.0
zzy-222@662-9m6-sqz_180_K0E 1L0,0.0,0.793186,0.000222,0.0,0.0,0.185894,0.0,0.020698,0.0,0.0,0.0,0.0,0.0,0.0,0.0,0.0,0.0,0.0,0.0,0.0,0.0,0.0,0.0,0.0,0.0,0.0,0.0,0.0,0.0,0.0,0.0,0.0,0.0,0.0,0.0,0.0,0.0,0.0
zzy-222@662-9m6-sqz_270_K0E 1L0,0.253909,0.339985,0.378418,0.018403,0.0,0.002031,0.0,0.007222,0.0,0.0,0.0,3.2e-05,0.0,0.0,0.0,0.0,0.0,0.0,0.0,0.0,0.0,0.0,0.0,0.0,0.0,0.0,0.0,0.0,0.0,0.0,0.0,0.0,0.0,0.0,0.0,0.0,0.0,0.0
zzy-222@662-9m6-sqz_90_K0E 1L0,0.265625,0.296309,0.365186,0.068296,0.0,0.0,0.0,0.003711,0.0002,0.0,0.000662,1.2e-05,0.0,0.0,0.0,0.0,0.0,0.0,0.0,0.0,0.0,0.0,0.0,0.0,0.0,0.0,0.0,0.0,0.0,0.0,0.0,0.0,0.0,0.0,0.0,0.0,0.0,0.0
zzy-222@662-9nh-y9z_0_K7G 2M5,0.308435,0.133696,0.213298,0.000195,0.0,0.0,0.00946,0.000432,0.056367,0.040649,0.152007,0.0,0.0,0.000215,0.006719,0.0,0.0,0.0,0.0,0.0,0.0,0.0,0.0,0.0,0.0,0.0,0.0,0.0,0.0,0.0,0.0,0.0,0.0,0.0,0.0,0.0,0.0,0.0
zzy-222@662-9nh-y9z_180_K7G 2M5,0.432373,0.053674,0.222625,0.000811,0.0,0.001797,0.0,0.0,0.052102,0.000569,0.231689,0.0,0.0,9.3e-05,0.000359,0.0,0.0,0.0,0.0,0.0,0.0,0.0,0.0,0.0,0.0,0.0,0.0,0.0,0.0,0.0,0.0,0.0,0.0,0.0,0.0,0.0,0.0,0.0
zzy-222@662-9nh-y9z_270_K7G 2M5,0.36373,0.09969,0.380115,0.008638,0.0,0.0,0.0,0.0,0.047988,0.00093,0.098242,0.0,0.0,0.0,0.000667,0.0,0.0,0.0,0.0,0.0,0.0,0.0,0.0,0.0,0.0,0.0,0.0,0.0,0.0,0.0,0.0,0.0,0.0,0.0,0.0,0.0,0.0,0.0
zzy-222@662-9nh-y9z_90_K7G 2M5,0.324421,0.161584,0.393289,0.000325,5.6e-05,0.0,0.0,0.000942,0.007644,0.026992,0.07667,0.0,0.0,0.000142,0.002996,0.0,0.0,0.0,0.0,0.0,0.0,0.0,0.0,0.0,0.0,0.0,0.0,0.0,0.0,0.0,0.0,0.0,0.0,0.0,0.0,0.0,0.0,0.0
zzy-222@662-9p7-v4v_0_13607,0.259683,0.013948,0.176953,0.0,0.000986,0.0,0.0,0.0,0.363708,0.0,0.154109,0.000288,0.002085,0.000786,0.016143,0.0,0.0,0.0,0.0,0.0,0.0,0.0,0.0,0.0,0.0,0.0,0.0,0.0,0.0,0.0,0.0,0.0,0.0,0.0,0.0,0.0,0.0,0.0
zzy-222@662-9p7-v4v_180_13607,0.33106,0.097996,0.385469,0.068806,0.0,0.0,0.000337,0.0,0.03665,0.005657,8.8e-05,0.0,0.0,0.000288,0.027717,0.0,0.0,0.0,0.0,0.0,0.0,0.0,0.000122,0.0,0.0,0.0,0.001528,0.0,0.0,0.0,0.0,0.0,0.0,0.0,0.0,0.0,0.0,0.0
zzy-222@662-9p7-v4v_270_13607,0.391909,0.033765,0.279678,0.019045,0.0,0.0,0.000332,2.7e-05,0.157495,0.0,0.116404,0.0,0.0,0.0,0.001067,0.0,0.0,0.0,0.0,0.0,0.0,0.0,0.0,0.0,0.0,0.0,4.6e-05,0.0,0.0,0.0,0.0,0.0,0.0,0.0,0.0,0.0,0.0,0.0
zzy-222@662-9p7-v4v_90_13607,0.161455,0.008958,0.271985,0.002434,0.0,0.0,0.0,0.0,0.401987,0.004521,0.088723,0.001763,0.0,0.000554,0.056311,0.0,0.0,0.0,0.0,0.0,0.0,0.0,0.0,0.0,0.0,0.0,0.0,0.0,0.0,0.0,0.0,0.0,0.0,0.0,0.0,0.0,0.0,0.0
zzy-222@665-69d-3wk_0_K0M,0.265623,0.193472,0.366108,0.017141,0.0,0.003174,0.059971,0.000796,0.048911,0.009514,0.000178,0.0,0.0,0.000312,0.008879,0.0,0.0,0.0,0.0,0.0,0.0,0.0,0.0,0.0,0.0,0.0,0.0,0.0,0.0,0.0,0.0,0.0,0.0,0.0,0.0,0.0,0.0,0.0
zzy-222@665-69d-3wk_180_K0M,0.427866,0.069221,0.251582,0.021699,0.0,0.140693,0.0,0.0,0.020054,0.001816,0.002124,0.0,0.0,0.0,0.0,0.0,0.064834,0.0,0.0,0.0,0.0,0.0,0.0,0.0,0.0,0.0,0.0,0.0,0.0,0.0,0.0,0.0,0.0,0.0,0.0,0.0,0.0,0.0
zzy-222@665-69d-3wk_270_K0M,0.288628,0.241775,0.324258,0.042056,0.0,0.00238,0.024902,0.0,0.006448,0.016365,0.007532,0.0,0.0,5.6e-05,0.022249,0.0,0.0,0.0,0.0,0.0,0.0,0.0,0.0,0.0,0.0,0.0,0.0,0.0,0.0,0.0,0.0,0.0,0.0,0.0,0.0,0.0,0.0,0.0
zzy-222@665-69d-3wk_90_K0M,0.11927,0.473347,0.001323,0.051931,0.0,0.290305,0.0,0.000249,0.004258,0.0,0.000159,0.0,0.0,0.0,0.004661,0.0,0.043088,1.2e-05,0.0,0.0,0.0,0.0,0.0,0.0,0.0,0.0,0.0,0.0,0.0,0.0,0.0,0.0,0.0,0.0,0.0,0.0,0.0,0.0
zzy-222@665-939-j35_0_14414,0.213528,0.328162,0.0,0.220063,0.0,0.013306,0.0,0.0,0.004028,0.000513,0.0,0.0,0.0,0.0,0.0,0.0,0.0,0.0,0.0,0.0,0.0,0.0,0.0,0.0,0.0,0.0,0.0,0.0,0.0,0.0,0.0,0.0,0.0,0.0,0.0,0.0,0.0,0.0
zzy-222@665-939-j35_180_14414,0.084121,0.644954,0.0,0.270352,0.0,0.0,0.0,0.0,0.0,0.000574,0.0,0.0,0.0,0.0,0.0,0.0,0.0,0.0,0.0,0.0,0.0,0.0,0.0,0.0,0.0,0.0,0.0,0.0,0.0,0.0,0.0,0.0,0.0,0.0,0.0,0.0,0.0,0.0
zzy-222@665-939-j35_270_14414,0.129692,0.45262,0.285371,0.132317,0.0,0.0,0.0,0.0,0.0,0.0,0.0,0.0,0.0,0.0,0.0,0.0,0.0,0.0,0.0,0.0,0.0,0.0,0.0,0.0,0.0,0.0,0.0,0.0,0.0,0.0,0.0,0.0,0.0,0.0,0.0,0.0,0.0,0.0
zzy-222@665-939-j35_90_14414,0.12269,0.406746,0.290647,0.148831,0.0,0.0,0.0,0.0,0.000312,2e-05,0.0,0.0,0.0,0.0,0.0,0.0,0.0,0.0,0.0,0.0,0.0,0.0,0.0,0.0,0.0,0.0,0.0,0.0,0.0,0.0,0.0,0.0,0.0,0.0,0.0,0.0,0.0,0.0
zzy-222@665-9h8-g6k_0_14615,0.16489,0.369253,0.222051,0.113745,0.0,0.0,0.0,0.006589,0.005925,0.0,0.001052,0.002512,0.0,0.0,0.0,0.0,0.0,0.0,0.0,0.0,0.0,0.0,0.0,0.0,0.0,0.0,0.0,0.0,0.0,0.0,0.0,0.0,0.0,0.0,0.0,0.0,0.0,0.0
zzy-222@665-9h8-g6k_180_14615,0.254995,0.264719,0.298948,0.097563,0.0,0.0,0.0,0.002244,0.020874,0.006946,0.002336,4.9e-05,0.0,0.0,0.051067,0.0,0.0,0.0,0.0,0.0,0.0,0.0,0.0,0.0,0.0,0.0,0.0,0.0,0.0,0.0,0.0,0.0,0.0,0.0,0.0,0.0,0.0,0.0
zzy-222@665-9h8-g6k_270_14615,0.302571,0.219873,0.367888,0.068179,0.0,0.0,0.0,0.008743,0.003755,0.0,0.002273,0.0,0.0,0.002795,0.014333,4.6e-05,0.0,0.0,0.0,0.0,0.0,0.0,0.0,0.0,0.0,0.0,0.0,0.0,0.0,0.0,0.0,0.0,0.0,0.0,0.0,0.0,0.0,0.0
zzy-222@665-9h8-g6k_90_14615,0.297893,0.219568,0.367949,0.100012,0.0,0.0,0.0,0.00031,0.011418,0.0,0.001038,0.000635,0.0,0.000295,3.9e-05,0.0,0.0,0.0,0.0,0.0,0.0,0.0,0.0,0.0,0.0,0.0,0.0,0.0,0.0,0.0,0.0,0.0,0.0,0.0,0.0,0.0,0.0,0.0
zzy-222@665-shf-87q_0_L2M 2P3,0.39729,0.069949,0.369055,0.055608,0.0,0.0,0.0,0.001311,0.065122,0.01261,3.9e-05,0.0,0.001831,0.0,0.027046,0.0,0.0,0.0,0.0,0.0,0.0,0.0,0.0,0.0,0.0,0.0,0.0,0.0,0.0,0.0,0.0,0.0,0.0,0.0,0.0,0.0,0.0,0.0
zzy-222@665-shf-87q_180_L2M 2P3,0.386421,0.007783,0.130469,0.21167,0.0,0.0,0.002109,0.0,0.162639,0.0,0.0,0.0,0.0,0.0,0.088938,0.0,0.0,0.0,0.0,0.0,0.0,0.0,0.0,0.0,0.0,0.0,0.0,0.0,0.0,0.0,0.0,0.0,0.0,0.0,0.0,0.0,0.0,0.0
zzy-222@665-shf-87q_270_L2M 2P3,0.432407,0.051433,0.414265,0.041335,0.0,0.0,0.0,0.0,0.031335,0.001826,0.019595,0.0,0.0,0.000752,0.006855,0.0,0.0,0.0,0.0,0.0,0.0,0.0,0.0,0.0,0.0,0.0,0.0,0.0,0.0,0.0,0.0,0.0,0.0,0.0,0.0,0.0,0.0,0.0
zzy-222@665-shf-87q_90_L2M 2P3,0.416941,0.032205,0.31125,0.125264,0.0,0.0,0.001216,0.0,0.077383,5.6e-05,0.002134,0.000442,0.0,0.00491,0.010786,0.0,0.0,0.0,0.0,0.0,0.0,0.0,0.0,0.0,0.0,0.0,0.0,0.0,0.0,0.0,0.0,0.0,0.0,0.0,0.0,0.0,0.0,0.0
zzy-222@665-tsd-mkz_0_14305,0.482454,0.089065,0.293677,0.0,0.0,0.038215,0.008242,0.045576,0.001934,0.0,0.0,0.0,0.0,0.0,0.0,0.0,0.0,0.0,0.0,0.0,0.001123,0.022852,0.0,0.0,0.0,0.0,0.0,0.0,0.0,0.0,0.0,0.0,0.0,0.0,0.0,0.0,0.0,0.0
zzy-222@665-tsd-mkz_180_14305,0.430525,0.040381,0.299026,0.0,0.0,0.071509,0.000415,0.044214,0.090864,0.0,0.0,0.0,0.0,0.0,0.0,0.0,0.0,0.0,0.0,0.0,0.0,0.022583,0.0,0.0,0.0,0.0,0.0,0.0,0.0,0.0,0.0,0.0,0.0,0.0,0.0,0.0,0.0,0.0
zzy-222@665-tsd-mkz_270_14305,0.492539,0.060811,0.218064,0.0,0.0,0.007075,0.023755,0.036262,0.007874,0.0,0.0,0.000422,0.0,2.9e-05,0.012737,0.0,0.0,0.0,0.0,0.0,0.0,0.065952,0.0,0.0,0.0,0.0,0.0,0.0,0.0,0.0,0.0,0.0,0.0,0.0,0.0,0.0,0.0,0.0
zzy-222@665-tsd-mkz_90_14305,0.346165,0.128301,0.076113,0.012524,0.0,0.02061,4.4e-05,0.0,0.201182,0.0,0.0,0.0,0.0,0.0,0.038955,0.0,0.0,0.0,0.0,0.0,0.0,0.175815,0.0,0.0,0.0,0.0,0.0,0.0,0.0,0.0,0.0,0.0,0.0,0.0,0.0,0.0,0.0,0.0
zzy-222@665-ttm-99f_0_L0S 1J0,0.29083,0.090662,0.326418,0.0,0.0,0.0,0.000247,0.0,0.151619,0.011455,0.001377,0.0,0.0,0.000137,0.118157,0.0,0.0,0.0,0.0,0.0,0.0,0.0,0.0,0.0,0.0,0.0,0.0,0.0,0.0,0.0,0.0,0.0,0.0,0.0,0.0,0.0,0.0,0.0
zzy-222@665-ttm-99f_180_L0S 1J0,0.315837,0.208242,0.403228,0.053281,0.0,0.0,0.0,0.0,8.3e-05,0.005706,0.013088,0.0,0.0,0.0,0.000425,0.0,0.0,0.00011,0.0,0.0,0.0,0.0,0.0,0.0,0.0,0.0,0.0,0.0,0.0,0.0,0.0,0.0,0.0,0.0,0.0,0.0,0.0,0.0
zzy-222@665-ttm-99f_270_L0S 1J0,0.301687,0.243582,0.358933,0.085522,0.003184,0.000618,0.0,0.0,2e-06,0.0,0.0,0.0,0.0,0.0,0.006204,0.0,0.0,0.000269,0.0,0.0,0.0,0.0,0.0,0.0,0.0,0.0,0.0,0.0,0.0,0.0,0.0,0.0,0.0,0.0,0.0,0.0,0.0,0.0
zzy-222@665-ttm-99f_90_L0S 1J0,0.192937,0.066606,0.294265,3.2e-05,0.0,0.0,0.004817,0.000161,0.267876,0.033296,0.0,7e-06,0.0,0.001106,0.126414,0.0,0.0,0.0,0.0,0.0,0.0,0.0,0.0,0.0,0.0,0.0,0.0,0.0,0.0,0.0,0.0,0.0,0.0,0.0,0.0,0.0,0.0,0.0
zzy-222@665-tty-kj9_0_L2E 6X8,0.411892,0.150703,0.263977,0.002632,0.0,0.002703,0.028301,0.0,0.007202,0.116633,0.0,0.0,0.0,0.000315,0.015642,0.0,0.0,0.0,0.0,0.0,0.0,0.0,0.0,0.0,0.0,0.0,0.0,0.0,0.0,0.0,0.0,0.0,0.0,0.0,0.0,0.0,0.0,0.0
zzy-222@665-tty-kj9_180_L2E 6X8,0.440557,0.071929,0.203301,0.002166,0.0,0.140217,0.0,0.0,0.0,0.0,0.008909,0.0,0.0,0.0,0.0,0.0,0.0,0.0,0.0,0.0,0.0,0.0,0.0,0.0,0.0,0.0,0.0,0.0,0.0,0.0,0.0,0.0,0.0,0.0,0.0,0.0,0.0,0.0
zzy-222@665-tty-kj9_270_L2E 6X8,0.438928,0.076741,0.08448,0.0,0.0,0.399058,0.0,0.0,0.000608,0.0,0.000186,0.0,0.0,0.0,0.0,0.0,0.0,0.0,0.0,0.0,0.0,0.0,0.0,0.0,0.0,0.0,0.0,0.0,0.0,0.0,0.0,0.0,0.0,0.0,0.0,0.0,0.0,0.0
zzy-222@665-tty-kj9_90_L2E 6X8,0.326726,0.232844,0.305447,0.0,0.0,0.040955,0.0,0.031306,0.000435,0.058616,0.000293,0.0,0.0,2e-06,0.003376,0.0,0.0,0.0,0.0,0.0,0.0,0.0,0.0,0.0,0.0,0.0,0.0,0.0,0.0,0.0,0.0,0.0,0.0,0.0,0.0,0.0,0.0,0.0
zzy-222@665-vns-8gk_0_L9K 1J6,0.400349,0.131829,0.320974,0.133921,0.0,0.000173,0.0,0.0,0.0,0.0,0.010874,0.0,0.0,2.4e-05,0.0,0.0,0.0,0.001001,0.0,0.0,0.0,0.0,0.0,0.0,0.0,0.0,0.0,0.0,0.0,0.0,0.0,0.0,0.0,0.0,0.0,0.0,0.0,0.0
zzy-222@665-vns-8gk_180_L9K 1J6,0.424058,0.06884,0.277512,0.146113,0.0,0.0,0.0,0.0,0.0,0.0,0.0,0.0,0.0,0.000227,0.0,0.0,0.0,0.0,0.0,0.0,0.0,0.0,0.0,0.0,0.0,0.0,0.0,0.0,0.0,0.0,0.0,0.0,0.0,0.0,0.0,0.0,0.0,0.0
zzy-222@665-vns-8gk_270_L9K 1J6,0.331272,0.161023,0.300554,0.099304,0.000203,0.057205,0.0026,0.013552,0.020525,0.004919,0.002085,0.0,0.0,0.0,0.0,0.0,0.0,0.0,0.0,0.0,0.0,0.0,0.0,0.0,0.0,0.0,0.0,0.0,0.0,0.0,0.0,0.0,0.0,0.0,0.0,0.0,0.0,0.0
zzy-222@665-vns-8gk_90_L9K 1J6,0.462419,0.047637,0.0,0.280762,0.0,0.004126,0.0,0.0,2.7e-05,0.0,0.0,0.0,0.0,0.0,0.0,0.0,0.0,0.0,0.0,0.0,0.0,0.0,0.0,0.0,0.0,0.0,0.0,0.0,0.0,0.0,0.0,0.0,0.0,0.0,0.0,0.0,0.0,0.0
zzy-222@665-wjp-2hq_0_N3W 2G9,0.452432,0.047083,0.403699,0.05,0.0,0.0,0.0,0.0,0.019531,0.0,0.019292,0.0,0.0,0.000891,0.0,0.0,0.0,0.0,0.007073,0.0,0.0,0.0,0.0,0.0,0.0,0.0,0.0,0.0,0.0,0.0,0.0,0.0,0.0,0.0,0.0,0.0,0.0,0.0
zzy-222@665-wjp-2hq_180_N3W 2G9,0.480544,0.030745,0.443589,0.043101,0.0,5.4e-05,0.0,2e-06,0.000449,0.0,0.00114,0.0,0.0,0.0,0.0,0.0,0.0,0.0,0.0,0.0,0.0,0.0,0.0,0.0,0.0,0.0,0.0,0.0,0.0,0.0,0.0,0.0,0.0,0.0,0.0,0.0,0.0,0.0
zzy-222@665-wjp-2hq_270_N3W 2G9,0.414626,0.079377,0.370544,0.086189,0.0,0.0,0.0,0.0,0.022761,0.0,0.023604,0.0,0.0,4.9e-05,0.00146,0.0,0.0,0.0,0.0,0.0,0.0,0.0,0.0,0.0,0.0,0.0,0.0,0.0,0.0,0.0,0.0,0.0,0.0,0.0,0.0,0.0,0.0,0.0
zzy-222@665-wjp-2hq_90_N3W 2G9,0.461602,0.068745,0.423567,0.041829,0.0,0.0,0.0,0.0,0.000964,0.0,0.003269,0.0,0.0,0.0,0.0,0.0,0.0,0.0,0.0,0.0,0.0,0.0,0.0,0.0,0.0,0.0,0.0,0.0,0.0,0.0,0.0,0.0,0.0,0.0,0.0,0.0,0.0,0.0
zzy-222@665-ygq-gc5_0_L0S 1J0,0.398733,0.102761,0.331938,0.097495,0.0,0.000264,0.0,0.0,0.023115,0.00144,0.020806,0.000588,0.000417,0.000439,0.002991,0.0,0.0,0.0,0.0,0.0,0.0,0.0,0.0,0.0,0.000271,0.0,0.0,0.0,0.0,0.0,0.0,0.0,0.0,0.0,0.0,0.0,0.0,0.0
zzy-222@665-ygq-gc5_180_L0S 1J0,0.277825,0.236382,0.426257,0.029148,0.0,0.0,0.0,7e-06,0.0023,0.0024,0.020701,0.000112,0.0,9.5e-05,0.001047,0.0,0.0,0.0,0.0,0.0,0.0,0.003726,0.0,0.0,0.0,0.0,0.0,0.0,0.0,0.0,0.0,0.0,0.0,0.0,0.0,0.0,0.0,0.0
zzy-222@665-ygq-gc5_270_L0S 1J0,0.137104,0.416685,0.196465,0.165518,0.0,0.002969,0.0,0.0,0.000288,0.004678,0.00688,0.005396,0.0,0.0,0.036089,0.0,0.0,0.0,0.0,0.0,0.0,0.0,0.0,0.0,0.0,0.0,0.0,0.0,0.0,0.0,0.0,0.0,0.0,0.0,0.0,0.0,0.0,0.0
zzy-222@665-ygq-gc5_90_L0S 1J0,0.414512,0.063882,0.345049,0.030557,0.0,0.0,0.0,0.0,0.046277,0.014861,0.062617,0.000798,0.0,0.000571,0.020342,0.0005,0.0,0.0,2e-06,0.0,0.0,0.0,0.0,0.0,0.0,0.0,0.0,0.0,0.0,0.0,0.0,0.0,0.0,0.0,0.0,0.0,0.0,0.0
zzy-222@666-4gm-33q_0_K0L 1A0,0.29667,0.175649,0.397866,0.027158,0.0,0.001089,0.100911,0.0,0.0,0.000105,0.000537,1.5e-05,0.0,0.0,0.0,0.0,0.0,0.0,0.0,0.0,0.0,0.0,0.0,0.0,0.0,0.0,0.0,0.0,0.0,0.0,0.0,0.0,0.0,0.0,0.0,0.0,0.0,0.0
zzy-222@666-4gm-33q_180_K0L 1A0,0.355957,0.161328,0.372837,0.055386,0.0,0.002161,0.005396,0.0,0.003657,0.000828,0.000598,0.000999,0.0,0.0,0.0,0.0,0.0,0.006838,0.0,0.0,0.0,0.0,0.0,0.0,0.0,0.0,0.0,0.0,0.0,0.0,0.0,0.0,0.0,0.0,0.0,0.0,0.0,0.0
zzy-222@666-4gm-33q_270_K0L 1A0,0.126667,0.273728,0.333667,0.042976,0.0,0.0,0.002969,0.0,0.001025,0.0,0.0,0.0,0.0,0.000403,0.0,0.0,0.0,0.002466,0.0,0.0,0.0,0.0,0.0,0.0,0.0,0.0,0.0,0.0,0.0,0.0,0.0,0.0,0.0,0.0,0.0,0.0,0.0,0.0
zzy-222@666-4gm-33q_90_K0L 1A0,0.076648,0.41842,0.0,0.058586,0.0,0.018906,0.066265,0.0,0.0,0.044736,0.0,0.0,0.0,0.0,0.0,0.0,0.000237,0.002358,0.0,0.0,0.0,0.0,0.0,0.0,0.0,0.0,0.0,0.0,0.0,0.0,0.0,0.0,0.0,0.0,0.0,0.0,0.0,0.0
zzy-222@666-qt5-bkz_0_L9M 1S1,0.320354,0.206616,0.421587,0.02488,0.0,5.4e-05,0.0,0.0,0.010076,0.000105,0.012363,0.002114,0.0,0.0,0.0,0.0,0.0,0.0,0.0,0.0,0.0,0.0,0.0,0.0,0.0,0.0,0.0,0.0,0.0,0.0,0.0,0.0,0.0,0.0,0.0,0.0,0.0,0.0
zzy-222@666-qt5-bkz_180_L9M 1S1,0.419727,0.107224,0.418286,0.013533,0.0,0.000515,0.0,0.0,0.009468,0.001196,0.017966,0.0,0.0,0.0,0.0,0.0,0.0,0.00064,0.0,0.0,0.007771,0.0,0.0,0.0,0.0,0.0,0.0,0.0,0.0,0.0,0.0,0.0,0.0,0.0,0.0,0.0,0.0,0.0
zzy-222@666-qt5-bkz_270_L9M 1S1,0.122588,0.484773,0.349011,0.043628,0.0,0.0,0.0,0.0,0.0,0.0,0.0,0.0,0.0,0.0,0.0,0.0,0.0,0.0,0.0,0.0,0.0,0.0,0.0,0.0,0.0,0.0,0.0,0.0,0.0,0.0,0.0,0.0,0.0,0.0,0.0,0.0,0.0,0.0
zzy-222@666-qt5-bkz_90_L9M 1S1,0.418032,0.091848,0.297578,0.021123,0.0,0.051536,0.0,0.005229,0.036453,0.000745,0.057461,0.000254,0.0,3.4e-05,0.017097,0.000344,0.0,0.0,0.0,0.0,0.000608,0.000354,0.0,0.0,0.0,0.0,0.0,0.0,0.0,0.0,0.0,0.0,0.0,0.0,0.0,0.0,0.0,0.0
zzy-222@669-s6m-pgk_0_03576,0.172583,0.379866,0.133225,0.092275,0.0,0.002581,0.0,0.0,0.000188,0.0,0.000754,0.0,0.0,0.0,0.0,0.0,0.0,2.4e-05,0.0,0.0,0.0,0.0,0.0,0.0,0.0,0.0,0.0,0.0,0.0,0.0,0.0,0.0,0.0,0.0,0.0,0.0,0.0,0.0
zzy-222@669-s6m-pgk_180_03576,0.21876,0.304968,0.356343,0.08918,0.0,0.0,0.0,0.0,0.0,0.03075,0.0,0.0,0.0,0.0,0.0,0.0,0.0,0.0,0.0,0.0,0.0,0.0,0.0,0.0,0.0,0.0,0.0,0.0,0.0,0.0,0.0,0.0,0.0,0.0,0.0,0.0,0.0,0.0
zzy-222@669-s6m-pgk_270_03576,0.154395,0.416367,0.296985,0.131069,0.0,0.0,0.0,0.0,0.0,0.0,0.0,0.0,0.0,0.0,0.0,0.0,0.0,0.0,0.0,0.0,0.0,0.0,0.0,0.0,0.0,0.0,0.0,0.0,0.0,0.0,0.0,0.0,0.0,0.0,0.0,0.0,0.0,0.0
zzy-222@669-s6m-pgk_90_03576,0.120088,0.433999,0.080967,0.051238,0.0,0.002117,0.0,0.0,0.0,0.0,0.0,0.0,0.0,0.0,0.0,0.0,0.0,0.0,0.0,0.0,0.0,0.0,0.0,0.0,0.0,0.0,0.0,0.0,0.0,0.0,0.0,0.0,0.0,0.0,0.0,0.0,0.0,0.0
zzy-222@669-sqy-85f_0_03583,0.372058,0.11438,0.001733,0.442573,0.000598,0.0,0.0,0.000723,0.002,0.008032,0.002041,6.6e-05,0.0,0.0,0.000339,0.0,7.6e-05,0.0,0.0,0.0,0.0,0.0,0.0,0.0,0.0,0.0,0.0,0.0,0.0,0.0,0.0,0.0,0.0,0.0,0.0,0.0,0.0,0.0
zzy-222@669-sqy-85f_180_03583,0.384158,0.139768,0.385137,0.070688,0.0,0.004055,0.0,0.0,0.011199,0.00447,0.000525,0.0,0.0,0.0,0.0,0.0,0.0,0.0,0.0,0.0,0.0,0.0,0.0,0.0,0.0,0.0,0.0,0.0,0.0,0.0,0.0,0.0,0.0,0.0,0.0,0.0,0.0,0.0
zzy-222@669-sqy-85f_270_03583,0.451509,0.058237,0.381455,0.086057,0.0,0.0,0.0,0.0,0.007078,0.0,0.0096,0.001062,0.0,0.000164,0.0,0.0,0.0,0.000583,0.002856,0.0,0.0,0.0,0.0,0.0,0.0,0.0,0.0,0.0,0.0,0.0,0.0,0.0,0.0,0.0,0.0,0.0,0.0,0.0
zzy-222@669-sqy-85f_90_03583,0.389812,0.131741,0.361099,0.079966,0.0,0.0,0.0,0.0,0.001919,0.0,4.4e-05,0.0,0.0,0.000186,0.0,0.0,4.4e-05,2.9e-05,0.0,0.0,2e-06,0.0,0.0,0.0,0.0,0.0,0.0,0.0,0.0,0.0,0.0,0.0,0.0,0.0,0.0,0.0,0.0,0.0
zzy-222@669-w39-r49_0_04352,0.21166,0.272092,0.344678,0.112505,0.0,0.054534,0.0,0.0,0.003472,0.0,0.0,0.0,0.0,0.000198,0.0,0.0,0.0,0.0,0.0,0.0,0.0,0.0,0.0,0.0,0.0,0.0,0.0,0.0,0.0,0.0,0.0,0.0,0.0,0.0,0.0,0.0,0.0,0.0
zzy-222@669-w39-r49_180_04352,0.323315,0.196384,0.259709,0.155874,0.0,0.011423,0.0,0.0,0.004331,0.014653,0.003232,0.0,0.0,0.0,0.0,0.0,0.0,0.0,0.0,0.0,0.0,0.0,0.0,0.0,0.0,0.0,0.0,0.0,0.0,0.0,0.0,0.0,0.0,0.0,0.0,0.0,0.0,0.0
zzy-222@669-w39-r49_270_04352,0.333855,0.254705,0.0,0.400283,0.0,2.7e-05,0.0,0.0,3.7e-05,0.009602,0.0,0.0,0.0,0.0,0.0,0.0,0.0,0.0,0.0,0.0,0.0,0.0,0.0,0.0,0.0,0.0,0.0,0.0,0.0,0.0,0.0,0.0,0.0,0.0,0.0,0.0,0.0,0.0
zzy-222@669-w39-r49_90_04352,0.08303,0.373296,0.27644,0.235,0.0,0.0,0.000225,0.000176,0.018875,2e-06,0.0,0.001621,0.0,0.0,0.0,0.0,0.0,0.0,0.0,0.0,0.0,0.0,0.0,0.0,0.0,0.0,0.0,0.0,0.0,0.0,0.0,0.0,0.0,0.0,0.0,0.0,0.0,0.0
zzy-222@669-wfk-rx5_0_04964,0.144971,0.436243,0.238059,0.099221,0.0,0.010178,0.0,0.0,0.004053,0.054517,0.0,0.0,0.0,0.0,0.0,0.0,0.0,0.0,0.0,0.0,0.0,0.0,0.0,0.0,0.0,0.0,0.0,0.0,0.0,0.0,0.0,0.0,0.0,0.0,0.0,0.0,0.0,0.0
zzy-222@669-wfk-rx5_180_04964,0.362793,0.097991,0.299133,0.013831,0.002131,0.0,0.002856,0.0,0.068167,0.000671,0.142566,0.0,0.0,0.00043,0.003643,0.0,0.0,0.0,0.003694,0.0,0.0,0.0,0.0,2.9e-05,0.0,0.0,0.0,0.0,0.0,0.0,0.0,0.0,0.0,0.0,0.0,0.0,0.0,0.0
zzy-222@669-wfk-rx5_270_04964,0.233005,0.239827,0.381648,0.099385,0.0,0.0,0.0,0.0,0.0,0.006597,0.004875,0.0,0.0,0.000288,0.0,0.0,0.0,0.0,0.0,0.0,0.0,0.0,0.0,0.0,0.0,0.0,0.0,0.0,0.0,0.0,0.0,0.0,0.0,0.0,0.0,0.0,0.0,0.0
zzy-222@669-wfk-rx5_90_04964,0.374873,0.123582,0.358247,0.04811,0.0,0.001592,0.0,0.001941,0.027747,0.001841,0.039548,0.009556,0.0,0.000645,0.000203,0.0,0.0,0.0,0.0,0.0,0.0,0.0,0.0,0.0,0.0,0.0,0.0,0.0,0.0,0.0,0.0,0.0,0.0,0.0,0.0,0.0,0.0,0.0
zzy-222@66b-2g5-qj9_0_H2Y 1S5,0.410337,0.014045,0.151094,6.3e-05,2.4e-05,0.0,0.000471,0.000112,0.064595,0.023748,0.018201,0.000203,0.0,0.001924,0.293584,0.0,0.0,0.0,0.0,0.0,0.0,0.017017,0.0,0.0,0.0,0.0,0.0,0.000803,0.0,0.0,0.0,0.0,0.0,0.0,0.0,0.0,0.0,0.0
zzy-222@66b-2g5-qj9_180_H2Y 1S5,0.465007,0.023943,0.023481,0.0,3.2e-05,0.019849,0.0,0.01813,0.03926,0.0,0.003125,0.001348,0.0,0.000398,0.202493,0.00083,0.023599,0.0,0.0,0.0,0.0,0.10064,0.0,0.0,0.0,0.0,0.0,0.002629,0.0,0.0,0.0,0.0,0.0,0.0,0.0,0.0,0.0,0.0
zzy-222@66b-2g5-qj9_270_H2Y 1S5,0.358916,0.028103,0.423416,0.007109,0.0,0.0,0.004443,0.004072,0.083564,0.022429,0.014578,0.0,0.0,0.0,2.4e-05,0.0,0.0,0.0,0.0,0.001248,0.0,0.0,0.0,0.002236,0.0,0.0,0.0,0.0,0.0,0.0,0.0,0.0,0.0,0.0,0.0,0.0,0.0,0.0
zzy-222@66b-2g5-qj9_90_H2Y 1S5,0.470259,0.039612,0.0,0.0,0.00073,0.105667,0.0,0.049119,0.024275,0.000144,0.0,0.0,0.0,0.0,0.001423,0.0,0.116018,0.0,0.0,0.0,0.0,0.117002,0.0,0.0,0.0,0.0,0.0,0.004082,0.0,0.0,0.0,0.0,0.0,0.0,0.0,0.0,0.0,0.0
zzy-222@66b-2g6-kpv_0_H3E 1Y1,0.173523,0.046599,0.325933,0.002576,0.0,0.0,0.0,0.000613,0.263625,0.029539,0.005789,0.0,0.0,1e-05,0.108691,0.0,0.0,0.0,0.0,0.000117,0.0,0.004067,0.0,0.0,0.0,0.0,0.0,0.0,0.0,0.0,0.0,0.0,0.038918,0.0,0.0,0.0,0.0,0.0
zzy-222@66b-2g6-kpv_180_H3E 1Y1,0.281348,0.031218,0.348662,0.012971,0.000583,0.009551,2e-06,0.001191,0.210237,0.024858,0.002993,0.00364,0.0,0.00043,0.063152,0.0,0.0,0.0,0.005837,0.0,0.0,0.0,0.0,0.0,0.0,0.0,0.0,0.0,0.0,0.0,0.0,0.0,0.0,0.0,0.0,0.0,0.0,0.0
zzy-222@66b-2g6-kpv_270_H3E 1Y1,0.141362,0.027981,0.005298,0.006245,0.0,0.0,0.0,0.0,0.345466,0.07573,0.005308,0.00074,0.003997,0.005916,0.377705,0.0,0.0,0.0,0.0,0.0,0.0,0.0,0.0,0.0,0.0,0.0,0.0,0.0,0.0,0.0,0.0,0.0,0.0,0.0,0.0,0.0,0.0,0.0
zzy-222@66b-2g6-kpv_90_H3E 1Y1,0.159482,0.19489,0.352122,0.0,0.0,0.04457,0.0,0.0,0.202053,0.0,0.0,0.0,0.0,0.0,0.030173,0.0,0.0,0.0,0.0,0.0,0.0,0.0,0.0,0.0,0.0,0.0,0.0,0.0,0.0,0.0,0.0,0.0,0.0,0.0,0.0,0.0,0.0,0.0
zzy-222@66b-3ng-y9z_0_J0S 1R0,0.202737,0.396533,0.0,0.218484,0.000239,0.144736,0.0,0.0,0.0,0.0,0.0,0.0,0.0,0.0,0.0,0.0,0.0,0.0,0.0,0.0,0.0,0.0,0.0,0.0,0.0,0.0,0.0,0.0,0.0,0.0,0.0,0.0,0.0,0.0,0.0,0.0,0.0,0.0
zzy-222@66b-3ng-y9z_180_J0S 1R0,0.34542,0.196672,0.340757,0.092346,0.0,0.0,0.0,4.4e-05,0.000103,0.0,4.6e-05,0.0,0.0,0.0,0.0,0.0,0.0,0.0,0.0,0.0,0.0,0.0,0.0,0.0,0.0,0.0,0.0,0.0,0.0,0.0,0.0,0.0,0.0,0.0,0.0,0.0,0.0,0.0
zzy-222@66b-3ng-y9z_270_J0S 1R0,0.468518,0.038716,0.183662,0.09356,0.0,0.155474,0.0,0.0,0.000601,0.0,0.0,0.0,0.0,0.0,0.0,0.0,0.0,0.0,0.0,0.0,0.0,0.0,0.0,0.0,0.0,0.0,0.0,0.0,0.0,0.0,0.0,0.0,0.0,0.0,0.0,0.0,0.0,0.0
zzy-222@66b-3ng-y9z_90_J0S 1R0,0.329729,0.217041,0.331631,0.121267,0.0,0.0,0.0,1.5e-05,0.0,0.0,0.0,0.0,0.0,0.000317,0.0,0.0,0.0,0.0,0.0,0.0,0.0,0.0,0.0,0.0,0.0,0.0,0.0,0.0,0.0,0.0,0.0,0.0,0.0,0.0,0.0,0.0,0.0,0.0
zzy-222@66b-8j7-hwk_0_05843,0.317419,0.047795,0.37907,0.006428,0.00019,0.002258,0.0,0.0,0.188528,0.009209,0.002307,0.002581,0.0,0.0,0.044214,0.0,0.0,0.0,0.0,0.0,0.0,0.0,0.0,0.0,0.0,0.0,0.0,0.0,0.0,0.0,0.0,0.0,0.0,0.0,0.0,0.0,0.0,0.0
zzy-222@66b-8j7-hwk_180_05843,0.41145,0.10938,0.385767,0.037637,0.0,1.7e-05,0.0,0.001272,0.022178,0.0,0.00468,0.001016,0.0,0.002371,0.024075,0.0,0.0,0.0,0.0,0.0,0.0,0.0,0.0,0.0,0.0,0.0,0.0,0.0,0.0,0.0,0.0,0.0,0.0,0.0,0.0,0.0,0.0,0.0
zzy-222@66b-8j7-hwk_270_05843,0.204072,0.0,0.286248,0.0,0.0,0.0,0.0,0.0,0.424043,0.0,0.006746,0.0,0.0,0.0,0.073794,0.0,0.0,0.0,0.0,0.0,0.0,0.0,0.0,0.0,0.0,0.0,0.0,0.0,0.0,0.0,0.0,0.0,0.0,0.0,0.0,0.0,0.0,0.0
zzy-222@66b-8j7-hwk_90_05843,0.318369,0.047615,0.336831,0.073499,0.0,0.0,0.0,0.0,0.112117,0.043342,0.001194,0.000444,0.0,0.000232,0.045984,0.0,0.0,0.0,0.0,0.0,0.0,0.0,0.0,0.0,0.0,0.0,0.0,0.0,0.0,0.0,0.0,0.0,0.0,0.0,0.0,0.0,0.0,0.0
zzy-222@66b-9cp-9xq_0_05641,0.041929,0.559351,0.114353,0.163279,0.0,0.0,0.0,0.0,0.0,0.121089,0.0,0.0,0.0,0.0,0.0,0.0,0.0,0.0,0.0,0.0,0.0,0.0,0.0,0.0,0.0,0.0,0.0,0.0,0.0,0.0,0.0,0.0,0.0,0.0,0.0,0.0,0.0,0.0
zzy-222@66b-9cp-9xq_180_05641,0.390605,0.160798,0.376772,0.066882,0.0,0.0,0.0,0.0,0.000508,0.0,4.6e-05,0.0,0.0,0.0,0.0,0.0,0.0,0.0,0.0,0.0,0.0,0.0,0.0,0.0,0.0,0.0,0.0,0.0,0.0,0.0,0.0,0.0,0.0,0.0,0.0,0.0,0.0,0.0
zzy-222@66b-9cp-9xq_270_05641,0.341392,0.239333,0.34958,0.061785,0.000903,4.4e-05,0.0,0.0,0.0,0.001511,0.000442,0.0,0.0,7.3e-05,0.003875,0.0,0.0,0.0,0.0,0.0,0.0,0.0,0.0,0.0,0.0,0.0,0.0,0.0,0.0,0.0,0.0,0.0,0.0,0.0,0.0,0.0,0.0,0.0
zzy-222@66b-9cp-9xq_90_05641,0.026489,0.551687,0.101465,0.148315,0.0,0.001975,4.6e-05,0.0,0.000232,0.16979,0.0,0.0,0.0,0.0,0.0,0.0,0.0,0.0,0.0,0.0,0.0,0.0,0.0,0.0,0.0,0.0,0.0,0.0,0.0,0.0,0.0,0.0,0.0,0.0,0.0,0.0,0.0,0.0
zzy-222@66b-ct7-w8v_0_05465,0.27188,0.212129,0.358787,0.073782,0.0,3.2e-05,0.0,0.0,0.07167,0.002986,0.003132,0.0,0.0,0.0,0.000623,0.0,0.0,0.0,0.0,0.0,0.0,0.0,0.0,0.0,0.0,0.0,0.0,0.0,0.0,0.0,0.0,0.0,0.0,0.0,0.0,0.0,0.0,0.0
zzy-222@66b-ct7-w8v_180_05465,0.346768,0.122783,0.186885,0.003008,0.0,0.262854,5.9e-05,0.0,0.007498,0.011238,0.008687,3.7e-05,0.0,2e-06,0.00084,0.000928,0.0,0.0,0.0,0.0,0.0,0.0,0.0,0.0,0.0,0.0,0.0,0.0,0.0,0.0,0.0,0.0,0.0,0.0,0.0,0.0,0.0,0.0
zzy-222@66b-ct7-w8v_270_05465,0.335771,0.150596,0.306208,0.092031,0.0,0.0,0.0,0.001719,0.009846,0.011567,0.0,0.0,0.0,0.0,0.006943,0.0,0.0,0.0,0.0,0.0,0.0,0.000476,0.0,0.0,0.0,0.0,0.0,0.0,0.0,0.0,0.0,0.0,0.0,0.0,0.0,0.0,0.0,0.0
zzy-222@66b-ct7-w8v_90_05465,0.26522,0.218176,0.035391,0.092732,0.0,0.313416,0.000149,0.0,0.003315,0.000544,0.0,0.007388,0.0,0.0,0.0,0.0,0.0,0.0,0.0,0.0,0.0,0.0,0.0,0.0,0.0,0.0,0.0,0.0,0.0,0.0,0.0,0.0,0.0,0.0,0.0,0.0,0.0,0.0
zzy-222@66b-mcx-2kz_0_G1K 4C5,0.351362,0.010752,0.276531,0.014128,0.000127,0.024033,0.005095,0.002759,0.187112,0.016243,0.000164,0.001921,0.0,0.000654,0.039656,0.0,0.0,0.0,0.0,0.0,0.000645,0.0,0.0,0.0,0.0,0.0,0.0,0.0,0.0,0.0,0.0,0.0,0.0,0.0,0.0,0.0,0.0,0.0
zzy-222@66b-mcx-2kz_180_G1K 4C5,0.389072,0.083369,0.291121,6.3e-05,0.0,0.0,1.2e-05,0.017263,0.057756,0.0,0.010142,0.008967,0.0,0.001045,0.139712,0.0,0.0,0.0,0.0,0.0,0.0,0.0,0.0,0.0,0.0,0.0,0.0,0.0,0.0,0.0,0.0,0.0,0.0,0.0,0.0,0.0,0.0,0.0
zzy-222@66b-mcx-2kz_270_G1K 4C5,0.464817,0.010723,0.22595,0.0,5.9e-05,0.012271,1.5e-05,0.056711,0.057231,0.0,0.002007,0.001243,0.0,0.000388,0.128721,0.0,0.00259,0.0,0.0,0.0,0.0,0.0,0.0,0.0,0.0,0.0,0.0,0.0078,0.0,0.0,0.0,0.0,0.0,0.000276,0.0,0.0,0.0,0.0
zzy-222@66b-mcx-2kz_90_G1K 4C5,0.428877,0.048118,0.003809,0.046455,0.001118,0.023586,0.001162,0.000564,0.083362,0.045303,0.006682,0.004016,0.0,0.001182,0.014541,0.0,0.0,0.0,0.0,0.0,0.0,0.0,0.0,0.0,0.0,0.0,0.0,0.0,0.0,0.0,0.0,0.0,0.0,0.0,0.0,0.0,0.0,0.0
zzy-222@66b-wrr-j7q_0_04947,0.228359,0.0,0.009514,0.0,0.0,0.007324,0.021162,0.000195,0.400093,0.0,0.0,0.009136,0.0,0.0,0.002437,0.0,0.0,0.0,0.0,0.0,0.0,0.000962,0.0,0.0,0.0,0.0,0.0,0.0,0.0,0.0,0.0,0.0,0.0,0.0,0.0,0.0,0.0,0.0
zzy-222@66b-wrr-j7q_180_04947,0.322571,0.051453,0.001206,0.0,0.0,0.438306,0.0,2e-06,0.176672,0.0,0.0,2e-05,0.0,0.0,0.0,0.003555,0.002559,0.0,0.0,0.0,0.0,0.0,0.0,0.0,0.0,0.0,0.0,0.0,0.0,0.0,0.0,0.0,0.0,0.0,0.0,0.0,0.0,0.0
zzy-222@66b-wrr-j7q_270_04947,0.247468,0.0,0.0,0.0,0.0,0.329128,0.042529,0.0,0.280488,0.004199,0.0,0.000754,0.0,6.6e-05,0.0,0.0,0.0,0.0,0.0,0.0,0.0,0.024199,0.0,0.0,0.0,0.0,0.0,0.0,0.0,0.0,0.0,0.0,0.0,0.0,0.0,0.0,0.0,0.0
zzy-222@66b-wrr-j7q_90_04947,0.264158,0.0,0.000454,0.0,0.0,0.416865,0.0,0.0,0.300889,0.0,0.0,0.0,0.0,0.0,0.0,0.0,0.0,0.0,0.0,0.0,0.0,0.0,0.0,0.0,0.0,0.0,0.0,0.0,0.0,0.0,0.0,0.0,0.0,0.0,0.0,0.0,0.0,0.0
zzy-222@66b-x38-575_0_04982,0.165518,0.290627,0.311562,0.0,0.0,0.166777,0.0,0.0,0.0,0.001731,0.001025,0.000198,0.0,0.0,0.0,0.0,0.0,0.006326,0.0,0.0,0.0,0.0,0.0,0.0,0.0,0.0,0.0,0.0,0.0,0.0,0.0,0.000161,0.0,0.0,0.0,0.0,0.0,0.0
zzy-222@66b-x38-575_180_04982,0.323738,0.292188,0.025745,0.0,0.0,0.346477,0.005125,0.0,0.00533,0.000657,0.0,0.000742,0.0,0.0,0.0,0.0,0.0,0.0,0.0,0.0,0.0,0.0,0.0,0.0,0.0,0.0,0.0,0.0,0.0,0.0,0.0,0.0,0.0,0.0,0.0,0.0,0.0,0.0
zzy-222@66b-x38-575_270_04982,0.214954,0.304749,0.142014,0.0,0.0,0.338284,0.0,0.0,0.0,0.0,0.0,0.0,0.0,0.0,0.0,0.0,0.0,0.0,0.0,0.0,0.0,0.0,0.0,0.0,0.0,0.0,0.0,0.0,0.0,0.0,0.0,0.0,0.0,0.0,0.0,0.0,0.0,0.0
zzy-222@66b-x38-575_90_04982,0.411621,0.101062,0.35968,0.003843,0.0,0.09855,0.0,0.000115,0.002227,0.0,0.002207,0.003071,0.0,0.0,0.0,0.0,0.0,0.012915,0.0,0.0,0.0,0.0,0.0,0.0,0.0,0.0,0.0,0.0,0.0,0.0,0.0,0.0,0.0,0.0,0.0,0.0,0.0,0.0
zzy-222@8dg-9sd-vs5_0_34141,0.445637,0.075232,0.263147,0.0,0.0,0.132786,0.0,0.0,0.002932,0.065657,0.001343,0.0,0.0,0.0,0.0,0.0,0.0,0.000376,0.0,0.0,0.0,0.0,0.0,0.0,0.0,0.0,0.0,0.0,0.0,0.0,0.0,0.0,0.0,0.0,0.0,0.0,0.0,0.0
zzy-222@8dg-9sd-vs5_180_34141,0.396013,0.152844,0.205515,0.001829,0.0,0.168906,0.0,0.0,0.0,0.057141,0.017751,0.0,0.0,0.0,0.0,0.0,0.0,0.0,0.0,0.0,0.0,0.0,0.0,0.0,0.0,0.0,0.0,0.0,0.0,0.0,0.0,0.0,0.0,0.0,0.0,0.0,0.0,0.0
zzy-222@8dg-9sd-vs5_270_34141,0.270193,0.493657,0.0,6.1e-05,0.0,0.149236,0.0,0.0,0.000796,0.085728,0.0,0.0,0.0,0.0,0.0,0.0,0.0,0.0,0.0,0.0,0.0,0.0,0.0,0.0,0.0,0.0,0.0,0.0,0.0,0.0,0.0,0.0,0.0,0.0,0.0,0.0,0.0,0.0
zzy-222@8dg-9sd-vs5_90_34141,0.457024,0.056836,0.0,0.034868,0.0,0.401377,0.0,0.003901,0.001497,0.000906,0.0,0.004294,0.0,0.0,0.0,0.0,0.0,0.0,0.0,0.0,0.0,0.0,0.001343,0.0,0.0,0.0,0.0,0.0,0.0,0.0,0.0,0.0,0.0,0.0,0.0,0.0,0.0,0.0
zzy-222@8dg-kq2-n5z_0_33901,0.301755,0.106685,0.326672,0.135242,0.0,0.0,0.0,0.001975,0.006846,1.7e-05,0.001785,0.0,0.0,0.000779,0.00176,0.0,0.0,0.0,0.0,0.0,0.0,0.0,0.0,0.0,0.0,0.0,0.0,0.0,0.0,0.0,0.0,0.0,0.0,0.0,0.0,0.0,0.0,0.0
zzy-222@8dg-kq2-n5z_180_33901,0.304282,0.02293,0.394348,0.004167,0.0,0.0,0.0,0.000781,0.091938,0.006243,0.004102,0.000735,0.0,0.011582,0.049128,0.0,0.0,0.0,0.0,0.0,0.0,0.00123,0.0,0.0,0.0,0.0,0.0,0.0,0.0,0.0,0.0,0.0,0.0,0.0,0.0,0.0,0.0,0.0
zzy-222@8dg-kq2-n5z_270_33901,0.273872,0.141235,0.381328,0.073787,0.0,0.0,0.0,0.000139,0.007356,0.002273,0.024568,0.0,0.0,0.008794,0.000186,0.0,0.0,0.0,0.0,0.0,0.0,0.0,0.0,0.0,0.0,0.0,0.0,0.0,0.0,0.0,0.0,0.0,0.0,0.0,0.0,0.0,0.0,0.0
